{"type":"FeatureCollection", "features": [
{"type":"Feature","geometry":{"type":"Polygon","coordinates":[[[78.85,19.76],[78.844,19.763],[78.813,19.759],[78.79,19.78],[78.769,19.777],[78.744,19.78],[78.722,19.768],[78.707,19.786],[78.624,19.81],[78.609,19.818],[78.59,19.812],[78.531,19.822],[78.517,19.815],[78.509,19.793],[78.499,19.794],[78.481,19.817],[78.433,19.824],[78.402,19.837],[78.391,19.853],[78.389,19.88],[78.37,19.883],[78.341,19.884],[78.328,19.895],[78.339,19.905],[78.333,19.916],[78.315,19.913],[78.302,19.874],[78.299,19.85],[78.344,19.84],[78.344,19.814],[78.365,19.806],[78.372,19.782],[78.365,19.755],[78.35,19.735],[78.35,19.714],[78.327,19.704],[78.321,19.691],[78.29,19.69],[78.274,19.664],[78.292,19.655],[78.304,19.624],[78.316,19.605],[78.316,19.573],[78.301,19.559],[78.284,19.559],[78.3,19.538],[78.304,19.505],[78.315,19.487],[78.314,19.457],[78.302,19.45],[78.278,19.455],[78.257,19.431],[78.229,19.435],[78.192,19.397],[78.184,19.354],[78.202,19.333],[78.198,19.304],[78.188,19.28],[78.191,19.251],[78.188,19.243],[78.154,19.231],[78.131,19.248],[78.104,19.247],[78.087,19.256],[78.062,19.241],[78.052,19.249],[78.05,19.272],[78.031,19.28],[78.016,19.302],[77.99,19.31],[77.981,19.322],[77.953,19.342],[77.93,19.333],[77.916,19.319],[77.897,19.322],[77.892,19.313],[77.865,19.303],[77.866,19.285],[77.905,19.278],[77.904,19.257],[77.889,19.261],[77.871,19.256],[77.872,19.247],[77.848,19.189],[77.857,19.178],[77.853,19.156],[77.838,19.134],[77.849,19.115],[77.846,19.088],[77.832,19.086],[77.819,19.105],[77.804,19.1],[77.805,19.085],[77.797,19.072],[77.801,19.052],[77.775,19.057],[77.765,19.063],[77.761,19.03],[77.768,19.021],[77.771,18.983],[77.791,18.985],[77.821,18.984],[77.817,18.951],[77.858,18.954],[77.844,18.913],[77.861,18.907],[77.886,18.91],[77.892,18.886],[77.903,18.885],[77.903,18.869],[77.929,18.861],[77.934,18.848],[77.948,18.844],[77.964,18.87],[77.973,18.877],[78,18.883],[78.022,18.877],[78.034,18.881],[78.052,18.921],[78.073,18.937],[78.086,18.94],[78.134,18.96],[78.162,18.982],[78.207,19],[78.238,19.004],[78.265,18.992],[78.278,18.97],[78.282,18.945],[78.304,18.946],[78.331,18.959],[78.37,18.987],[78.393,18.992],[78.405,18.99],[78.443,18.96],[78.466,18.959],[78.499,18.966],[78.534,18.944],[78.563,18.974],[78.591,18.988],[78.623,18.978],[78.636,18.981],[78.662,19.014],[78.687,19.027],[78.706,19.026],[78.742,19.011],[78.759,19.014],[78.826,19.056],[78.851,19.053],[78.877,19.038],[78.902,19.031],[78.911,19.033],[78.934,19.059],[78.956,19.071],[78.976,19.073],[79.02,19.062],[79.045,19.051],[79.07,19.034],[79.078,19.024],[79.092,18.992],[79.107,18.977],[79.112,18.954],[79.133,18.932],[79.155,18.917],[79.191,18.876],[79.245,18.873],[79.267,18.854],[79.281,18.837],[79.294,18.829],[79.32,18.823],[79.355,18.83],[79.372,18.841],[79.389,18.871],[79.413,18.87],[79.45,18.853],[79.463,18.839],[79.495,18.818],[79.519,18.793],[79.536,18.796],[79.57,18.782],[79.601,18.762],[79.626,18.743],[79.636,18.743],[79.656,18.731],[79.668,18.707],[79.683,18.688],[79.701,18.686],[79.715,18.694],[79.75,18.692],[79.778,18.703],[79.81,18.726],[79.814,18.743],[79.836,18.78],[79.851,18.79],[79.851,18.81],[79.833,18.831],[79.831,18.841],[79.836,18.869],[79.848,18.882],[79.862,18.872],[79.87,18.836],[79.901,18.835],[79.932,18.841],[79.946,18.863],[79.948,18.881],[79.948,18.941],[79.938,18.978],[79.941,19.025],[79.933,19.046],[79.923,19.051],[79.898,19.049],[79.878,19.039],[79.864,19.046],[79.868,19.063],[79.865,19.107],[79.878,19.126],[79.913,19.145],[79.933,19.164],[79.948,19.168],[79.949,19.179],[79.929,19.207],[79.927,19.23],[79.939,19.262],[79.952,19.287],[79.969,19.301],[79.97,19.31],[79.964,19.338],[79.971,19.354],[79.98,19.404],[79.966,19.429],[79.952,19.444],[79.952,19.462],[79.918,19.495],[79.885,19.503],[79.835,19.54],[79.823,19.571],[79.8,19.583],[79.792,19.596],[79.784,19.6],[79.747,19.605],[79.719,19.586],[79.684,19.579],[79.646,19.577],[79.628,19.567],[79.614,19.542],[79.607,19.51],[79.598,19.504],[79.572,19.513],[79.554,19.528],[79.549,19.551],[79.521,19.544],[79.52,19.52],[79.5,19.507],[79.477,19.5],[79.464,19.521],[79.447,19.536],[79.42,19.536],[79.377,19.564],[79.375,19.573],[79.347,19.576],[79.32,19.567],[79.311,19.592],[79.261,19.613],[79.243,19.611],[79.244,19.601],[79.256,19.579],[79.246,19.561],[79.243,19.529],[79.222,19.512],[79.214,19.501],[79.215,19.487],[79.227,19.478],[79.225,19.466],[79.195,19.461],[79.175,19.47],[79.163,19.487],[79.146,19.503],[79.111,19.514],[79.109,19.53],[79.069,19.533],[79.057,19.547],[79.024,19.542],[78.998,19.564],[78.984,19.552],[78.96,19.553],[78.96,19.564],[78.983,19.581],[78.984,19.592],[78.971,19.606],[78.968,19.619],[78.975,19.651],[78.967,19.66],[78.949,19.666],[78.921,19.669],[78.896,19.657],[78.864,19.658],[78.869,19.698],[78.862,19.732],[78.85,19.76]]]},"properties":{"DISTRICT":"Adilabad","ST_NM":"Andhra Pradesh"}},
{"type":"Feature","geometry":{"type":"Polygon","coordinates":[[[78.144,14.945],[78.141,14.956],[78.126,14.966],[78.104,14.969],[78.091,14.981],[78.046,15],[78.02,15.025],[78.017,15.05],[78,15.045],[77.994,15.069],[78.015,15.077],[78.025,15.095],[78.025,15.114],[77.998,15.135],[77.977,15.137],[77.965,15.103],[77.935,15.111],[77.909,15.123],[77.915,15.141],[77.926,15.149],[77.921,15.17],[77.904,15.176],[77.888,15.175],[77.876,15.134],[77.842,15.13],[77.841,15.142],[77.819,15.14],[77.814,15.125],[77.794,15.104],[77.773,15.112],[77.775,15.122],[77.751,15.128],[77.748,15.143],[77.733,15.149],[77.732,15.169],[77.721,15.171],[77.713,15.184],[77.696,15.182],[77.7,15.2],[77.679,15.219],[77.676,15.23],[77.662,15.232],[77.641,15.221],[77.636,15.206],[77.617,15.204],[77.612,15.182],[77.582,15.188],[77.573,15.198],[77.543,15.209],[77.527,15.223],[77.505,15.22],[77.484,15.208],[77.453,15.22],[77.453,15.205],[77.436,15.208],[77.432,15.22],[77.409,15.223],[77.386,15.216],[77.366,15.221],[77.354,15.193],[77.352,15.176],[77.321,15.175],[77.311,15.153],[77.302,15.153],[77.294,15.13],[77.272,15.13],[77.265,15.141],[77.229,15.145],[77.197,15.158],[77.182,15.142],[77.161,15.145],[77.158,15.137],[77.153,15.113],[77.132,15.099],[77.13,15.074],[77.114,15.034],[77.087,15.028],[77.084,15.005],[77.046,15.011],[77.052,15.035],[77.005,15.035],[76.971,15.018],[76.955,15.03],[76.918,15.036],[76.881,15.034],[76.865,15.062],[76.841,15.078],[76.825,15.08],[76.801,15.096],[76.776,15.07],[76.775,15.059],[76.788,15.022],[76.761,14.988],[76.768,14.975],[76.801,14.968],[76.819,14.969],[76.832,14.956],[76.845,14.966],[76.869,14.969],[76.87,14.943],[76.865,14.896],[76.85,14.896],[76.856,14.868],[76.854,14.844],[76.844,14.835],[76.851,14.808],[76.841,14.809],[76.838,14.79],[76.784,14.785],[76.792,14.757],[76.802,14.74],[76.785,14.696],[76.775,14.679],[76.765,14.602],[76.783,14.585],[76.791,14.559],[76.804,14.533],[76.849,14.515],[76.859,14.505],[76.869,14.48],[76.885,14.476],[76.911,14.49],[76.978,14.484],[76.979,14.476],[76.964,14.451],[76.949,14.451],[76.95,14.415],[76.947,14.405],[76.918,14.419],[76.902,14.4],[76.888,14.396],[76.884,14.357],[76.904,14.325],[76.948,14.311],[76.954,14.293],[76.93,14.278],[76.943,14.246],[76.957,14.24],[76.988,14.244],[77.01,14.238],[77.039,14.247],[77.055,14.246],[77.081,14.216],[77.101,14.216],[77.116,14.228],[77.121,14.263],[77.113,14.268],[77.118,14.294],[77.132,14.308],[77.138,14.337],[77.158,14.344],[77.185,14.333],[77.202,14.321],[77.251,14.321],[77.264,14.332],[77.287,14.338],[77.289,14.309],[77.286,14.283],[77.302,14.283],[77.366,14.276],[77.362,14.237],[77.383,14.224],[77.39,14.199],[77.398,14.198],[77.422,14.21],[77.408,14.267],[77.396,14.268],[77.381,14.302],[77.385,14.324],[77.401,14.336],[77.432,14.328],[77.434,14.312],[77.449,14.317],[77.45,14.284],[77.461,14.279],[77.486,14.291],[77.503,14.279],[77.506,14.268],[77.497,14.235],[77.507,14.212],[77.511,14.188],[77.517,14.179],[77.507,14.158],[77.47,14.171],[77.43,14.172],[77.416,14.177],[77.396,14.172],[77.383,14.137],[77.354,14.131],[77.359,14.112],[77.396,14.126],[77.402,14.11],[77.386,14.097],[77.379,14.079],[77.357,14.06],[77.345,14.061],[77.333,14.03],[77.369,14.023],[77.39,14.014],[77.38,13.989],[77.393,13.981],[77.428,13.984],[77.438,13.976],[77.436,13.951],[77.415,13.943],[77.417,13.922],[77.435,13.916],[77.426,13.902],[77.404,13.888],[77.397,13.905],[77.355,13.904],[77.35,13.919],[77.37,13.949],[77.351,13.958],[77.361,13.989],[77.34,13.995],[77.32,14.032],[77.31,14.034],[77.285,14.014],[77.278,14.035],[77.262,14.028],[77.249,14.013],[77.225,14.015],[77.201,14.01],[77.178,14.015],[77.161,13.997],[77.141,14.005],[77.127,14.049],[77.097,14.045],[77.075,14.046],[77.075,14.054],[77.029,14.06],[77.026,14.068],[77.03,14.09],[77.016,14.098],[77.022,14.112],[77.019,14.134],[77.025,14.179],[76.992,14.179],[76.964,14.182],[76.947,14.195],[76.942,14.172],[76.922,14.164],[76.897,14.165],[76.889,14.137],[76.918,14.128],[76.928,14.135],[76.948,14.118],[76.952,14.092],[76.974,14.086],[76.981,14.072],[76.977,14.059],[76.943,14.054],[76.937,14.029],[76.946,14.027],[76.954,14.013],[76.981,14.003],[77,13.988],[76.995,13.963],[77.014,13.954],[77.025,13.941],[77.042,13.932],[77.047,13.904],[77.023,13.9],[77.012,13.857],[76.975,13.817],[76.99,13.811],[76.987,13.792],[76.999,13.749],[77.018,13.739],[77.026,13.777],[77.041,13.776],[77.066,13.746],[77.087,13.744],[77.087,13.76],[77.102,13.768],[77.13,13.758],[77.144,13.763],[77.173,13.762],[77.178,13.779],[77.165,13.794],[77.161,13.807],[77.168,13.822],[77.152,13.842],[77.132,13.85],[77.146,13.866],[77.169,13.864],[77.171,13.873],[77.162,13.907],[77.166,13.915],[77.183,13.924],[77.189,13.908],[77.182,13.868],[77.199,13.863],[77.215,13.885],[77.224,13.876],[77.232,13.902],[77.247,13.901],[77.25,13.867],[77.26,13.863],[77.257,13.847],[77.292,13.853],[77.314,13.864],[77.327,13.833],[77.334,13.832],[77.359,13.852],[77.38,13.845],[77.38,13.839],[77.411,13.839],[77.432,13.834],[77.416,13.807],[77.436,13.795],[77.448,13.81],[77.463,13.807],[77.458,13.793],[77.47,13.751],[77.464,13.72],[77.452,13.703],[77.457,13.683],[77.484,13.685],[77.493,13.694],[77.487,13.711],[77.51,13.712],[77.516,13.696],[77.529,13.696],[77.536,13.715],[77.534,13.733],[77.527,13.751],[77.547,13.751],[77.556,13.728],[77.574,13.737],[77.589,13.738],[77.603,13.751],[77.612,13.75],[77.624,13.736],[77.642,13.749],[77.621,13.755],[77.622,13.768],[77.657,13.784],[77.678,13.785],[77.677,13.76],[77.704,13.769],[77.71,13.739],[77.719,13.746],[77.722,13.769],[77.721,13.798],[77.737,13.81],[77.777,13.817],[77.788,13.828],[77.782,13.84],[77.795,13.848],[77.811,13.849],[77.819,13.86],[77.836,13.869],[77.829,13.897],[77.819,13.903],[77.814,13.926],[77.822,13.939],[77.838,13.935],[77.871,13.935],[77.895,13.939],[77.898,13.919],[77.92,13.905],[77.938,13.917],[77.947,13.933],[77.959,13.936],[77.97,13.958],[77.987,13.956],[77.982,13.932],[77.987,13.902],[77.958,13.893],[77.95,13.879],[77.957,13.833],[77.974,13.829],[77.994,13.87],[78.013,13.87],[78.024,13.863],[78.047,13.861],[78.052,13.872],[78.05,13.895],[78.08,13.88],[78.084,13.863],[78.115,13.862],[78.126,13.83],[78.117,13.812],[78.127,13.786],[78.145,13.782],[78.189,13.787],[78.23,13.78],[78.262,13.797],[78.256,13.807],[78.254,13.833],[78.246,13.851],[78.265,13.859],[78.277,13.892],[78.294,13.891],[78.313,13.915],[78.333,13.92],[78.339,13.936],[78.349,13.935],[78.372,13.955],[78.376,13.942],[78.388,13.941],[78.417,13.963],[78.428,13.978],[78.457,13.986],[78.466,13.994],[78.471,14.011],[78.443,14.023],[78.446,14.049],[78.453,14.068],[78.447,14.081],[78.462,14.096],[78.465,14.113],[78.453,14.136],[78.433,14.148],[78.425,14.166],[78.434,14.198],[78.41,14.208],[78.414,14.236],[78.426,14.279],[78.365,14.287],[78.332,14.289],[78.297,14.298],[78.287,14.305],[78.246,14.315],[78.217,14.343],[78.151,14.374],[78.051,14.456],[78.038,14.464],[78.023,14.48],[77.997,14.501],[77.977,14.525],[77.98,14.536],[77.963,14.556],[77.947,14.567],[77.964,14.579],[77.985,14.56],[77.987,14.541],[78.023,14.541],[78.047,14.539],[78.055,14.564],[78.079,14.579],[78.098,14.625],[78.111,14.63],[78.128,14.625],[78.138,14.646],[78.137,14.662],[78.144,14.684],[78.131,14.698],[78.117,14.694],[78.107,14.703],[78.104,14.716],[78.074,14.721],[78.084,14.741],[78.076,14.758],[78.056,14.777],[78.087,14.826],[78.105,14.82],[78.111,14.826],[78.117,14.856],[78.1,14.86],[78.1,14.873],[78.119,14.927],[78.137,14.936],[78.144,14.945]]]},"properties":{"DISTRICT":"Anantapur","ST_NM":"Andhra Pradesh"}},
{"type":"Feature","geometry":{"type":"Polygon","coordinates":[[[85.395,21.185],[85.383,21.199],[85.383,21.216],[85.369,21.241],[85.343,21.257],[85.313,21.264],[85.3,21.276],[85.287,21.265],[85.274,21.275],[85.278,21.293],[85.309,21.318],[85.316,21.329],[85.329,21.324],[85.337,21.351],[85.344,21.359],[85.331,21.383],[85.307,21.395],[85.305,21.414],[85.275,21.427],[85.269,21.455],[85.3,21.446],[85.325,21.467],[85.334,21.482],[85.329,21.51],[85.317,21.536],[85.302,21.539],[85.305,21.567],[85.294,21.577],[85.279,21.608],[85.268,21.624],[85.267,21.64],[85.251,21.676],[85.211,21.675],[85.204,21.661],[85.194,21.663],[85.184,21.654],[85.195,21.643],[85.192,21.624],[85.177,21.62],[85.155,21.605],[85.151,21.594],[85.191,21.587],[85.216,21.554],[85.206,21.52],[85.185,21.502],[85.176,21.483],[85.157,21.46],[85.141,21.462],[85.126,21.454],[85.078,21.457],[85.06,21.442],[85.023,21.456],[85.021,21.443],[85.004,21.44],[84.996,21.415],[85.008,21.383],[85.012,21.326],[85.019,21.31],[85.008,21.29],[84.983,21.29],[84.963,21.299],[84.922,21.278],[84.905,21.264],[84.904,21.253],[84.931,21.232],[84.944,21.197],[84.969,21.191],[84.966,21.168],[84.974,21.161],[84.963,21.149],[84.952,21.16],[84.95,21.176],[84.934,21.181],[84.935,21.152],[84.923,21.142],[84.886,21.157],[84.881,21.165],[84.823,21.173],[84.807,21.167],[84.819,21.145],[84.801,21.134],[84.764,21.15],[84.745,21.171],[84.734,21.165],[84.726,21.149],[84.702,21.155],[84.686,21.149],[84.672,21.107],[84.671,21.086],[84.684,21.072],[84.679,21.064],[84.652,21.084],[84.631,21.083],[84.6,21.067],[84.572,21.066],[84.556,21.071],[84.535,21.089],[84.507,21.088],[84.485,21.083],[84.458,21.056],[84.442,21.035],[84.43,21.041],[84.411,21.031],[84.435,21.02],[84.43,21.009],[84.416,21.002],[84.407,20.979],[84.365,20.959],[84.332,20.952],[84.283,20.927],[84.271,20.914],[84.268,20.889],[84.319,20.863],[84.352,20.842],[84.361,20.827],[84.357,20.782],[84.372,20.763],[84.426,20.742],[84.457,20.743],[84.512,20.716],[84.536,20.698],[84.572,20.687],[84.589,20.675],[84.606,20.65],[84.638,20.625],[84.712,20.612],[84.734,20.618],[84.778,20.602],[84.794,20.581],[84.825,20.56],[84.852,20.528],[84.861,20.531],[84.882,20.558],[84.896,20.569],[84.898,20.58],[84.951,20.581],[84.967,20.574],[84.99,20.571],[85,20.581],[85.027,20.587],[85.058,20.576],[85.077,20.581],[85.093,20.611],[85.12,20.609],[85.13,20.615],[85.137,20.639],[85.128,20.652],[85.115,20.682],[85.135,20.711],[85.141,20.729],[85.154,20.723],[85.162,20.708],[85.176,20.7],[85.165,20.675],[85.173,20.661],[85.197,20.678],[85.199,20.708],[85.207,20.736],[85.216,20.749],[85.199,20.783],[85.205,20.789],[85.237,20.792],[85.256,20.799],[85.255,20.835],[85.259,20.843],[85.258,20.879],[85.268,20.891],[85.246,20.9],[85.248,20.93],[85.245,20.96],[85.264,20.98],[85.257,20.993],[85.23,21.017],[85.201,21.035],[85.173,21.044],[85.168,21.053],[85.18,21.076],[85.196,21.081],[85.233,21.071],[85.242,21.101],[85.251,21.114],[85.244,21.124],[85.261,21.142],[85.269,21.17],[85.301,21.176],[85.321,21.16],[85.336,21.176],[85.352,21.168],[85.384,21.17],[85.395,21.185]]]},"properties":{"DISTRICT":"Anugul","ST_NM":"Odisha"}},
{"type":"Feature","geometry":{"type":"Polygon","coordinates":[[[79.435,11.34],[79.438,11.357],[79.415,11.362],[79.395,11.355],[79.392,11.399],[79.387,11.409],[79.37,11.419],[79.347,11.416],[79.314,11.418],[79.295,11.412],[79.293,11.398],[79.299,11.381],[79.279,11.38],[79.259,11.388],[79.258,11.388],[79.254,11.376],[79.241,11.372],[79.238,11.39],[79.23,11.392],[79.181,11.374],[79.17,11.377],[79.152,11.361],[79.159,11.351],[79.157,11.338],[79.132,11.333],[79.127,11.31],[79.145,11.309],[79.142,11.293],[79.118,11.294],[79.111,11.272],[79.122,11.267],[79.124,11.248],[79.111,11.244],[79.101,11.23],[79.091,11.202],[79.068,11.204],[79.067,11.188],[79.075,11.165],[79.063,11.14],[79.07,11.106],[79.056,11.086],[79.033,11.083],[79.026,11.07],[79.009,11.057],[79.012,11.015],[79.01,11.007],[78.984,10.99],[78.986,10.976],[78.978,10.966],[78.953,10.969],[78.939,10.958],[78.953,10.949],[78.966,10.948],[78.98,10.933],[79,10.92],[79.007,10.889],[79.035,10.883],[79.057,10.888],[79.07,10.911],[79.084,10.923],[79.108,10.922],[79.145,10.938],[79.18,10.938],[79.205,10.946],[79.222,10.943],[79.239,10.96],[79.275,10.988],[79.295,11.014],[79.313,11.015],[79.363,11.049],[79.395,11.062],[79.413,11.08],[79.432,11.117],[79.461,11.154],[79.467,11.169],[79.483,11.173],[79.505,11.203],[79.514,11.226],[79.496,11.248],[79.498,11.257],[79.504,11.257],[79.499,11.304],[79.489,11.316],[79.477,11.313],[79.461,11.326],[79.439,11.333],[79.437,11.34],[79.435,11.34]]]},"properties":{"DISTRICT":"Ariyalur","ST_NM":"Tamil Nadu"}},
{"type":"Feature","geometry":{"type":"Polygon","coordinates":[[[83.459,21.055],[83.443,21.047],[83.428,21.032],[83.408,21.047],[83.408,21.06],[83.395,21.069],[83.381,21.063],[83.359,21.07],[83.345,21.058],[83.325,21.055],[83.32,21.039],[83.297,21.015],[83.335,20.984],[83.365,21.006],[83.386,20.993],[83.392,20.971],[83.383,20.943],[83.416,20.91],[83.413,20.896],[83.351,20.876],[83.331,20.883],[83.323,20.866],[83.304,20.853],[83.275,20.868],[83.274,20.88],[83.255,20.899],[83.254,20.919],[83.233,20.931],[83.221,20.928],[83.194,20.898],[83.166,20.886],[83.148,20.883],[83.133,20.864],[83.122,20.864],[83.105,20.876],[83.091,20.861],[83.025,20.857],[83.014,20.861],[82.993,20.849],[82.969,20.897],[82.955,20.897],[82.945,20.888],[82.93,20.888],[82.915,20.906],[82.891,20.91],[82.86,20.878],[82.835,20.864],[82.818,20.845],[82.804,20.838],[82.776,20.807],[82.765,20.781],[82.749,20.773],[82.738,20.725],[82.712,20.731],[82.703,20.726],[82.696,20.701],[82.696,20.681],[82.72,20.676],[82.733,20.651],[82.733,20.631],[82.743,20.623],[82.73,20.581],[82.716,20.57],[82.711,20.541],[82.707,20.5],[82.698,20.476],[82.692,20.473],[82.687,20.45],[82.702,20.437],[82.699,20.423],[82.732,20.384],[82.717,20.367],[82.72,20.357],[82.745,20.362],[82.765,20.354],[82.78,20.359],[82.806,20.384],[82.817,20.383],[82.815,20.364],[82.793,20.347],[82.792,20.326],[82.805,20.321],[82.815,20.328],[82.809,20.342],[82.814,20.354],[82.842,20.337],[82.855,20.337],[82.853,20.297],[82.838,20.306],[82.837,20.32],[82.823,20.322],[82.822,20.307],[82.814,20.295],[82.833,20.281],[82.851,20.287],[82.862,20.27],[82.855,20.239],[82.863,20.235],[82.849,20.196],[82.832,20.187],[82.818,20.188],[82.813,20.173],[82.825,20.166],[82.884,20.159],[82.911,20.148],[82.914,20.167],[82.932,20.179],[82.946,20.173],[82.969,20.179],[82.984,20.174],[83.013,20.17],[83.051,20.187],[83.059,20.185],[83.091,20.199],[83.102,20.191],[83.128,20.194],[83.146,20.17],[83.184,20.173],[83.204,20.194],[83.226,20.205],[83.24,20.23],[83.236,20.246],[83.243,20.26],[83.27,20.27],[83.285,20.281],[83.3,20.303],[83.325,20.308],[83.344,20.317],[83.36,20.315],[83.366,20.337],[83.386,20.345],[83.412,20.373],[83.424,20.403],[83.45,20.419],[83.488,20.454],[83.497,20.434],[83.491,20.416],[83.519,20.413],[83.523,20.406],[83.55,20.402],[83.571,20.388],[83.575,20.368],[83.625,20.351],[83.63,20.369],[83.656,20.37],[83.649,20.386],[83.65,20.388],[83.653,20.389],[83.654,20.39],[83.66,20.404],[83.658,20.413],[83.663,20.418],[83.666,20.42],[83.666,20.423],[83.659,20.426],[83.658,20.432],[83.622,20.449],[83.62,20.459],[83.585,20.486],[83.572,20.484],[83.588,20.526],[83.606,20.53],[83.596,20.55],[83.603,20.573],[83.596,20.604],[83.622,20.631],[83.63,20.658],[83.64,20.68],[83.653,20.689],[83.669,20.712],[83.678,20.742],[83.659,20.746],[83.652,20.756],[83.659,20.77],[83.638,20.772],[83.636,20.797],[83.618,20.804],[83.599,20.801],[83.597,20.822],[83.624,20.816],[83.62,20.832],[83.576,20.847],[83.58,20.873],[83.621,20.904],[83.616,20.918],[83.62,20.947],[83.638,20.969],[83.642,20.98],[83.626,20.985],[83.575,20.975],[83.536,20.985],[83.509,20.983],[83.489,20.997],[83.471,20.998],[83.451,21.019],[83.459,21.055]]]},"properties":{"DISTRICT":"Balangir","ST_NM":"Odisha"}},
{"type":"Feature","geometry":{"type":"Polygon","coordinates":[[[87.444,21.769],[87.4,21.767],[87.395,21.775],[87.378,21.771],[87.356,21.791],[87.322,21.791],[87.285,21.804],[87.26,21.849],[87.249,21.861],[87.252,21.876],[87.239,21.9],[87.257,21.926],[87.24,21.938],[87.239,21.959],[87.214,21.962],[87.2,21.958],[87.18,21.971],[87.165,21.967],[87.165,21.939],[87.146,21.924],[87.121,21.925],[87.098,21.913],[87.094,21.897],[87.101,21.891],[87.099,21.865],[87.121,21.853],[87.13,21.837],[87.179,21.812],[87.169,21.806],[87.171,21.793],[87.16,21.768],[87.146,21.763],[87.132,21.769],[87.113,21.786],[87.104,21.773],[87.122,21.753],[87.102,21.751],[87.072,21.706],[87.055,21.707],[87.045,21.717],[87.048,21.739],[87.027,21.741],[87.032,21.72],[87.039,21.718],[87.039,21.696],[87.054,21.683],[87.032,21.662],[87.024,21.671],[87,21.675],[86.99,21.667],[86.991,21.651],[87.012,21.648],[87.012,21.632],[87,21.621],[87,21.594],[86.964,21.582],[86.952,21.573],[86.928,21.587],[86.919,21.58],[86.902,21.609],[86.891,21.622],[86.881,21.608],[86.866,21.597],[86.849,21.605],[86.842,21.6],[86.813,21.607],[86.793,21.598],[86.755,21.605],[86.717,21.596],[86.706,21.584],[86.688,21.594],[86.652,21.565],[86.641,21.534],[86.621,21.523],[86.599,21.517],[86.585,21.521],[86.57,21.494],[86.558,21.465],[86.535,21.428],[86.499,21.389],[86.484,21.376],[86.464,21.369],[86.44,21.352],[86.428,21.332],[86.397,21.32],[86.384,21.309],[86.362,21.3],[86.358,21.287],[86.366,21.265],[86.373,21.261],[86.371,21.239],[86.38,21.227],[86.409,21.22],[86.438,21.221],[86.449,21.201],[86.436,21.16],[86.452,21.154],[86.464,21.159],[86.512,21.137],[86.54,21.16],[86.563,21.154],[86.562,21.148],[86.585,21.117],[86.595,21.096],[86.609,21.099],[86.632,21.09],[86.628,21.075],[86.637,21.063],[86.651,21.067],[86.646,21.082],[86.664,21.083],[86.668,21.096],[86.656,21.103],[86.657,21.128],[86.669,21.14],[86.666,21.152],[86.677,21.168],[86.694,21.167],[86.71,21.183],[86.73,21.176],[86.747,21.18],[86.764,21.171],[86.76,21.199],[86.773,21.224],[86.786,21.222],[86.805,21.231],[86.818,21.226],[86.834,21.207],[86.861,21.209],[86.877,21.238],[86.893,21.255],[86.923,21.307],[86.947,21.352],[86.967,21.373],[86.987,21.389],[87.041,21.419],[87.065,21.441],[87.069,21.461],[87.088,21.459],[87.113,21.484],[87.15,21.508],[87.205,21.53],[87.238,21.537],[87.32,21.541],[87.361,21.541],[87.388,21.532],[87.395,21.542],[87.359,21.568],[87.384,21.573],[87.403,21.548],[87.417,21.549],[87.427,21.572],[87.448,21.587],[87.474,21.6],[87.49,21.603],[87.486,21.631],[87.472,21.651],[87.463,21.65],[87.473,21.682],[87.475,21.712],[87.458,21.734],[87.447,21.734],[87.448,21.766],[87.444,21.769]]]},"properties":{"DISTRICT":"Baleshwar","ST_NM":"Odisha"}},
{"type":"Feature","geometry":{"type":"Polygon","coordinates":[[[87.714,23.011],[87.723,23.028],[87.744,23.031],[87.746,23.056],[87.764,23.08],[87.749,23.108],[87.732,23.128],[87.728,23.115],[87.689,23.131],[87.679,23.157],[87.667,23.161],[87.658,23.188],[87.65,23.198],[87.656,23.238],[87.637,23.239],[87.603,23.258],[87.594,23.271],[87.57,23.291],[87.561,23.309],[87.543,23.319],[87.529,23.332],[87.501,23.348],[87.447,23.405],[87.411,23.428],[87.389,23.434],[87.335,23.47],[87.316,23.476],[87.28,23.498],[87.255,23.516],[87.242,23.532],[87.214,23.556],[87.194,23.564],[87.162,23.565],[87.152,23.571],[87.125,23.576],[87.063,23.614],[87.033,23.622],[87.018,23.634],[86.969,23.628],[86.955,23.634],[86.917,23.629],[86.899,23.64],[86.888,23.626],[86.882,23.576],[86.871,23.575],[86.878,23.556],[86.875,23.542],[86.887,23.536],[86.886,23.517],[86.897,23.493],[86.875,23.497],[86.864,23.488],[86.861,23.466],[86.82,23.467],[86.82,23.437],[86.849,23.442],[86.859,23.435],[86.844,23.42],[86.847,23.401],[86.842,23.382],[86.829,23.385],[86.829,23.366],[86.806,23.361],[86.803,23.344],[86.784,23.342],[86.778,23.31],[86.784,23.299],[86.773,23.291],[86.779,23.279],[86.775,23.231],[86.785,23.208],[86.776,23.202],[86.754,23.198],[86.748,23.166],[86.735,23.168],[86.725,23.151],[86.725,23.136],[86.716,23.121],[86.724,23.104],[86.745,23.094],[86.741,23.075],[86.728,23.051],[86.735,23.042],[86.733,23.026],[86.711,22.957],[86.703,22.951],[86.692,22.93],[86.708,22.901],[86.705,22.872],[86.68,22.862],[86.662,22.849],[86.657,22.838],[86.636,22.826],[86.62,22.826],[86.612,22.799],[86.642,22.796],[86.66,22.788],[86.672,22.77],[86.696,22.767],[86.718,22.745],[86.726,22.746],[86.774,22.726],[86.789,22.711],[86.806,22.708],[86.818,22.696],[86.847,22.685],[86.865,22.665],[86.893,22.652],[86.927,22.627],[86.957,22.638],[86.949,22.652],[86.951,22.67],[86.976,22.673],[86.988,22.67],[87.005,22.65],[87.016,22.651],[87.021,22.668],[87.016,22.694],[87.031,22.704],[87.038,22.719],[87.052,22.727],[87.088,22.738],[87.077,22.783],[87.054,22.824],[87.063,22.849],[87.087,22.844],[87.133,22.845],[87.168,22.881],[87.173,22.893],[87.188,22.89],[87.216,22.897],[87.222,22.907],[87.246,22.897],[87.286,22.911],[87.293,22.924],[87.315,22.931],[87.321,22.943],[87.36,22.952],[87.374,22.943],[87.389,22.943],[87.401,22.934],[87.42,22.932],[87.426,22.924],[87.45,22.922],[87.464,22.912],[87.48,22.913],[87.506,22.927],[87.525,22.93],[87.568,22.919],[87.618,22.891],[87.631,22.919],[87.647,22.922],[87.655,22.942],[87.655,22.966],[87.648,22.968],[87.646,22.988],[87.664,22.987],[87.696,22.995],[87.7,23.019],[87.714,23.011]]]},"properties":{"DISTRICT":"Bankura","ST_NM":"West Bengal"}},
{"type":"Feature","geometry":{"type":"Polygon","coordinates":[[[83.8,21.566],[83.793,21.574],[83.727,21.631],[83.711,21.667],[83.705,21.689],[83.695,21.702],[83.656,21.72],[83.599,21.735],[83.56,21.743],[83.545,21.726],[83.538,21.692],[83.527,21.673],[83.49,21.643],[83.492,21.629],[83.477,21.63],[83.47,21.609],[83.456,21.611],[83.448,21.621],[83.448,21.652],[83.421,21.639],[83.388,21.616],[83.375,21.6],[83.37,21.576],[83.373,21.553],[83.361,21.538],[83.353,21.511],[83.342,21.499],[83.349,21.488],[83.351,21.468],[83.357,21.447],[83.377,21.439],[83.389,21.413],[83.401,21.403],[83.401,21.365],[83.41,21.352],[83.395,21.342],[83.382,21.343],[83.317,21.368],[83.277,21.378],[83.273,21.349],[83.262,21.335],[83.266,21.305],[83.28,21.3],[83.275,21.272],[83.25,21.28],[83.232,21.27],[83.221,21.254],[83.226,21.227],[83.215,21.205],[83.218,21.195],[83.207,21.178],[83.2,21.143],[83.184,21.134],[83.169,21.135],[83.141,21.109],[83.127,21.105],[83.116,21.111],[83.102,21.108],[83.079,21.112],[83.067,21.119],[83.048,21.122],[83.018,21.149],[82.987,21.161],[82.972,21.159],[82.963,21.179],[82.95,21.166],[82.929,21.161],[82.91,21.166],[82.887,21.152],[82.854,21.161],[82.847,21.167],[82.82,21.162],[82.789,21.144],[82.765,21.162],[82.728,21.162],[82.708,21.156],[82.692,21.161],[82.669,21.154],[82.643,21.152],[82.641,21.139],[82.655,21.128],[82.647,21.12],[82.652,21.105],[82.639,21.09],[82.661,21.076],[82.674,21.06],[82.683,21.036],[82.694,21.022],[82.69,20.972],[82.701,20.94],[82.697,20.902],[82.686,20.884],[82.69,20.832],[82.687,20.82],[82.692,20.773],[82.698,20.752],[82.691,20.729],[82.703,20.726],[82.712,20.731],[82.738,20.725],[82.749,20.773],[82.765,20.781],[82.776,20.807],[82.804,20.838],[82.818,20.845],[82.835,20.864],[82.86,20.878],[82.891,20.91],[82.915,20.906],[82.93,20.888],[82.945,20.888],[82.955,20.897],[82.969,20.897],[82.993,20.849],[83.014,20.861],[83.025,20.857],[83.091,20.861],[83.105,20.876],[83.122,20.864],[83.133,20.864],[83.148,20.883],[83.166,20.886],[83.194,20.898],[83.221,20.928],[83.233,20.931],[83.254,20.919],[83.255,20.899],[83.274,20.88],[83.275,20.868],[83.304,20.853],[83.323,20.866],[83.331,20.883],[83.351,20.876],[83.413,20.896],[83.416,20.91],[83.383,20.943],[83.392,20.971],[83.386,20.993],[83.365,21.006],[83.335,20.984],[83.297,21.015],[83.32,21.039],[83.325,21.055],[83.345,21.058],[83.359,21.07],[83.381,21.063],[83.395,21.069],[83.408,21.06],[83.408,21.047],[83.428,21.032],[83.443,21.047],[83.459,21.055],[83.466,21.06],[83.493,21.042],[83.498,21.062],[83.515,21.06],[83.552,21.077],[83.6,21.111],[83.614,21.129],[83.655,21.13],[83.681,21.125],[83.688,21.117],[83.718,21.121],[83.749,21.141],[83.764,21.144],[83.77,21.155],[83.782,21.155],[83.787,21.135],[83.8,21.116],[83.827,21.101],[83.845,21.097],[83.852,21.106],[83.874,21.158],[83.888,21.177],[83.896,21.178],[83.911,21.223],[83.913,21.246],[83.892,21.281],[83.892,21.297],[83.878,21.294],[83.872,21.311],[83.878,21.323],[83.883,21.35],[83.881,21.39],[83.852,21.405],[83.85,21.416],[83.884,21.428],[83.887,21.439],[83.877,21.454],[83.873,21.476],[83.847,21.527],[83.815,21.54],[83.8,21.566]]]},"properties":{"DISTRICT":"Bargarh","ST_NM":"Odisha"}},
{"type":"Feature","geometry":{"type":"Polygon","coordinates":[[[88.198,23.765],[88.167,23.753],[88.156,23.731],[88.145,23.73],[88.127,23.749],[88.094,23.751],[88.096,23.735],[88.083,23.721],[88.062,23.72],[88.054,23.737],[88.042,23.745],[88.037,23.763],[88.059,23.779],[88.031,23.794],[88.025,23.825],[88.003,23.841],[87.974,23.83],[87.966,23.803],[87.96,23.784],[87.943,23.774],[87.95,23.759],[87.937,23.729],[87.919,23.727],[87.913,23.715],[87.923,23.679],[87.911,23.67],[87.916,23.66],[87.939,23.66],[87.937,23.645],[87.964,23.63],[87.956,23.624],[87.951,23.598],[87.935,23.587],[87.936,23.572],[87.925,23.568],[87.908,23.54],[87.893,23.558],[87.864,23.547],[87.848,23.551],[87.838,23.566],[87.808,23.56],[87.798,23.571],[87.771,23.578],[87.761,23.589],[87.736,23.587],[87.719,23.618],[87.69,23.606],[87.681,23.619],[87.669,23.618],[87.656,23.603],[87.635,23.61],[87.593,23.595],[87.58,23.596],[87.567,23.605],[87.539,23.608],[87.531,23.619],[87.518,23.618],[87.506,23.6],[87.475,23.611],[87.446,23.615],[87.414,23.657],[87.42,23.675],[87.417,23.684],[87.392,23.699],[87.375,23.699],[87.361,23.716],[87.345,23.721],[87.33,23.717],[87.294,23.723],[87.266,23.75],[87.231,23.74],[87.194,23.749],[87.164,23.746],[87.148,23.752],[87.12,23.771],[87.096,23.804],[87.09,23.807],[87.062,23.818],[87.04,23.839],[87.008,23.854],[86.986,23.858],[86.969,23.867],[86.961,23.851],[86.949,23.845],[86.931,23.856],[86.93,23.868],[86.912,23.881],[86.901,23.882],[86.881,23.864],[86.886,23.844],[86.866,23.844],[86.85,23.824],[86.826,23.813],[86.815,23.816],[86.812,23.83],[86.798,23.833],[86.807,23.815],[86.803,23.8],[86.822,23.778],[86.822,23.747],[86.81,23.742],[86.796,23.7],[86.801,23.695],[86.822,23.685],[86.85,23.678],[86.86,23.66],[86.89,23.653],[86.899,23.64],[86.917,23.629],[86.955,23.634],[86.969,23.628],[87.018,23.634],[87.033,23.622],[87.063,23.614],[87.125,23.576],[87.152,23.571],[87.162,23.565],[87.194,23.564],[87.214,23.556],[87.242,23.532],[87.255,23.516],[87.28,23.498],[87.316,23.476],[87.335,23.47],[87.389,23.434],[87.411,23.428],[87.447,23.405],[87.501,23.348],[87.529,23.332],[87.543,23.319],[87.561,23.309],[87.57,23.291],[87.594,23.271],[87.603,23.258],[87.637,23.239],[87.656,23.238],[87.65,23.198],[87.658,23.188],[87.667,23.161],[87.679,23.157],[87.689,23.131],[87.728,23.115],[87.732,23.128],[87.749,23.108],[87.764,23.08],[87.746,23.056],[87.744,23.031],[87.723,23.028],[87.714,23.011],[87.738,22.983],[87.742,22.966],[87.752,22.96],[87.78,22.957],[87.794,22.941],[87.819,22.946],[87.829,22.952],[87.842,22.937],[87.88,22.943],[87.886,22.958],[87.899,22.956],[87.893,22.938],[87.932,22.945],[87.947,22.945],[87.965,22.952],[87.972,22.965],[87.991,22.966],[88,22.958],[88.013,22.963],[88.009,22.979],[88.034,22.977],[88.052,22.988],[88.04,23.01],[88.05,23.018],[88.052,23.039],[88.072,23.048],[88.102,23.047],[88.12,23.053],[88.138,23.075],[88.15,23.077],[88.161,23.1],[88.167,23.126],[88.16,23.135],[88.171,23.15],[88.19,23.162],[88.256,23.151],[88.26,23.139],[88.274,23.13],[88.304,23.132],[88.319,23.128],[88.348,23.132],[88.353,23.117],[88.365,23.12],[88.366,23.144],[88.377,23.163],[88.372,23.173],[88.385,23.181],[88.396,23.197],[88.409,23.193],[88.42,23.212],[88.387,23.22],[88.358,23.238],[88.365,23.254],[88.353,23.281],[88.338,23.292],[88.331,23.312],[88.339,23.34],[88.333,23.366],[88.352,23.383],[88.36,23.396],[88.355,23.411],[88.344,23.424],[88.355,23.456],[88.368,23.47],[88.366,23.478],[88.392,23.497],[88.39,23.504],[88.365,23.531],[88.362,23.543],[88.325,23.549],[88.311,23.54],[88.279,23.537],[88.279,23.559],[88.296,23.559],[88.325,23.575],[88.317,23.588],[88.29,23.576],[88.289,23.586],[88.271,23.599],[88.266,23.616],[88.233,23.614],[88.218,23.605],[88.199,23.62],[88.178,23.619],[88.157,23.627],[88.153,23.639],[88.138,23.652],[88.146,23.685],[88.168,23.71],[88.186,23.714],[88.228,23.705],[88.23,23.721],[88.196,23.736],[88.198,23.765]]]},"properties":{"DISTRICT":"Barddhaman","ST_NM":"West Bengal"}},
{"type":"Feature","geometry":{"type":"Polygon","coordinates":[[[84.268,20.889],[84.248,20.898],[84.218,20.902],[84.151,20.87],[84.13,20.854],[84.113,20.846],[84.061,20.835],[84.038,20.827],[84.027,20.836],[83.991,20.842],[83.935,20.839],[83.905,20.819],[83.891,20.814],[83.87,20.814],[83.852,20.823],[83.788,20.803],[83.776,20.794],[83.763,20.775],[83.765,20.754],[83.761,20.742],[83.759,20.716],[83.744,20.697],[83.739,20.675],[83.719,20.64],[83.733,20.625],[83.731,20.606],[83.713,20.59],[83.689,20.561],[83.673,20.555],[83.653,20.54],[83.611,20.528],[83.606,20.53],[83.588,20.526],[83.572,20.484],[83.585,20.486],[83.62,20.459],[83.622,20.449],[83.658,20.432],[83.659,20.426],[83.666,20.423],[83.67,20.425],[83.675,20.429],[83.68,20.429],[83.686,20.42],[83.69,20.416],[83.695,20.416],[83.71,20.425],[83.715,20.43],[83.722,20.435],[83.729,20.433],[83.736,20.426],[83.746,20.422],[83.751,20.424],[83.751,20.428],[83.755,20.428],[83.761,20.425],[83.77,20.414],[83.779,20.412],[83.783,20.413],[83.783,20.425],[83.788,20.443],[83.793,20.439],[83.794,20.435],[83.801,20.433],[83.81,20.432],[83.813,20.433],[83.815,20.436],[83.811,20.446],[83.814,20.463],[83.806,20.511],[83.826,20.535],[83.823,20.543],[83.824,20.547],[83.83,20.547],[83.84,20.543],[83.843,20.544],[83.856,20.563],[83.858,20.572],[83.873,20.579],[83.881,20.58],[83.895,20.58],[83.912,20.578],[83.915,20.58],[83.913,20.587],[83.916,20.599],[83.92,20.606],[83.918,20.609],[83.918,20.614],[83.917,20.616],[83.92,20.617],[83.928,20.607],[83.938,20.603],[83.934,20.589],[83.943,20.583],[83.95,20.581],[83.973,20.586],[83.979,20.585],[83.986,20.581],[83.996,20.572],[84.007,20.57],[84.014,20.571],[84.016,20.571],[84.033,20.58],[84.036,20.585],[84.045,20.59],[84.056,20.596],[84.074,20.598],[84.085,20.592],[84.097,20.598],[84.104,20.599],[84.118,20.588],[84.135,20.59],[84.146,20.584],[84.148,20.585],[84.153,20.589],[84.155,20.593],[84.169,20.601],[84.178,20.605],[84.189,20.591],[84.21,20.591],[84.222,20.587],[84.23,20.59],[84.236,20.595],[84.256,20.605],[84.275,20.64],[84.283,20.643],[84.278,20.674],[84.295,20.689],[84.304,20.693],[84.319,20.694],[84.334,20.689],[84.343,20.675],[84.36,20.669],[84.375,20.645],[84.371,20.638],[84.386,20.602],[84.384,20.556],[84.398,20.527],[84.423,20.52],[84.435,20.509],[84.427,20.488],[84.45,20.467],[84.465,20.442],[84.458,20.43],[84.461,20.402],[84.469,20.392],[84.487,20.387],[84.489,20.392],[84.498,20.397],[84.504,20.399],[84.509,20.399],[84.513,20.398],[84.519,20.406],[84.54,20.413],[84.552,20.423],[84.562,20.413],[84.595,20.425],[84.606,20.422],[84.622,20.434],[84.648,20.425],[84.664,20.426],[84.692,20.442],[84.694,20.47],[84.7,20.499],[84.713,20.508],[84.721,20.526],[84.745,20.54],[84.764,20.532],[84.777,20.536],[84.782,20.548],[84.796,20.56],[84.794,20.581],[84.778,20.602],[84.734,20.618],[84.712,20.612],[84.638,20.625],[84.606,20.65],[84.589,20.675],[84.572,20.687],[84.536,20.698],[84.512,20.716],[84.457,20.743],[84.426,20.742],[84.372,20.763],[84.357,20.782],[84.361,20.827],[84.352,20.842],[84.319,20.863],[84.268,20.889]]]},"properties":{"DISTRICT":"Bauda","ST_NM":"Odisha"}},
{"type":"Feature","geometry":{"type":"Polygon","coordinates":[[[86.861,21.209],[86.834,21.207],[86.818,21.226],[86.805,21.231],[86.786,21.222],[86.773,21.224],[86.76,21.199],[86.764,21.171],[86.747,21.18],[86.73,21.176],[86.71,21.183],[86.694,21.167],[86.677,21.168],[86.666,21.152],[86.669,21.14],[86.657,21.128],[86.656,21.103],[86.668,21.096],[86.664,21.083],[86.646,21.082],[86.651,21.067],[86.637,21.063],[86.628,21.075],[86.632,21.09],[86.609,21.099],[86.595,21.096],[86.585,21.117],[86.562,21.148],[86.563,21.154],[86.54,21.16],[86.512,21.137],[86.464,21.159],[86.452,21.154],[86.436,21.16],[86.449,21.201],[86.438,21.221],[86.409,21.22],[86.38,21.227],[86.371,21.239],[86.353,21.235],[86.356,21.21],[86.351,21.192],[86.34,21.18],[86.315,21.171],[86.293,21.176],[86.276,21.151],[86.295,21.119],[86.311,21.111],[86.307,21.088],[86.317,21.081],[86.327,21.059],[86.315,21.057],[86.304,21.016],[86.29,21.018],[86.287,20.978],[86.291,20.969],[86.289,20.944],[86.28,20.922],[86.282,20.906],[86.313,20.896],[86.33,20.865],[86.359,20.853],[86.394,20.865],[86.424,20.856],[86.43,20.849],[86.458,20.845],[86.47,20.861],[86.484,20.856],[86.496,20.868],[86.517,20.871],[86.55,20.863],[86.57,20.866],[86.597,20.857],[86.604,20.831],[86.612,20.829],[86.617,20.798],[86.625,20.797],[86.642,20.791],[86.652,20.798],[86.712,20.774],[86.714,20.763],[86.753,20.773],[86.765,20.764],[86.757,20.748],[86.769,20.735],[86.785,20.743],[86.798,20.739],[86.799,20.755],[86.815,20.752],[86.823,20.769],[86.872,20.794],[86.942,20.792],[86.959,20.787],[86.974,20.793],[86.98,20.822],[86.979,20.86],[86.954,20.897],[86.948,20.914],[86.911,20.978],[86.898,21.009],[86.875,21.044],[86.855,21.094],[86.845,21.135],[86.843,21.157],[86.853,21.195],[86.861,21.209]]]},"properties":{"DISTRICT":"Bhadrak","ST_NM":"Odisha"}},
{"type":"Feature","geometry":{"type":"Polygon","coordinates":[[[87.892,24.564],[87.871,24.562],[87.853,24.552],[87.83,24.561],[87.814,24.577],[87.791,24.583],[87.783,24.573],[87.801,24.564],[87.811,24.546],[87.803,24.54],[87.806,24.519],[87.804,24.493],[87.823,24.47],[87.82,24.453],[87.808,24.451],[87.793,24.433],[87.793,24.413],[87.803,24.401],[87.803,24.384],[87.766,24.335],[87.769,24.324],[87.741,24.29],[87.715,24.294],[87.711,24.269],[87.686,24.248],[87.667,24.246],[87.659,24.238],[87.647,24.251],[87.648,24.232],[87.643,24.213],[87.676,24.207],[87.68,24.197],[87.702,24.177],[87.695,24.151],[87.685,24.15],[87.662,24.157],[87.646,24.157],[87.633,24.165],[87.585,24.163],[87.591,24.149],[87.61,24.134],[87.587,24.125],[87.574,24.108],[87.575,24.089],[87.565,24.085],[87.544,24.089],[87.526,24.106],[87.502,24.117],[87.495,24.087],[87.511,24.084],[87.496,24.054],[87.513,24.047],[87.506,24.024],[87.477,24.013],[87.454,24.018],[87.447,24.005],[87.463,23.995],[87.444,23.98],[87.395,24.004],[87.362,24.011],[87.355,23.999],[87.343,23.997],[87.321,24.006],[87.338,24.033],[87.319,24.034],[87.288,24.029],[87.249,24.044],[87.238,24.026],[87.251,24],[87.267,23.997],[87.273,23.986],[87.265,23.972],[87.283,23.959],[87.297,23.957],[87.29,23.936],[87.3,23.9],[87.298,23.892],[87.27,23.877],[87.265,23.904],[87.25,23.902],[87.251,23.858],[87.26,23.841],[87.251,23.83],[87.234,23.825],[87.225,23.829],[87.228,23.859],[87.2,23.844],[87.193,23.859],[87.141,23.87],[87.136,23.853],[87.159,23.828],[87.172,23.821],[87.154,23.796],[87.144,23.802],[87.129,23.797],[87.111,23.801],[87.101,23.811],[87.09,23.807],[87.096,23.804],[87.12,23.771],[87.148,23.752],[87.164,23.746],[87.194,23.749],[87.231,23.74],[87.266,23.75],[87.294,23.723],[87.33,23.717],[87.345,23.721],[87.361,23.716],[87.375,23.699],[87.392,23.699],[87.417,23.684],[87.42,23.675],[87.414,23.657],[87.446,23.615],[87.475,23.611],[87.506,23.6],[87.518,23.618],[87.531,23.619],[87.539,23.608],[87.567,23.605],[87.58,23.596],[87.593,23.595],[87.635,23.61],[87.656,23.603],[87.669,23.618],[87.681,23.619],[87.69,23.606],[87.719,23.618],[87.736,23.587],[87.761,23.589],[87.771,23.578],[87.798,23.571],[87.808,23.56],[87.838,23.566],[87.848,23.551],[87.864,23.547],[87.893,23.558],[87.908,23.54],[87.925,23.568],[87.936,23.572],[87.935,23.587],[87.951,23.598],[87.956,23.624],[87.964,23.63],[87.937,23.645],[87.939,23.66],[87.916,23.66],[87.911,23.67],[87.923,23.679],[87.913,23.715],[87.919,23.727],[87.937,23.729],[87.95,23.759],[87.943,23.774],[87.96,23.784],[87.966,23.803],[87.935,23.824],[87.927,23.84],[87.908,23.841],[87.895,23.836],[87.892,23.857],[87.878,23.852],[87.865,23.879],[87.855,23.886],[87.848,23.912],[87.87,23.917],[87.866,23.93],[87.871,23.955],[87.858,23.968],[87.871,23.983],[87.869,23.998],[87.876,24.016],[87.866,24.03],[87.897,24.058],[87.898,24.08],[87.91,24.099],[87.898,24.114],[87.908,24.132],[87.901,24.146],[87.914,24.162],[87.937,24.177],[87.944,24.194],[87.968,24.188],[87.987,24.194],[87.99,24.208],[88.007,24.215],[87.996,24.227],[87.996,24.243],[88.024,24.243],[88.028,24.26],[88.019,24.273],[88.015,24.314],[88,24.312],[87.998,24.323],[87.982,24.334],[87.963,24.34],[87.957,24.359],[87.971,24.378],[87.974,24.408],[87.979,24.415],[87.975,24.47],[87.95,24.497],[87.951,24.516],[87.925,24.542],[87.893,24.541],[87.892,24.564]]]},"properties":{"DISTRICT":"Birbhum","ST_NM":"West Bengal"}},
{"type":"Feature","geometry":{"type":"Polygon","coordinates":[[[80.273,12.995],[80.279,13.013],[80.285,13.055],[80.301,13.084],[80.298,13.119],[80.303,13.141],[80.277,13.14],[80.269,13.126],[80.255,13.122],[80.228,13.126],[80.215,13.104],[80.208,13.081],[80.212,13.064],[80.209,13.051],[80.214,13.027],[80.204,13.028],[80.201,13.015],[80.213,13.007],[80.215,12.994],[80.239,12.989],[80.273,12.995]]]},"properties":{"DISTRICT":"Chennai","ST_NM":"Tamil Nadu"}},
{"type":"Feature","geometry":{"type":"Polygon","coordinates":[[[79.286,13.133],[79.297,13.135],[79.311,13.127],[79.31,13.109],[79.32,13.109],[79.329,13.131],[79.362,13.138],[79.359,13.147],[79.36,13.175],[79.374,13.168],[79.381,13.188],[79.397,13.197],[79.433,13.197],[79.434,13.221],[79.458,13.229],[79.448,13.242],[79.423,13.224],[79.42,13.25],[79.431,13.278],[79.434,13.299],[79.418,13.297],[79.387,13.315],[79.429,13.334],[79.467,13.336],[79.491,13.334],[79.51,13.327],[79.535,13.328],[79.548,13.323],[79.554,13.291],[79.578,13.262],[79.598,13.26],[79.601,13.273],[79.614,13.28],[79.633,13.271],[79.645,13.286],[79.666,13.287],[79.681,13.294],[79.697,13.269],[79.684,13.248],[79.708,13.236],[79.702,13.224],[79.712,13.215],[79.728,13.227],[79.745,13.228],[79.757,13.208],[79.796,13.241],[79.765,13.257],[79.734,13.278],[79.734,13.285],[79.759,13.293],[79.767,13.315],[79.792,13.295],[79.8,13.297],[79.813,13.317],[79.864,13.316],[79.872,13.327],[79.883,13.325],[79.917,13.346],[79.923,13.357],[79.938,13.349],[79.966,13.387],[79.948,13.398],[79.945,13.417],[79.963,13.421],[79.976,13.431],[79.974,13.464],[79.986,13.48],[80.018,13.501],[80.049,13.498],[80.05,13.512],[80.032,13.515],[80.019,13.528],[80.003,13.523],[80.002,13.54],[80.02,13.545],[80.042,13.537],[80.041,13.553],[80.052,13.558],[80.047,13.575],[80.024,13.578],[80.025,13.596],[80.004,13.624],[80.002,13.643],[79.973,13.646],[79.961,13.666],[79.975,13.688],[79.949,13.708],[79.886,13.702],[79.872,13.708],[79.867,13.731],[79.853,13.767],[79.873,13.776],[79.877,13.784],[79.885,13.848],[79.878,13.865],[79.862,13.87],[79.847,13.854],[79.825,13.9],[79.815,13.909],[79.812,13.924],[79.79,13.91],[79.784,13.863],[79.772,13.849],[79.733,13.859],[79.732,13.901],[79.693,13.914],[79.682,13.923],[79.672,13.889],[79.676,13.877],[79.67,13.834],[79.635,13.843],[79.627,13.842],[79.612,13.854],[79.625,13.863],[79.623,13.885],[79.596,13.889],[79.597,13.915],[79.589,13.919],[79.554,13.912],[79.53,13.913],[79.503,13.909],[79.481,13.91],[79.474,13.896],[79.444,13.889],[79.437,13.878],[79.438,13.86],[79.45,13.838],[79.46,13.801],[79.468,13.792],[79.45,13.779],[79.427,13.783],[79.419,13.761],[79.382,13.756],[79.353,13.741],[79.311,13.723],[79.295,13.757],[79.288,13.759],[79.227,13.757],[79.217,13.772],[79.192,13.793],[79.213,13.814],[79.185,13.833],[79.151,13.86],[79.122,13.848],[79.101,13.848],[79.087,13.875],[79.06,13.879],[79.028,13.888],[79.027,13.896],[79.006,13.907],[78.991,13.909],[78.985,13.889],[78.951,13.884],[78.937,13.896],[78.883,13.897],[78.86,13.887],[78.8,13.879],[78.784,13.867],[78.789,13.85],[78.784,13.83],[78.767,13.829],[78.753,13.846],[78.746,13.868],[78.724,13.886],[78.687,13.87],[78.645,13.868],[78.644,13.888],[78.656,13.899],[78.608,13.911],[78.588,13.911],[78.599,13.958],[78.572,13.963],[78.584,13.983],[78.546,13.99],[78.508,13.96],[78.492,13.939],[78.474,13.952],[78.469,13.968],[78.474,13.982],[78.466,13.994],[78.457,13.986],[78.428,13.978],[78.417,13.963],[78.388,13.941],[78.376,13.942],[78.372,13.955],[78.349,13.935],[78.339,13.936],[78.333,13.92],[78.313,13.915],[78.294,13.891],[78.277,13.892],[78.265,13.859],[78.246,13.851],[78.254,13.833],[78.256,13.807],[78.262,13.797],[78.23,13.78],[78.189,13.787],[78.145,13.782],[78.127,13.786],[78.12,13.77],[78.104,13.759],[78.094,13.742],[78.119,13.719],[78.115,13.693],[78.094,13.689],[78.073,13.697],[78.075,13.673],[78.089,13.659],[78.09,13.644],[78.117,13.656],[78.155,13.659],[78.168,13.654],[78.17,13.632],[78.195,13.63],[78.203,13.625],[78.203,13.604],[78.189,13.588],[78.19,13.573],[78.2,13.566],[78.212,13.577],[78.218,13.591],[78.232,13.586],[78.237,13.596],[78.259,13.584],[78.302,13.588],[78.322,13.593],[78.354,13.587],[78.39,13.591],[78.408,13.576],[78.396,13.553],[78.395,13.541],[78.383,13.522],[78.377,13.505],[78.377,13.476],[78.373,13.462],[78.381,13.401],[78.365,13.365],[78.394,13.352],[78.408,13.342],[78.406,13.332],[78.378,13.338],[78.377,13.33],[78.393,13.324],[78.402,13.314],[78.426,13.327],[78.44,13.327],[78.446,13.308],[78.477,13.32],[78.481,13.304],[78.512,13.287],[78.523,13.27],[78.532,13.266],[78.539,13.286],[78.558,13.283],[78.571,13.304],[78.578,13.282],[78.588,13.272],[78.571,13.244],[78.568,13.222],[78.58,13.215],[78.564,13.2],[78.577,13.182],[78.58,13.167],[78.55,13.162],[78.546,13.141],[78.532,13.139],[78.52,13.13],[78.527,13.111],[78.525,13.095],[78.513,13.092],[78.51,13.08],[78.516,13.063],[78.478,13.052],[78.463,13.042],[78.461,13.025],[78.473,12.989],[78.469,12.974],[78.434,12.979],[78.435,12.965],[78.412,12.943],[78.437,12.927],[78.467,12.903],[78.468,12.876],[78.45,12.89],[78.447,12.911],[78.438,12.912],[78.429,12.899],[78.414,12.902],[78.399,12.916],[78.389,12.905],[78.38,12.912],[78.356,12.938],[78.349,12.917],[78.338,12.899],[78.327,12.903],[78.315,12.876],[78.314,12.857],[78.287,12.859],[78.274,12.867],[78.252,12.857],[78.253,12.822],[78.24,12.772],[78.232,12.763],[78.24,12.73],[78.231,12.713],[78.206,12.705],[78.201,12.694],[78.211,12.686],[78.239,12.684],[78.239,12.699],[78.276,12.702],[78.295,12.678],[78.302,12.663],[78.32,12.66],[78.341,12.649],[78.38,12.622],[78.409,12.624],[78.43,12.631],[78.437,12.626],[78.471,12.628],[78.469,12.673],[78.486,12.67],[78.505,12.68],[78.505,12.704],[78.521,12.716],[78.505,12.722],[78.491,12.741],[78.506,12.741],[78.528,12.714],[78.536,12.69],[78.553,12.696],[78.564,12.708],[78.557,12.718],[78.557,12.739],[78.57,12.762],[78.592,12.778],[78.6,12.816],[78.609,12.822],[78.603,12.849],[78.616,12.868],[78.618,12.884],[78.636,12.925],[78.658,12.93],[78.632,12.985],[78.632,12.993],[78.653,13.012],[78.663,13.029],[78.705,13.015],[78.714,13.067],[78.737,13.064],[78.751,13.056],[78.789,13.064],[78.812,13.086],[78.844,13.081],[78.87,13.082],[78.876,13.096],[78.895,13.093],[78.892,13.081],[78.891,13.037],[78.894,13.031],[78.939,13.035],[78.929,13.044],[78.905,13.046],[78.913,13.063],[78.926,13.079],[78.958,13.075],[78.994,13.088],[79.012,13.069],[79.035,13.068],[79.038,13.061],[79.065,13.05],[79.066,13.04],[79.081,13.026],[79.095,13.024],[79.117,13.036],[79.131,13.034],[79.165,13.019],[79.183,13.027],[79.189,13.05],[79.182,13.065],[79.205,13.101],[79.226,13.109],[79.235,13.128],[79.227,13.139],[79.239,13.146],[79.256,13.145],[79.284,13.15],[79.286,13.133]]]},"properties":{"DISTRICT":"Chittoor","ST_NM":"Andhra Pradesh"}},
{"type":"Feature","geometry":{"type":"Polygon","coordinates":[[[77.14,11.335],[77.128,11.364],[77.127,11.377],[77.112,11.377],[77.109,11.405],[77.091,11.402],[77.09,11.392],[77.069,11.381],[77.069,11.399],[77.049,11.4],[77.035,11.391],[77.026,11.371],[77.016,11.367],[76.995,11.373],[76.974,11.384],[76.964,11.383],[76.909,11.348],[76.892,11.365],[76.851,11.338],[76.863,11.306],[76.856,11.292],[76.843,11.286],[76.8,11.291],[76.79,11.277],[76.773,11.288],[76.767,11.283],[76.769,11.261],[76.734,11.245],[76.713,11.257],[76.701,11.255],[76.707,11.239],[76.737,11.214],[76.728,11.206],[76.731,11.192],[76.716,11.187],[76.696,11.165],[76.707,11.14],[76.732,11.13],[76.745,11.133],[76.751,11.118],[76.744,11.101],[76.756,11.092],[76.757,11.079],[76.745,11.072],[76.747,11.055],[76.762,11.055],[76.778,11.04],[76.767,11.032],[76.722,11.04],[76.701,11.025],[76.69,11.007],[76.688,10.987],[76.671,10.968],[76.658,10.937],[76.663,10.928],[76.695,10.91],[76.711,10.909],[76.743,10.889],[76.76,10.893],[76.784,10.89],[76.796,10.879],[76.829,10.87],[76.856,10.835],[76.848,10.824],[76.871,10.808],[76.9,10.808],[76.909,10.779],[76.905,10.759],[76.887,10.715],[76.867,10.681],[76.882,10.672],[76.884,10.638],[76.856,10.634],[76.817,10.634],[76.815,10.622],[76.827,10.596],[76.842,10.593],[76.837,10.57],[76.842,10.561],[76.836,10.546],[76.844,10.537],[76.832,10.499],[76.83,10.447],[76.819,10.423],[76.835,10.402],[76.828,10.395],[76.852,10.368],[76.839,10.338],[76.832,10.303],[76.845,10.292],[76.863,10.291],[76.875,10.275],[76.897,10.263],[76.905,10.251],[76.905,10.241],[76.922,10.231],[76.941,10.238],[76.952,10.229],[76.972,10.227],[76.984,10.217],[76.995,10.228],[77.032,10.25],[77.052,10.257],[77.059,10.283],[77.095,10.308],[77.084,10.328],[77.079,10.381],[77.055,10.417],[77.071,10.462],[77.065,10.486],[77.082,10.515],[77.079,10.546],[77.081,10.57],[77.1,10.582],[77.122,10.584],[77.151,10.583],[77.165,10.605],[77.174,10.63],[77.164,10.648],[77.144,10.671],[77.137,10.706],[77.138,10.741],[77.15,10.766],[77.153,10.79],[77.165,10.8],[77.184,10.797],[77.215,10.803],[77.209,10.789],[77.224,10.778],[77.241,10.775],[77.28,10.787],[77.277,10.802],[77.289,10.812],[77.289,10.849],[77.273,10.851],[77.254,10.862],[77.253,10.89],[77.224,10.905],[77.204,10.905],[77.188,10.921],[77.175,10.923],[77.169,10.941],[77.161,10.977],[77.153,10.989],[77.168,11.01],[77.174,11.036],[77.159,11.055],[77.163,11.065],[77.213,11.088],[77.257,11.112],[77.233,11.135],[77.213,11.125],[77.197,11.141],[77.182,11.148],[77.169,11.144],[77.169,11.161],[77.156,11.162],[77.158,11.183],[77.142,11.214],[77.163,11.25],[77.158,11.26],[77.165,11.272],[77.141,11.281],[77.119,11.281],[77.111,11.292],[77.119,11.302],[77.144,11.303],[77.144,11.334],[77.14,11.335]]]},"properties":{"DISTRICT":"Coimbatore","ST_NM":"Tamil Nadu"}},
{"type":"Feature","geometry":{"type":"MultiPolygon","coordinates":[[[[79.695,11.885],[79.693,11.884],[79.688,11.884],[79.69,11.882],[79.69,11.867],[79.695,11.859],[79.696,11.843],[79.703,11.831],[79.689,11.828],[79.691,11.82],[79.687,11.821],[79.683,11.812],[79.688,11.812],[79.691,11.807],[79.675,11.806],[79.662,11.808],[79.647,11.798],[79.636,11.8],[79.619,11.822],[79.587,11.841],[79.568,11.838],[79.527,11.856],[79.515,11.855],[79.476,11.869],[79.456,11.87],[79.451,11.855],[79.47,11.832],[79.485,11.807],[79.443,11.808],[79.435,11.767],[79.45,11.762],[79.463,11.768],[79.463,11.743],[79.454,11.734],[79.433,11.733],[79.436,11.698],[79.442,11.69],[79.445,11.664],[79.43,11.666],[79.383,11.679],[79.361,11.671],[79.363,11.66],[79.337,11.66],[79.329,11.65],[79.297,11.634],[79.29,11.648],[79.279,11.645],[79.253,11.651],[79.239,11.64],[79.211,11.634],[79.213,11.621],[79.2,11.611],[79.185,11.586],[79.154,11.597],[79.146,11.588],[79.117,11.598],[79.115,11.613],[79.102,11.613],[79.087,11.63],[79.07,11.629],[79.072,11.61],[79.068,11.596],[79.055,11.586],[79.048,11.598],[79.018,11.604],[79.018,11.592],[79.007,11.576],[78.992,11.571],[78.945,11.57],[78.923,11.565],[78.913,11.523],[78.905,11.502],[78.876,11.505],[78.89,11.485],[78.909,11.47],[78.91,11.461],[78.925,11.449],[78.947,11.418],[78.965,11.401],[78.984,11.399],[78.993,11.404],[79.034,11.393],[79.052,11.402],[79.082,11.397],[79.108,11.401],[79.125,11.397],[79.146,11.384],[79.17,11.377],[79.181,11.374],[79.23,11.392],[79.238,11.39],[79.241,11.372],[79.254,11.376],[79.258,11.388],[79.259,11.388],[79.279,11.38],[79.299,11.381],[79.293,11.398],[79.295,11.412],[79.314,11.418],[79.347,11.416],[79.37,11.419],[79.387,11.409],[79.392,11.399],[79.395,11.355],[79.415,11.362],[79.438,11.357],[79.435,11.34],[79.437,11.34],[79.439,11.333],[79.461,11.326],[79.477,11.313],[79.489,11.316],[79.499,11.304],[79.504,11.257],[79.498,11.257],[79.496,11.248],[79.514,11.226],[79.505,11.203],[79.483,11.173],[79.467,11.169],[79.461,11.154],[79.482,11.162],[79.502,11.174],[79.525,11.182],[79.555,11.201],[79.599,11.217],[79.607,11.225],[79.613,11.25],[79.622,11.255],[79.633,11.246],[79.649,11.25],[79.644,11.283],[79.652,11.3],[79.677,11.306],[79.72,11.342],[79.734,11.349],[79.761,11.351],[79.759,11.372],[79.77,11.382],[79.785,11.372],[79.805,11.382],[79.814,11.421],[79.808,11.446],[79.791,11.476],[79.778,11.509],[79.763,11.538],[79.758,11.578],[79.759,11.613],[79.77,11.674],[79.793,11.756],[79.795,11.785],[79.784,11.784],[79.781,11.78],[79.763,11.79],[79.762,11.79],[79.757,11.778],[79.729,11.781],[79.714,11.794],[79.723,11.802],[79.725,11.805],[79.727,11.809],[79.732,11.824],[79.73,11.838],[79.739,11.843],[79.755,11.838],[79.764,11.831],[79.796,11.827],[79.793,11.833],[79.798,11.837],[79.801,11.853],[79.781,11.848],[79.776,11.838],[79.773,11.837],[79.767,11.839],[79.763,11.847],[79.766,11.85],[79.769,11.857],[79.766,11.873],[79.759,11.874],[79.759,11.868],[79.754,11.849],[79.743,11.847],[79.746,11.861],[79.722,11.861],[79.719,11.853],[79.713,11.867],[79.709,11.868],[79.706,11.888],[79.695,11.885]]],[[[79.774,11.903],[79.772,11.887],[79.78,11.878],[79.78,11.868],[79.79,11.876],[79.798,11.897],[79.79,11.895],[79.784,11.898],[79.774,11.903]]]]},"properties":{"DISTRICT":"Cuddalore","ST_NM":"Tamil Nadu"}},
{"type":"Feature","geometry":{"type":"Polygon","coordinates":[[[79.076,15.055],[79.066,15.095],[79.058,15.142],[79.068,15.176],[79.007,15.182],[78.993,15.168],[78.979,15.169],[78.962,15.18],[78.955,15.203],[78.952,15.225],[78.945,15.235],[78.93,15.202],[78.906,15.198],[78.823,15.208],[78.797,15.205],[78.77,15.186],[78.769,15.169],[78.76,15.105],[78.76,15.087],[78.769,15.065],[78.76,15.052],[78.763,15.038],[78.748,15.029],[78.72,15.021],[78.717,14.993],[78.719,14.965],[78.692,14.963],[78.685,14.937],[78.636,14.923],[78.63,14.942],[78.604,14.949],[78.598,14.941],[78.571,14.929],[78.552,14.933],[78.553,14.957],[78.535,14.956],[78.519,14.934],[78.501,14.918],[78.492,14.901],[78.483,14.9],[78.496,14.938],[78.515,14.968],[78.526,15],[78.529,15.032],[78.522,15.066],[78.499,15.068],[78.49,15.058],[78.495,15.037],[78.472,15.039],[78.456,15.032],[78.43,15.034],[78.418,14.994],[78.413,14.964],[78.394,14.967],[78.374,14.981],[78.355,14.989],[78.349,15],[78.36,15.028],[78.377,15.028],[78.393,15.042],[78.395,15.054],[78.337,15.068],[78.296,15.073],[78.284,15.062],[78.287,15.033],[78.267,15.024],[78.248,15],[78.241,14.961],[78.227,14.948],[78.189,14.959],[78.166,14.957],[78.144,14.945],[78.137,14.936],[78.119,14.927],[78.1,14.873],[78.1,14.86],[78.117,14.856],[78.111,14.826],[78.105,14.82],[78.087,14.826],[78.056,14.777],[78.076,14.758],[78.084,14.741],[78.074,14.721],[78.104,14.716],[78.107,14.703],[78.117,14.694],[78.131,14.698],[78.144,14.684],[78.137,14.662],[78.138,14.646],[78.128,14.625],[78.111,14.63],[78.098,14.625],[78.079,14.579],[78.055,14.564],[78.047,14.539],[78.023,14.541],[77.987,14.541],[77.985,14.56],[77.964,14.579],[77.947,14.567],[77.963,14.556],[77.98,14.536],[77.977,14.525],[77.997,14.501],[78.023,14.48],[78.038,14.464],[78.051,14.456],[78.151,14.374],[78.217,14.343],[78.246,14.315],[78.287,14.305],[78.297,14.298],[78.332,14.289],[78.365,14.287],[78.426,14.279],[78.414,14.236],[78.41,14.208],[78.434,14.198],[78.425,14.166],[78.433,14.148],[78.453,14.136],[78.465,14.113],[78.462,14.096],[78.447,14.081],[78.453,14.068],[78.446,14.049],[78.443,14.023],[78.471,14.011],[78.466,13.994],[78.474,13.982],[78.469,13.968],[78.474,13.952],[78.492,13.939],[78.508,13.96],[78.546,13.99],[78.584,13.983],[78.572,13.963],[78.599,13.958],[78.588,13.911],[78.608,13.911],[78.656,13.899],[78.644,13.888],[78.645,13.868],[78.687,13.87],[78.724,13.886],[78.746,13.868],[78.753,13.846],[78.767,13.829],[78.784,13.83],[78.789,13.85],[78.784,13.867],[78.8,13.879],[78.86,13.887],[78.883,13.897],[78.937,13.896],[78.951,13.884],[78.985,13.889],[78.991,13.909],[79.006,13.907],[79.027,13.896],[79.028,13.888],[79.06,13.879],[79.087,13.875],[79.101,13.848],[79.122,13.848],[79.151,13.86],[79.185,13.833],[79.213,13.814],[79.192,13.793],[79.217,13.772],[79.227,13.757],[79.288,13.759],[79.295,13.757],[79.311,13.723],[79.353,13.741],[79.382,13.756],[79.419,13.761],[79.427,13.783],[79.45,13.779],[79.468,13.792],[79.46,13.801],[79.45,13.838],[79.438,13.86],[79.437,13.878],[79.444,13.889],[79.441,13.897],[79.456,13.921],[79.459,13.945],[79.452,13.966],[79.455,13.984],[79.434,14.019],[79.441,14.064],[79.45,14.079],[79.452,14.108],[79.442,14.121],[79.432,14.179],[79.432,14.193],[79.425,14.217],[79.429,14.249],[79.419,14.266],[79.414,14.296],[79.396,14.323],[79.388,14.342],[79.365,14.355],[79.359,14.378],[79.327,14.43],[79.317,14.469],[79.29,14.485],[79.274,14.528],[79.264,14.545],[79.249,14.559],[79.236,14.588],[79.223,14.596],[79.215,14.588],[79.183,14.614],[79.175,14.642],[79.175,14.665],[79.169,14.677],[79.179,14.687],[79.177,14.714],[79.168,14.73],[79.163,14.752],[79.143,14.788],[79.141,14.82],[79.133,14.846],[79.122,14.865],[79.094,14.892],[79.078,14.954],[79.072,14.971],[79.075,14.99],[79.073,15.032],[79.076,15.055]]]},"properties":{"DISTRICT":"Y.s.r.","ST_NM":"Andhra Pradesh"}},
{"type":"Feature","geometry":{"type":"Polygon","coordinates":[[[86.284,20.584],[86.263,20.589],[86.255,20.607],[86.231,20.61],[86.214,20.618],[86.21,20.633],[86.189,20.624],[86.185,20.639],[86.197,20.651],[86.184,20.658],[86.149,20.643],[86.146,20.634],[86.13,20.63],[86.12,20.617],[86.093,20.618],[86.075,20.6],[86.054,20.589],[86.048,20.599],[86.011,20.624],[86.007,20.64],[85.996,20.642],[85.986,20.66],[85.967,20.667],[85.958,20.684],[85.922,20.7],[85.912,20.698],[85.91,20.683],[85.888,20.659],[85.866,20.668],[85.833,20.667],[85.809,20.66],[85.792,20.673],[85.783,20.662],[85.767,20.66],[85.763,20.642],[85.744,20.638],[85.739,20.644],[85.719,20.636],[85.708,20.603],[85.694,20.597],[85.676,20.573],[85.665,20.566],[85.659,20.55],[85.635,20.54],[85.615,20.542],[85.595,20.53],[85.59,20.512],[85.566,20.521],[85.512,20.535],[85.491,20.52],[85.483,20.507],[85.458,20.485],[85.438,20.5],[85.407,20.51],[85.41,20.49],[85.403,20.486],[85.386,20.499],[85.379,20.495],[85.347,20.497],[85.335,20.504],[85.307,20.505],[85.293,20.515],[85.252,20.518],[85.213,20.548],[85.196,20.583],[85.18,20.598],[85.161,20.608],[85.139,20.61],[85.13,20.615],[85.12,20.609],[85.093,20.611],[85.077,20.581],[85.058,20.576],[85.027,20.587],[85,20.581],[84.99,20.571],[84.967,20.574],[84.951,20.581],[84.898,20.58],[84.896,20.569],[84.882,20.558],[84.861,20.531],[84.852,20.528],[84.865,20.514],[84.894,20.496],[84.933,20.497],[84.946,20.492],[85.029,20.444],[85.052,20.428],[85.077,20.416],[85.118,20.406],[85.137,20.388],[85.16,20.378],[85.212,20.374],[85.256,20.366],[85.271,20.358],[85.342,20.357],[85.371,20.366],[85.374,20.351],[85.361,20.345],[85.351,20.32],[85.356,20.302],[85.346,20.284],[85.335,20.28],[85.337,20.272],[85.371,20.276],[85.383,20.286],[85.396,20.277],[85.399,20.26],[85.408,20.256],[85.422,20.272],[85.45,20.263],[85.457,20.27],[85.462,20.295],[85.484,20.297],[85.511,20.291],[85.525,20.304],[85.585,20.301],[85.627,20.292],[85.634,20.298],[85.64,20.319],[85.663,20.331],[85.679,20.324],[85.684,20.34],[85.702,20.362],[85.716,20.399],[85.733,20.409],[85.76,20.404],[85.787,20.41],[85.783,20.422],[85.802,20.434],[85.817,20.426],[85.827,20.393],[85.819,20.388],[85.82,20.367],[85.806,20.353],[85.799,20.336],[85.802,20.325],[85.819,20.316],[85.858,20.3],[85.872,20.289],[85.885,20.287],[85.88,20.318],[85.872,20.34],[85.886,20.357],[85.917,20.346],[85.929,20.328],[85.922,20.316],[85.927,20.292],[85.938,20.287],[85.934,20.273],[85.952,20.268],[85.961,20.252],[85.994,20.229],[86.008,20.224],[86.026,20.176],[86.043,20.18],[86.055,20.163],[86.049,20.157],[86.053,20.134],[86.068,20.125],[86.083,20.106],[86.092,20.092],[86.077,20.082],[86.09,20.06],[86.104,20.067],[86.128,20.06],[86.122,20.042],[86.154,20.042],[86.189,20.053],[86.171,20.074],[86.157,20.094],[86.167,20.112],[86.161,20.135],[86.147,20.146],[86.153,20.162],[86.153,20.189],[86.143,20.195],[86.156,20.211],[86.152,20.222],[86.127,20.226],[86.079,20.246],[86.07,20.272],[86.051,20.277],[86.043,20.293],[86.031,20.3],[86.035,20.312],[86.031,20.333],[86.036,20.34],[86.015,20.381],[86.028,20.401],[86.036,20.394],[86.055,20.391],[86.087,20.367],[86.137,20.357],[86.169,20.376],[86.19,20.375],[86.202,20.363],[86.229,20.361],[86.255,20.367],[86.254,20.378],[86.272,20.391],[86.28,20.425],[86.268,20.451],[86.272,20.457],[86.268,20.479],[86.28,20.495],[86.273,20.509],[86.278,20.517],[86.253,20.538],[86.273,20.559],[86.284,20.584]]]},"properties":{"DISTRICT":"Cuttack","ST_NM":"Odisha"}},
{"type":"Feature","geometry":{"type":"Polygon","coordinates":[[[88.185,25.286],[88.192,25.275],[88.22,25.307],[88.242,25.301],[88.242,25.291],[88.271,25.297],[88.277,25.314],[88.292,25.312],[88.314,25.297],[88.33,25.295],[88.348,25.301],[88.368,25.289],[88.386,25.288],[88.431,25.303],[88.436,25.315],[88.452,25.305],[88.441,25.279],[88.451,25.262],[88.464,25.263],[88.45,25.221],[88.44,25.208],[88.444,25.197],[88.467,25.196],[88.487,25.214],[88.512,25.199],[88.523,25.202],[88.541,25.187],[88.554,25.193],[88.568,25.175],[88.589,25.181],[88.593,25.193],[88.625,25.206],[88.67,25.203],[88.687,25.21],[88.727,25.201],[88.737,25.19],[88.781,25.178],[88.809,25.174],[88.833,25.194],[88.835,25.208],[88.848,25.21],[88.875,25.191],[88.882,25.176],[88.895,25.183],[88.92,25.166],[88.934,25.178],[88.95,25.181],[88.94,25.204],[88.964,25.211],[88.956,25.246],[88.988,25.27],[89.013,25.267],[89.005,25.3],[88.984,25.306],[88.963,25.304],[88.937,25.307],[88.917,25.315],[88.902,25.338],[88.889,25.327],[88.873,25.339],[88.869,25.352],[88.847,25.366],[88.84,25.398],[88.824,25.403],[88.837,25.428],[88.836,25.481],[88.815,25.491],[88.802,25.522],[88.785,25.514],[88.769,25.522],[88.762,25.517],[88.769,25.497],[88.749,25.489],[88.735,25.498],[88.711,25.496],[88.701,25.473],[88.669,25.475],[88.648,25.483],[88.641,25.498],[88.624,25.499],[88.607,25.515],[88.594,25.507],[88.554,25.516],[88.535,25.538],[88.506,25.55],[88.498,25.559],[88.498,25.58],[88.471,25.586],[88.461,25.593],[88.45,25.585],[88.413,25.591],[88.392,25.581],[88.391,25.566],[88.377,25.56],[88.364,25.567],[88.347,25.551],[88.33,25.55],[88.313,25.526],[88.288,25.512],[88.278,25.493],[88.256,25.487],[88.263,25.466],[88.261,25.451],[88.267,25.425],[88.243,25.405],[88.248,25.38],[88.212,25.327],[88.191,25.307],[88.185,25.286]]]},"properties":{"DISTRICT":"Dakshin Dinajpur","ST_NM":"West Bengal"}},
{"type":"Feature","geometry":{"type":"Polygon","coordinates":[[[88.759,27.148],[88.74,27.137],[88.725,27.144],[88.719,27.165],[88.692,27.18],[88.667,27.162],[88.646,27.167],[88.626,27.188],[88.599,27.194],[88.566,27.188],[88.528,27.178],[88.539,27.154],[88.529,27.15],[88.503,27.125],[88.494,27.127],[88.474,27.114],[88.462,27.089],[88.439,27.081],[88.395,27.098],[88.371,27.098],[88.348,27.11],[88.331,27.105],[88.328,27.116],[88.312,27.128],[88.302,27.124],[88.286,27.13],[88.24,27.119],[88.221,27.135],[88.186,27.134],[88.16,27.111],[88.096,27.138],[88.091,27.165],[88.075,27.19],[88.083,27.198],[88.066,27.213],[88.041,27.221],[88.017,27.216],[88.018,27.195],[88.015,27.162],[88.003,27.136],[87.994,27.127],[87.993,27.108],[88.011,27.1],[88.025,27.085],[88.028,27.055],[88.046,27.038],[88.069,27.031],[88.086,27.034],[88.093,27.007],[88.116,26.988],[88.135,26.981],[88.123,26.951],[88.144,26.928],[88.144,26.889],[88.172,26.868],[88.176,26.852],[88.169,26.838],[88.176,26.829],[88.185,26.797],[88.188,26.768],[88.187,26.718],[88.167,26.681],[88.167,26.666],[88.16,26.636],[88.14,26.621],[88.133,26.604],[88.133,26.574],[88.115,26.569],[88.107,26.555],[88.112,26.539],[88.139,26.512],[88.152,26.511],[88.172,26.521],[88.175,26.537],[88.192,26.544],[88.214,26.535],[88.238,26.552],[88.24,26.532],[88.201,26.508],[88.186,26.494],[88.2,26.472],[88.228,26.467],[88.243,26.449],[88.264,26.471],[88.271,26.486],[88.292,26.479],[88.298,26.49],[88.317,26.497],[88.345,26.497],[88.359,26.51],[88.377,26.578],[88.402,26.624],[88.417,26.63],[88.407,26.643],[88.405,26.673],[88.418,26.699],[88.442,26.694],[88.451,26.709],[88.429,26.724],[88.43,26.753],[88.44,26.759],[88.448,26.789],[88.437,26.796],[88.437,26.817],[88.448,26.835],[88.499,26.853],[88.484,26.875],[88.514,26.862],[88.562,26.879],[88.577,26.888],[88.611,26.879],[88.623,26.901],[88.638,26.904],[88.64,26.927],[88.665,26.961],[88.676,26.946],[88.669,26.926],[88.701,26.924],[88.768,26.924],[88.764,26.964],[88.787,26.974],[88.798,26.99],[88.818,26.99],[88.85,26.975],[88.862,26.965],[88.879,26.964],[88.877,27.011],[88.885,27.038],[88.878,27.078],[88.877,27.109],[88.865,27.107],[88.85,27.117],[88.833,27.117],[88.807,27.137],[88.792,27.135],[88.758,27.143],[88.759,27.148]]]},"properties":{"DISTRICT":"Darjiling","ST_NM":"West Bengal"}},
{"type":"Feature","geometry":{"type":"Polygon","coordinates":[[[84.68,21.735],[84.652,21.74],[84.643,21.724],[84.639,21.704],[84.628,21.695],[84.579,21.7],[84.57,21.699],[84.559,21.683],[84.538,21.676],[84.513,21.683],[84.502,21.672],[84.491,21.638],[84.517,21.619],[84.528,21.623],[84.553,21.592],[84.54,21.579],[84.539,21.566],[84.512,21.559],[84.505,21.537],[84.484,21.506],[84.5,21.501],[84.492,21.486],[84.488,21.462],[84.494,21.445],[84.482,21.424],[84.493,21.412],[84.483,21.393],[84.496,21.383],[84.491,21.368],[84.5,21.363],[84.538,21.381],[84.549,21.372],[84.555,21.352],[84.57,21.321],[84.574,21.262],[84.602,21.259],[84.616,21.272],[84.632,21.276],[84.666,21.312],[84.692,21.32],[84.717,21.315],[84.741,21.29],[84.766,21.272],[84.758,21.258],[84.772,21.252],[84.761,21.233],[84.744,21.232],[84.728,21.224],[84.722,21.206],[84.741,21.197],[84.749,21.181],[84.745,21.171],[84.764,21.15],[84.801,21.134],[84.819,21.145],[84.807,21.167],[84.823,21.173],[84.881,21.165],[84.886,21.157],[84.923,21.142],[84.935,21.152],[84.934,21.181],[84.95,21.176],[84.952,21.16],[84.963,21.149],[84.974,21.161],[84.966,21.168],[84.969,21.191],[84.944,21.197],[84.931,21.232],[84.904,21.253],[84.905,21.264],[84.922,21.278],[84.963,21.299],[84.983,21.29],[85.008,21.29],[85.019,21.31],[85.012,21.326],[85.008,21.383],[84.996,21.415],[85.004,21.44],[85.021,21.443],[85.023,21.456],[85.06,21.442],[85.078,21.457],[85.126,21.454],[85.141,21.462],[85.157,21.46],[85.176,21.483],[85.185,21.502],[85.206,21.52],[85.216,21.554],[85.191,21.587],[85.151,21.594],[85.131,21.598],[85.108,21.593],[85.088,21.603],[85.052,21.589],[85.037,21.607],[85.04,21.622],[85.03,21.632],[85.028,21.672],[85,21.682],[84.98,21.673],[84.96,21.683],[84.955,21.665],[84.943,21.66],[84.926,21.669],[84.909,21.669],[84.902,21.659],[84.866,21.652],[84.811,21.663],[84.793,21.668],[84.783,21.625],[84.756,21.628],[84.756,21.647],[84.749,21.681],[84.731,21.695],[84.721,21.715],[84.698,21.707],[84.68,21.735]]]},"properties":{"DISTRICT":"Debagarh","ST_NM":"Odisha"}},
{"type":"Feature","geometry":{"type":"Polygon","coordinates":[[[78.635,12.175],[78.61,12.178],[78.587,12.163],[78.57,12.186],[78.545,12.186],[78.522,12.172],[78.503,12.143],[78.469,12.147],[78.475,12.173],[78.441,12.188],[78.4,12.187],[78.379,12.193],[78.384,12.208],[78.402,12.217],[78.396,12.227],[78.362,12.221],[78.353,12.246],[78.334,12.261],[78.302,12.267],[78.276,12.259],[78.261,12.272],[78.255,12.296],[78.232,12.313],[78.242,12.33],[78.235,12.34],[78.214,12.332],[78.186,12.332],[78.169,12.348],[78.163,12.365],[78.145,12.371],[78.132,12.394],[78.13,12.422],[78.118,12.443],[78.096,12.448],[78.052,12.464],[78.045,12.456],[78.021,12.456],[78.016,12.48],[78.008,12.496],[77.992,12.506],[77.96,12.491],[77.948,12.49],[77.945,12.512],[77.931,12.514],[77.902,12.499],[77.926,12.472],[77.926,12.462],[77.954,12.437],[77.974,12.407],[77.95,12.367],[77.951,12.342],[77.94,12.331],[77.876,12.322],[77.872,12.28],[77.864,12.257],[77.844,12.255],[77.819,12.228],[77.806,12.19],[77.796,12.17],[77.793,12.154],[77.768,12.166],[77.751,12.153],[77.751,12.139],[77.778,12.119],[77.757,12.079],[77.732,12.063],[77.701,12.019],[77.675,11.962],[77.676,11.949],[77.693,11.939],[77.738,11.937],[77.762,11.911],[77.81,11.908],[77.847,11.893],[77.867,11.913],[77.893,11.907],[77.905,11.9],[77.96,11.898],[77.974,11.893],[78.007,11.91],[78.029,11.915],[78.036,11.928],[78.062,11.935],[78.071,11.933],[78.099,11.948],[78.146,11.962],[78.173,11.963],[78.235,11.975],[78.245,11.965],[78.256,11.935],[78.279,11.928],[78.282,11.895],[78.294,11.902],[78.3,11.916],[78.321,11.927],[78.331,11.913],[78.327,11.895],[78.342,11.892],[78.354,11.906],[78.366,11.887],[78.368,11.877],[78.356,11.86],[78.351,11.834],[78.33,11.795],[78.314,11.779],[78.329,11.772],[78.356,11.792],[78.382,11.824],[78.404,11.87],[78.417,11.876],[78.438,11.868],[78.434,11.859],[78.442,11.837],[78.454,11.824],[78.477,11.813],[78.502,11.808],[78.523,11.81],[78.543,11.8],[78.575,11.815],[78.596,11.819],[78.608,11.846],[78.627,11.864],[78.641,11.882],[78.688,11.898],[78.706,11.89],[78.724,11.915],[78.705,11.934],[78.713,11.946],[78.711,11.96],[78.718,11.98],[78.699,11.988],[78.706,12.027],[78.719,12.062],[78.726,12.091],[78.747,12.125],[78.741,12.134],[78.692,12.113],[78.688,12.107],[78.664,12.102],[78.667,12.113],[78.652,12.128],[78.636,12.127],[78.636,12.143],[78.649,12.162],[78.635,12.175]]]},"properties":{"DISTRICT":"Dharmapuri","ST_NM":"Tamil Nadu"}},
{"type":"Feature","geometry":{"type":"Polygon","coordinates":[[[85.729,21.143],[85.723,21.161],[85.684,21.185],[85.665,21.166],[85.638,21.165],[85.618,21.142],[85.6,21.137],[85.549,21.166],[85.502,21.114],[85.463,21.127],[85.461,21.132],[85.417,21.172],[85.395,21.185],[85.384,21.17],[85.352,21.168],[85.336,21.176],[85.321,21.16],[85.301,21.176],[85.269,21.17],[85.261,21.142],[85.244,21.124],[85.251,21.114],[85.242,21.101],[85.233,21.071],[85.196,21.081],[85.18,21.076],[85.168,21.053],[85.173,21.044],[85.201,21.035],[85.23,21.017],[85.257,20.993],[85.264,20.98],[85.245,20.96],[85.248,20.93],[85.246,20.9],[85.268,20.891],[85.258,20.879],[85.259,20.843],[85.255,20.835],[85.256,20.799],[85.237,20.792],[85.205,20.789],[85.199,20.783],[85.216,20.749],[85.207,20.736],[85.199,20.708],[85.197,20.678],[85.173,20.661],[85.165,20.675],[85.176,20.7],[85.162,20.708],[85.154,20.723],[85.141,20.729],[85.135,20.711],[85.115,20.682],[85.128,20.652],[85.137,20.639],[85.13,20.615],[85.139,20.61],[85.161,20.608],[85.18,20.598],[85.196,20.583],[85.213,20.548],[85.252,20.518],[85.293,20.515],[85.307,20.505],[85.335,20.504],[85.347,20.497],[85.379,20.495],[85.386,20.499],[85.403,20.486],[85.41,20.49],[85.407,20.51],[85.438,20.5],[85.458,20.485],[85.483,20.507],[85.491,20.52],[85.512,20.535],[85.566,20.521],[85.59,20.512],[85.595,20.53],[85.615,20.542],[85.635,20.54],[85.659,20.55],[85.665,20.566],[85.676,20.573],[85.694,20.597],[85.708,20.603],[85.719,20.636],[85.739,20.644],[85.744,20.638],[85.763,20.642],[85.767,20.66],[85.783,20.662],[85.792,20.673],[85.809,20.66],[85.833,20.667],[85.866,20.668],[85.888,20.659],[85.91,20.683],[85.912,20.698],[85.909,20.712],[85.956,20.721],[85.986,20.735],[86.01,20.724],[86.026,20.726],[86.028,20.762],[86.023,20.777],[86.033,20.794],[86.034,20.809],[86.021,20.809],[86,20.818],[85.98,20.819],[85.959,20.837],[85.925,20.839],[85.902,20.847],[85.9,20.856],[85.922,20.898],[85.92,20.927],[85.897,20.93],[85.87,20.927],[85.843,20.932],[85.828,20.926],[85.825,20.94],[85.795,20.971],[85.758,20.991],[85.743,20.992],[85.724,20.983],[85.721,20.994],[85.735,21.031],[85.728,21.067],[85.717,21.067],[85.701,21.08],[85.687,21.106],[85.688,21.131],[85.701,21.139],[85.729,21.143]]]},"properties":{"DISTRICT":"Dhenkanal","ST_NM":"Odisha"}},
{"type":"Feature","geometry":{"type":"Polygon","coordinates":[[[78.198,10.547],[78.189,10.556],[78.171,10.554],[78.134,10.573],[78.138,10.599],[78.166,10.614],[78.161,10.632],[78.164,10.649],[78.146,10.651],[78.148,10.682],[78.153,10.703],[78.155,10.744],[78.169,10.777],[78.173,10.802],[78.187,10.819],[78.173,10.834],[78.159,10.831],[78.149,10.805],[78.133,10.803],[78.106,10.805],[78.097,10.787],[78.098,10.765],[78.073,10.775],[78.067,10.766],[78.034,10.78],[78.018,10.773],[78,10.773],[77.995,10.762],[77.963,10.76],[77.94,10.766],[77.931,10.752],[77.932,10.735],[77.952,10.741],[77.997,10.741],[78,10.728],[78.013,10.728],[78.008,10.674],[77.991,10.67],[77.974,10.673],[77.973,10.657],[77.98,10.638],[77.953,10.637],[77.93,10.646],[77.897,10.644],[77.885,10.65],[77.873,10.631],[77.849,10.639],[77.831,10.632],[77.815,10.65],[77.817,10.681],[77.809,10.679],[77.789,10.684],[77.768,10.679],[77.752,10.663],[77.756,10.65],[77.73,10.63],[77.719,10.636],[77.701,10.658],[77.702,10.675],[77.71,10.687],[77.709,10.707],[77.702,10.73],[77.689,10.73],[77.665,10.715],[77.656,10.674],[77.64,10.668],[77.597,10.675],[77.585,10.682],[77.572,10.657],[77.549,10.634],[77.544,10.612],[77.533,10.605],[77.51,10.605],[77.51,10.625],[77.501,10.642],[77.482,10.649],[77.455,10.64],[77.447,10.629],[77.433,10.631],[77.418,10.625],[77.388,10.595],[77.369,10.536],[77.378,10.525],[77.405,10.522],[77.401,10.498],[77.383,10.494],[77.385,10.449],[77.353,10.446],[77.344,10.454],[77.325,10.45],[77.327,10.434],[77.321,10.421],[77.315,10.389],[77.315,10.355],[77.336,10.353],[77.327,10.325],[77.329,10.309],[77.339,10.303],[77.35,10.276],[77.343,10.261],[77.326,10.262],[77.309,10.244],[77.297,10.251],[77.289,10.23],[77.295,10.216],[77.279,10.189],[77.273,10.164],[77.275,10.138],[77.268,10.121],[77.284,10.116],[77.304,10.135],[77.325,10.125],[77.33,10.138],[77.343,10.132],[77.362,10.147],[77.372,10.136],[77.394,10.159],[77.408,10.154],[77.411,10.143],[77.437,10.13],[77.465,10.128],[77.474,10.144],[77.489,10.146],[77.5,10.16],[77.513,10.159],[77.547,10.186],[77.551,10.2],[77.568,10.191],[77.569,10.18],[77.602,10.199],[77.612,10.212],[77.636,10.206],[77.659,10.189],[77.67,10.196],[77.692,10.196],[77.701,10.19],[77.723,10.161],[77.724,10.139],[77.717,10.129],[77.696,10.136],[77.691,10.145],[77.673,10.144],[77.675,10.116],[77.701,10.103],[77.699,10.086],[77.71,10.079],[77.711,10.02],[77.723,10.022],[77.742,10.034],[77.764,10.055],[77.782,10.05],[77.802,10.064],[77.824,10.067],[77.855,10.075],[77.867,10.073],[77.877,10.059],[77.895,10.072],[77.906,10.069],[77.92,10.083],[77.939,10.086],[77.937,10.107],[77.949,10.121],[77.953,10.14],[77.975,10.131],[77.989,10.142],[78,10.159],[78.019,10.16],[78.03,10.179],[78.072,10.179],[78.073,10.183],[78.108,10.184],[78.122,10.189],[78.142,10.182],[78.15,10.174],[78.164,10.14],[78.16,10.111],[78.179,10.092],[78.216,10.075],[78.26,10.086],[78.262,10.099],[78.27,10.109],[78.273,10.13],[78.284,10.148],[78.281,10.164],[78.259,10.16],[78.266,10.175],[78.3,10.196],[78.321,10.213],[78.329,10.226],[78.331,10.245],[78.328,10.284],[78.334,10.3],[78.338,10.326],[78.318,10.348],[78.305,10.35],[78.281,10.37],[78.28,10.387],[78.289,10.401],[78.307,10.408],[78.315,10.438],[78.297,10.449],[78.255,10.458],[78.235,10.468],[78.224,10.463],[78.208,10.472],[78.191,10.496],[78.172,10.502],[78.192,10.541],[78.198,10.547]]]},"properties":{"DISTRICT":"Dindigul","ST_NM":"Tamil Nadu"}},
{"type":"Feature","geometry":{"type":"Polygon","coordinates":[[[82.55,17.248],[82.539,17.275],[82.523,17.292],[82.527,17.31],[82.542,17.334],[82.56,17.344],[82.564,17.369],[82.554,17.392],[82.568,17.422],[82.59,17.439],[82.604,17.463],[82.599,17.475],[82.574,17.492],[82.561,17.508],[82.56,17.52],[82.514,17.509],[82.5,17.515],[82.484,17.509],[82.469,17.52],[82.457,17.513],[82.456,17.487],[82.44,17.477],[82.412,17.473],[82.397,17.483],[82.372,17.489],[82.372,17.515],[82.365,17.518],[82.352,17.498],[82.335,17.511],[82.338,17.532],[82.332,17.549],[82.336,17.57],[82.347,17.579],[82.337,17.59],[82.32,17.588],[82.268,17.623],[82.244,17.625],[82.229,17.637],[82.217,17.638],[82.199,17.629],[82.186,17.614],[82.163,17.615],[82.141,17.636],[82.128,17.654],[82.091,17.653],[82.066,17.638],[82.047,17.639],[82.031,17.632],[82.02,17.617],[82.003,17.636],[82.01,17.654],[82.031,17.687],[82.034,17.713],[82.03,17.729],[82.015,17.75],[82.017,17.76],[81.985,17.768],[81.967,17.761],[81.97,17.744],[81.937,17.74],[81.898,17.745],[81.883,17.741],[81.868,17.754],[81.887,17.775],[81.924,17.801],[81.932,17.809],[81.967,17.82],[81.978,17.842],[81.992,17.851],[82.019,17.842],[82.021,17.856],[82.003,17.886],[82.01,17.902],[82.027,17.923],[82.031,17.937],[82.014,17.956],[82.002,17.986],[81.982,18.014],[81.945,17.992],[81.922,17.988],[81.908,17.977],[81.855,17.959],[81.842,17.959],[81.81,17.944],[81.795,17.922],[81.767,17.901],[81.79,17.879],[81.803,17.852],[81.791,17.84],[81.773,17.838],[81.762,17.827],[81.738,17.827],[81.713,17.808],[81.707,17.793],[81.683,17.775],[81.632,17.771],[81.618,17.752],[81.591,17.739],[81.582,17.727],[81.58,17.696],[81.562,17.675],[81.543,17.639],[81.521,17.618],[81.512,17.598],[81.533,17.581],[81.51,17.548],[81.507,17.498],[81.515,17.481],[81.533,17.463],[81.567,17.452],[81.586,17.43],[81.613,17.425],[81.607,17.401],[81.618,17.359],[81.625,17.349],[81.65,17.334],[81.659,17.322],[81.653,17.268],[81.648,17.253],[81.652,17.216],[81.665,17.188],[81.673,17.145],[81.692,17.113],[81.726,17.07],[81.736,17.045],[81.742,17],[81.733,16.971],[81.729,16.937],[81.737,16.897],[81.754,16.866],[81.749,16.813],[81.761,16.783],[81.786,16.765],[81.792,16.753],[81.789,16.733],[81.799,16.706],[81.829,16.673],[81.846,16.657],[81.861,16.634],[81.868,16.616],[81.864,16.548],[81.853,16.525],[81.819,16.504],[81.793,16.479],[81.773,16.449],[81.752,16.436],[81.731,16.459],[81.713,16.459],[81.706,16.439],[81.719,16.395],[81.723,16.367],[81.72,16.328],[81.726,16.307],[81.777,16.33],[81.808,16.348],[81.855,16.371],[81.91,16.387],[81.938,16.391],[81.95,16.398],[81.957,16.426],[81.968,16.396],[82.007,16.423],[82.069,16.45],[82.104,16.469],[82.138,16.485],[82.143,16.517],[82.164,16.55],[82.18,16.561],[82.2,16.558],[82.169,16.521],[82.167,16.507],[82.183,16.503],[82.23,16.534],[82.258,16.545],[82.288,16.548],[82.27,16.564],[82.298,16.57],[82.315,16.626],[82.335,16.624],[82.324,16.651],[82.335,16.667],[82.352,16.68],[82.34,16.689],[82.343,16.71],[82.329,16.715],[82.33,16.729],[82.351,16.724],[82.349,16.751],[82.376,16.843],[82.375,16.879],[82.372,16.923],[82.368,16.94],[82.351,16.973],[82.34,16.966],[82.354,16.955],[82.366,16.928],[82.367,16.867],[82.365,16.826],[82.354,16.831],[82.352,16.849],[82.327,16.851],[82.316,16.84],[82.304,16.857],[82.283,16.861],[82.267,16.872],[82.249,16.897],[82.253,16.932],[82.266,16.931],[82.279,16.971],[82.284,16.996],[82.301,17.024],[82.354,17.074],[82.371,17.094],[82.41,17.127],[82.446,17.164],[82.462,17.175],[82.508,17.213],[82.525,17.229],[82.55,17.248]],[[82.206,16.747],[82.22,16.742],[82.23,16.729],[82.273,16.731],[82.29,16.734],[82.299,16.752],[82.307,16.752],[82.312,16.734],[82.304,16.717],[82.286,16.704],[82.263,16.701],[82.225,16.721],[82.203,16.72],[82.189,16.727],[82.206,16.747]]]},"properties":{"DISTRICT":"East Godavari","ST_NM":"Andhra Pradesh"}},
{"type":"Feature","geometry":{"type":"Polygon","coordinates":[[[77.15,11.333],[77.16,11.327],[77.166,11.313],[77.181,11.312],[77.176,11.339],[77.196,11.333],[77.198,11.341],[77.225,11.35],[77.22,11.337],[77.241,11.322],[77.267,11.317],[77.28,11.333],[77.292,11.328],[77.284,11.315],[77.285,11.288],[77.306,11.282],[77.297,11.271],[77.31,11.262],[77.332,11.255],[77.347,11.287],[77.334,11.309],[77.364,11.316],[77.365,11.337],[77.4,11.311],[77.408,11.314],[77.45,11.308],[77.458,11.304],[77.457,11.284],[77.467,11.27],[77.463,11.259],[77.47,11.246],[77.495,11.219],[77.502,11.2],[77.511,11.198],[77.51,11.181],[77.469,11.175],[77.467,11.158],[77.479,11.159],[77.479,11.14],[77.488,11.138],[77.5,11.114],[77.518,11.105],[77.566,11.11],[77.583,11.118],[77.603,11.114],[77.631,11.12],[77.655,11.115],[77.679,11.1],[77.693,11.096],[77.721,11.077],[77.732,11.079],[77.778,11.051],[77.79,11.064],[77.811,11.068],[77.825,11.06],[77.831,11.044],[77.846,11.043],[77.85,11.032],[77.866,11.021],[77.899,11.031],[77.909,11.045],[77.918,11.044],[77.932,11.067],[77.902,11.071],[77.889,11.082],[77.883,11.119],[77.884,11.157],[77.863,11.182],[77.872,11.212],[77.862,11.244],[77.842,11.257],[77.808,11.265],[77.76,11.33],[77.753,11.35],[77.74,11.365],[77.722,11.372],[77.705,11.391],[77.683,11.419],[77.687,11.441],[77.696,11.458],[77.702,11.479],[77.734,11.511],[77.726,11.528],[77.73,11.541],[77.747,11.564],[77.739,11.602],[77.752,11.632],[77.762,11.645],[77.77,11.677],[77.75,11.659],[77.734,11.653],[77.719,11.639],[77.703,11.631],[77.692,11.645],[77.691,11.659],[77.699,11.689],[77.693,11.716],[77.71,11.764],[77.723,11.792],[77.711,11.807],[77.669,11.821],[77.649,11.82],[77.66,11.845],[77.663,11.875],[77.685,11.874],[77.68,11.902],[77.682,11.923],[77.676,11.949],[77.648,11.95],[77.602,11.936],[77.584,11.933],[77.559,11.94],[77.535,11.931],[77.501,11.939],[77.495,11.931],[77.487,11.899],[77.465,11.9],[77.466,11.876],[77.462,11.853],[77.467,11.848],[77.453,11.816],[77.452,11.8],[77.442,11.781],[77.423,11.771],[77.393,11.785],[77.366,11.787],[77.356,11.773],[77.337,11.768],[77.295,11.807],[77.289,11.798],[77.252,11.811],[77.247,11.797],[77.237,11.792],[77.2,11.791],[77.176,11.783],[77.147,11.78],[77.137,11.769],[77.113,11.771],[77.119,11.721],[77.106,11.732],[77.086,11.732],[77.06,11.766],[77.072,11.78],[77.051,11.786],[77.032,11.803],[77.014,11.811],[76.984,11.799],[76.969,11.773],[76.954,11.789],[76.909,11.791],[76.897,11.774],[76.898,11.758],[76.89,11.733],[76.863,11.707],[76.839,11.657],[76.839,11.637],[76.848,11.631],[76.86,11.61],[76.847,11.582],[76.859,11.575],[76.877,11.577],[76.89,11.57],[76.909,11.576],[76.941,11.576],[76.973,11.564],[76.975,11.556],[77.007,11.544],[77.011,11.515],[76.997,11.509],[76.994,11.478],[77.014,11.451],[77.012,11.433],[77,11.431],[76.984,11.438],[76.979,11.411],[76.984,11.4],[76.964,11.383],[76.974,11.384],[76.995,11.373],[77.016,11.367],[77.026,11.371],[77.035,11.391],[77.049,11.4],[77.069,11.399],[77.069,11.381],[77.09,11.392],[77.091,11.402],[77.109,11.405],[77.112,11.377],[77.127,11.377],[77.128,11.364],[77.14,11.335],[77.15,11.333]]]},"properties":{"DISTRICT":"Erode","ST_NM":"Tamil Nadu"}},
{"type":"Feature","geometry":{"type":"Polygon","coordinates":[[[84.241,19.575],[84.239,19.572],[84.235,19.572],[84.228,19.573],[84.209,19.589],[84.151,19.587],[84.135,19.628],[84.132,19.631],[84.128,19.633],[84.12,19.63],[84.114,19.627],[84.093,19.629],[84.091,19.628],[84.092,19.625],[84.095,19.617],[84.091,19.617],[84.085,19.617],[84.079,19.625],[84.069,19.629],[84.061,19.63],[84.048,19.625],[84.043,19.627],[84.039,19.63],[84.034,19.632],[84.029,19.632],[84.023,19.625],[84.019,19.625],[84.015,19.623],[84.004,19.627],[84,19.626],[83.985,19.621],[83.976,19.621],[83.956,19.634],[83.943,19.635],[83.927,19.63],[83.935,19.594],[83.936,19.566],[83.947,19.547],[83.966,19.543],[83.977,19.53],[83.961,19.5],[83.979,19.485],[83.97,19.46],[83.944,19.42],[83.947,19.398],[83.964,19.394],[83.969,19.386],[83.989,19.38],[83.999,19.385],[84.017,19.374],[84.03,19.345],[84.027,19.324],[84.015,19.305],[84.022,19.285],[84.011,19.251],[83.997,19.245],[83.984,19.205],[83.991,19.184],[83.987,19.159],[84.012,19.141],[84.024,19.141],[84.032,19.131],[84.02,19.124],[84.014,19.093],[84.03,19.054],[84.009,19.053],[83.999,19.066],[83.983,19.071],[83.965,19.059],[83.966,19.043],[83.988,19.02],[83.97,19.001],[83.967,18.989],[83.952,18.989],[83.933,19.012],[83.913,19.017],[83.902,19.001],[83.898,18.984],[83.863,18.979],[83.853,19.001],[83.832,19.009],[83.814,19.031],[83.802,19.028],[83.796,19.016],[83.799,19.001],[83.81,18.99],[83.824,18.957],[83.821,18.942],[83.829,18.93],[83.825,18.918],[83.843,18.918],[83.85,18.897],[83.844,18.881],[83.851,18.86],[83.872,18.848],[83.878,18.827],[83.915,18.825],[83.941,18.816],[83.947,18.805],[83.963,18.812],[83.99,18.809],[84.015,18.813],[84.056,18.792],[84.073,18.761],[84.099,18.754],[84.122,18.764],[84.131,18.757],[84.143,18.776],[84.167,18.784],[84.187,18.778],[84.224,18.796],[84.254,18.783],[84.266,18.784],[84.291,18.8],[84.308,18.791],[84.34,18.801],[84.337,18.818],[84.352,18.821],[84.352,18.842],[84.345,18.845],[84.342,18.873],[84.37,18.86],[84.379,18.876],[84.391,18.878],[84.393,18.892],[84.417,18.9],[84.437,18.923],[84.423,18.947],[84.428,18.958],[84.448,18.976],[84.435,18.992],[84.422,18.986],[84.402,19.005],[84.382,18.99],[84.354,19.017],[84.362,19.056],[84.372,19.079],[84.383,19.091],[84.379,19.101],[84.389,19.116],[84.379,19.131],[84.378,19.146],[84.368,19.162],[84.37,19.18],[84.364,19.192],[84.398,19.2],[84.4,19.217],[84.411,19.225],[84.409,19.238],[84.425,19.262],[84.421,19.279],[84.428,19.298],[84.419,19.309],[84.416,19.333],[84.424,19.35],[84.441,19.363],[84.395,19.369],[84.383,19.381],[84.39,19.391],[84.407,19.445],[84.396,19.448],[84.395,19.467],[84.375,19.483],[84.381,19.494],[84.375,19.506],[84.377,19.521],[84.372,19.539],[84.333,19.549],[84.318,19.538],[84.316,19.513],[84.305,19.495],[84.257,19.497],[84.251,19.572],[84.241,19.575]]]},"properties":{"DISTRICT":"Gajapati","ST_NM":"Odisha"}},
{"type":"Feature","geometry":{"type":"Polygon","coordinates":[[[84.94,19.897],[84.932,19.905],[84.912,19.905],[84.906,19.914],[84.924,19.941],[84.902,19.993],[84.888,19.999],[84.863,20],[84.857,20.03],[84.84,20.051],[84.811,20.07],[84.799,20.094],[84.82,20.117],[84.828,20.162],[84.827,20.184],[84.835,20.208],[84.829,20.223],[84.792,20.229],[84.77,20.248],[84.744,20.245],[84.732,20.252],[84.715,20.273],[84.697,20.281],[84.674,20.273],[84.667,20.249],[84.65,20.224],[84.648,20.207],[84.634,20.194],[84.601,20.178],[84.585,20.191],[84.587,20.174],[84.559,20.161],[84.564,20.146],[84.564,20.141],[84.552,20.143],[84.53,20.143],[84.522,20.155],[84.518,20.155],[84.511,20.153],[84.509,20.149],[84.508,20.143],[84.506,20.14],[84.503,20.143],[84.497,20.144],[84.479,20.146],[84.453,20.17],[84.459,20.188],[84.446,20.207],[84.438,20.206],[84.436,20.202],[84.436,20.195],[84.429,20.185],[84.436,20.156],[84.428,20.145],[84.426,20.125],[84.415,20.12],[84.41,20.091],[84.402,20.073],[84.416,20.054],[84.399,20.048],[84.371,20.033],[84.363,20.03],[84.356,20.036],[84.347,20.025],[84.341,20.015],[84.333,20.011],[84.325,19.988],[84.332,19.979],[84.337,19.977],[84.34,19.978],[84.346,19.981],[84.352,19.988],[84.356,19.989],[84.359,19.988],[84.377,19.966],[84.393,19.955],[84.398,19.956],[84.401,19.96],[84.406,19.96],[84.412,19.957],[84.416,19.958],[84.422,19.955],[84.434,19.958],[84.453,19.95],[84.466,19.952],[84.47,19.939],[84.462,19.928],[84.458,19.904],[84.463,19.877],[84.461,19.853],[84.446,19.843],[84.451,19.835],[84.446,19.83],[84.441,19.83],[84.433,19.837],[84.424,19.835],[84.383,19.842],[84.344,19.861],[84.321,19.877],[84.317,19.887],[84.308,19.906],[84.29,19.894],[84.278,19.878],[84.253,19.872],[84.235,19.868],[84.214,19.864],[84.195,19.86],[84.187,19.861],[84.185,19.86],[84.202,19.835],[84.191,19.824],[84.186,19.821],[84.174,19.82],[84.175,19.811],[84.169,19.804],[84.174,19.792],[84.173,19.79],[84.167,19.786],[84.133,19.78],[84.134,19.776],[84.15,19.756],[84.162,19.734],[84.185,19.736],[84.203,19.73],[84.19,19.703],[84.227,19.666],[84.239,19.663],[84.247,19.642],[84.227,19.626],[84.236,19.609],[84.235,19.597],[84.241,19.575],[84.251,19.572],[84.257,19.497],[84.305,19.495],[84.316,19.513],[84.318,19.538],[84.333,19.549],[84.372,19.539],[84.377,19.521],[84.375,19.506],[84.381,19.494],[84.375,19.483],[84.395,19.467],[84.396,19.448],[84.407,19.445],[84.39,19.391],[84.383,19.381],[84.395,19.369],[84.441,19.363],[84.424,19.35],[84.416,19.333],[84.419,19.309],[84.428,19.298],[84.421,19.279],[84.425,19.262],[84.409,19.238],[84.411,19.225],[84.4,19.217],[84.398,19.2],[84.364,19.192],[84.37,19.18],[84.368,19.162],[84.378,19.146],[84.379,19.131],[84.389,19.116],[84.379,19.101],[84.383,19.091],[84.372,19.079],[84.362,19.056],[84.354,19.017],[84.382,18.99],[84.402,19.005],[84.422,18.986],[84.435,18.992],[84.437,19.01],[84.479,18.99],[84.485,19.017],[84.517,19.046],[84.561,19.056],[84.567,19.068],[84.585,19.071],[84.581,19.044],[84.585,19.028],[84.604,19.029],[84.62,19.064],[84.644,19.066],[84.662,19.061],[84.667,19.08],[84.652,19.093],[84.639,19.082],[84.627,19.085],[84.622,19.101],[84.61,19.105],[84.602,19.132],[84.617,19.126],[84.648,19.131],[84.668,19.131],[84.673,19.144],[84.672,19.165],[84.688,19.159],[84.709,19.16],[84.714,19.152],[84.701,19.128],[84.705,19.118],[84.769,19.08],[84.776,19.088],[84.809,19.153],[84.839,19.191],[84.891,19.244],[84.938,19.284],[84.967,19.304],[85.092,19.38],[85.1,19.403],[85.127,19.427],[85.178,19.464],[85.159,19.483],[85.141,19.513],[85.139,19.524],[85.177,19.558],[85.184,19.675],[85.176,19.682],[85.149,19.718],[85.146,19.728],[85.129,19.749],[85.088,19.767],[85.077,19.791],[85.044,19.806],[85.026,19.808],[85.01,19.803],[85,19.817],[84.984,19.824],[84.972,19.853],[84.951,19.868],[84.936,19.872],[84.94,19.897]]]},"properties":{"DISTRICT":"Ganjam","ST_NM":"Odisha"}},
{"type":"Feature","geometry":{"type":"Polygon","coordinates":[[[80.819,15.743],[80.839,15.768],[80.852,15.819],[80.869,15.848],[80.885,15.887],[80.906,15.923],[80.904,15.961],[80.905,16],[80.902,16.024],[80.892,16.047],[80.89,16.074],[80.878,16.087],[80.869,16.12],[80.869,16.142],[80.851,16.174],[80.821,16.259],[80.81,16.285],[80.776,16.327],[80.738,16.382],[80.69,16.444],[80.673,16.471],[80.645,16.499],[80.567,16.545],[80.509,16.585],[80.484,16.597],[80.448,16.603],[80.415,16.606],[80.389,16.603],[80.375,16.618],[80.319,16.626],[80.299,16.623],[80.243,16.622],[80.228,16.624],[80.192,16.639],[80.146,16.663],[80.137,16.678],[80.149,16.705],[80.148,16.756],[80.137,16.782],[80.129,16.812],[80.12,16.829],[80.111,16.834],[80.087,16.831],[80.078,16.821],[80.06,16.779],[80.056,16.753],[80.025,16.719],[80,16.7],[79.982,16.667],[79.967,16.65],[79.951,16.64],[79.932,16.638],[79.911,16.645],[79.899,16.657],[79.882,16.696],[79.87,16.706],[79.819,16.698],[79.792,16.732],[79.783,16.737],[79.759,16.727],[79.742,16.705],[79.731,16.7],[79.691,16.698],[79.664,16.681],[79.656,16.669],[79.608,16.67],[79.572,16.645],[79.545,16.639],[79.52,16.641],[79.505,16.637],[79.459,16.616],[79.451,16.601],[79.435,16.589],[79.353,16.586],[79.328,16.583],[79.303,16.574],[79.274,16.568],[79.269,16.553],[79.238,16.526],[79.232,16.499],[79.243,16.477],[79.244,16.465],[79.227,16.445],[79.22,16.401],[79.219,16.37],[79.231,16.357],[79.236,16.344],[79.238,16.307],[79.233,16.257],[79.227,16.247],[79.2,16.23],[79.222,16.222],[79.226,16.181],[79.257,16.202],[79.304,16.23],[79.343,16.246],[79.368,16.243],[79.386,16.254],[79.408,16.275],[79.426,16.284],[79.446,16.302],[79.464,16.311],[79.498,16.301],[79.512,16.305],[79.533,16.318],[79.556,16.305],[79.562,16.252],[79.575,16.197],[79.559,16.162],[79.557,16.141],[79.566,16.122],[79.564,16.107],[79.57,16.064],[79.583,16.035],[79.583,16.021],[79.567,16.016],[79.561,16.006],[79.569,15.947],[79.579,15.94],[79.595,15.942],[79.617,15.938],[79.618,15.923],[79.641,15.91],[79.663,15.92],[79.705,15.899],[79.701,15.881],[79.729,15.86],[79.724,15.841],[79.76,15.824],[79.78,15.827],[79.784,15.843],[79.768,15.85],[79.76,15.863],[79.768,15.896],[79.792,15.913],[79.802,15.939],[79.829,15.939],[79.86,15.931],[79.863,15.924],[79.887,15.92],[79.899,15.942],[79.916,15.947],[79.925,15.965],[79.904,15.994],[79.905,16.007],[79.882,16.015],[79.872,16.025],[79.892,16.058],[79.914,16.064],[79.921,16.078],[79.886,16.114],[79.871,16.124],[79.866,16.14],[79.875,16.162],[79.898,16.165],[79.93,16.152],[79.945,16.157],[79.969,16.142],[79.986,16.137],[80,16.139],[80.014,16.115],[80.027,16.112],[80.046,16.125],[80.054,16.116],[80.043,16.089],[80.055,16.084],[80.073,16.087],[80.071,16.069],[80.088,16.043],[80.089,16.021],[80.102,16.009],[80.138,16.022],[80.139,16.04],[80.151,16.044],[80.194,16.034],[80.199,16.037],[80.233,16.031],[80.244,16.052],[80.264,16.046],[80.306,16.054],[80.323,16.044],[80.321,16.031],[80.34,16.015],[80.35,16.028],[80.402,16.011],[80.394,15.997],[80.379,15.986],[80.384,15.971],[80.386,15.94],[80.392,15.92],[80.406,15.893],[80.445,15.913],[80.451,15.903],[80.464,15.91],[80.482,15.898],[80.476,15.889],[80.452,15.879],[80.448,15.864],[80.433,15.849],[80.439,15.806],[80.488,15.827],[80.521,15.846],[80.512,15.858],[80.579,15.867],[80.605,15.868],[80.641,15.878],[80.669,15.879],[80.691,15.883],[80.731,15.886],[80.756,15.88],[80.782,15.863],[80.808,15.836],[80.816,15.809],[80.812,15.77],[80.819,15.743]]]},"properties":{"DISTRICT":"Guntur","ST_NM":"Andhra Pradesh"}},
{"type":"Feature","geometry":{"type":"Polygon","coordinates":[[[88.356,22.65],[88.344,22.665],[88.315,22.667],[88.276,22.664],[88.242,22.676],[88.196,22.668],[88.174,22.671],[88.179,22.682],[88.128,22.684],[88.122,22.698],[88.075,22.683],[88.066,22.701],[88.047,22.682],[88.028,22.689],[88.015,22.684],[87.997,22.703],[87.999,22.717],[87.992,22.733],[88.004,22.742],[87.995,22.773],[87.989,22.78],[87.969,22.772],[87.956,22.774],[87.951,22.763],[87.953,22.74],[87.941,22.7],[87.927,22.689],[87.934,22.649],[87.93,22.633],[87.904,22.629],[87.904,22.618],[87.892,22.608],[87.862,22.608],[87.855,22.598],[87.846,22.561],[87.87,22.533],[87.889,22.526],[87.886,22.509],[87.881,22.498],[87.899,22.479],[87.878,22.458],[87.883,22.441],[87.884,22.44],[87.885,22.439],[87.896,22.434],[87.921,22.436],[87.927,22.422],[87.945,22.407],[87.956,22.37],[87.958,22.348],[87.959,22.285],[87.971,22.264],[87.993,22.253],[88.012,22.23],[88.026,22.222],[88.049,22.22],[88.075,22.253],[88.079,22.284],[88.089,22.302],[88.098,22.302],[88.1,22.349],[88.093,22.357],[88.099,22.376],[88.142,22.408],[88.141,22.422],[88.12,22.464],[88.128,22.474],[88.166,22.48],[88.195,22.504],[88.212,22.515],[88.228,22.517],[88.245,22.527],[88.237,22.544],[88.247,22.561],[88.274,22.555],[88.312,22.548],[88.332,22.556],[88.347,22.577],[88.363,22.609],[88.363,22.633],[88.356,22.65]]]},"properties":{"DISTRICT":"Haora","ST_NM":"West Bengal"}},
{"type":"Feature","geometry":{"type":"Polygon","coordinates":[[[88.412,22.945],[88.407,22.986],[88.419,23.016],[88.444,23.027],[88.459,23.044],[88.464,23.071],[88.475,23.083],[88.494,23.079],[88.505,23.086],[88.508,23.101],[88.503,23.124],[88.492,23.13],[88.459,23.131],[88.453,23.148],[88.465,23.187],[88.476,23.21],[88.473,23.222],[88.46,23.228],[88.42,23.212],[88.409,23.193],[88.396,23.197],[88.385,23.181],[88.372,23.173],[88.377,23.163],[88.366,23.144],[88.365,23.12],[88.353,23.117],[88.348,23.132],[88.319,23.128],[88.304,23.132],[88.274,23.13],[88.26,23.139],[88.256,23.151],[88.19,23.162],[88.171,23.15],[88.16,23.135],[88.167,23.126],[88.161,23.1],[88.15,23.077],[88.138,23.075],[88.12,23.053],[88.102,23.047],[88.072,23.048],[88.052,23.039],[88.05,23.018],[88.04,23.01],[88.052,22.988],[88.034,22.977],[88.009,22.979],[88.013,22.963],[88,22.958],[87.991,22.966],[87.972,22.965],[87.965,22.952],[87.947,22.945],[87.932,22.945],[87.893,22.938],[87.899,22.956],[87.886,22.958],[87.88,22.943],[87.842,22.937],[87.829,22.952],[87.819,22.946],[87.794,22.941],[87.78,22.957],[87.752,22.96],[87.742,22.966],[87.738,22.983],[87.714,23.011],[87.7,23.019],[87.696,22.995],[87.664,22.987],[87.646,22.988],[87.648,22.968],[87.655,22.966],[87.655,22.942],[87.647,22.922],[87.631,22.919],[87.618,22.891],[87.568,22.919],[87.525,22.93],[87.51,22.904],[87.533,22.883],[87.53,22.865],[87.562,22.865],[87.572,22.852],[87.592,22.843],[87.619,22.851],[87.627,22.841],[87.636,22.812],[87.657,22.806],[87.672,22.809],[87.685,22.803],[87.684,22.78],[87.723,22.789],[87.729,22.775],[87.746,22.773],[87.745,22.739],[87.764,22.722],[87.764,22.698],[87.796,22.656],[87.805,22.635],[87.815,22.633],[87.816,22.617],[87.855,22.598],[87.862,22.608],[87.892,22.608],[87.904,22.618],[87.904,22.629],[87.93,22.633],[87.934,22.649],[87.927,22.689],[87.941,22.7],[87.953,22.74],[87.951,22.763],[87.956,22.774],[87.969,22.772],[87.989,22.78],[87.995,22.773],[88.004,22.742],[87.992,22.733],[87.999,22.717],[87.997,22.703],[88.015,22.684],[88.028,22.689],[88.047,22.682],[88.066,22.701],[88.075,22.683],[88.122,22.698],[88.128,22.684],[88.179,22.682],[88.174,22.671],[88.196,22.668],[88.242,22.676],[88.276,22.664],[88.315,22.667],[88.344,22.665],[88.356,22.65],[88.368,22.683],[88.363,22.718],[88.364,22.748],[88.339,22.767],[88.335,22.775],[88.356,22.795],[88.361,22.821],[88.378,22.829],[88.375,22.854],[88.381,22.862],[88.4,22.871],[88.411,22.884],[88.405,22.914],[88.414,22.932],[88.412,22.945]]]},"properties":{"DISTRICT":"Hugli","ST_NM":"West Bengal"}},
{"type":"Feature","geometry":{"type":"Polygon","coordinates":[[[78.512,17.454],[78.491,17.476],[78.479,17.473],[78.464,17.446],[78.449,17.428],[78.445,17.405],[78.427,17.429],[78.411,17.433],[78.393,17.412],[78.391,17.389],[78.401,17.357],[78.411,17.349],[78.441,17.345],[78.45,17.324],[78.472,17.304],[78.482,17.304],[78.515,17.33],[78.515,17.35],[78.529,17.371],[78.522,17.39],[78.527,17.421],[78.537,17.44],[78.54,17.463],[78.512,17.454]]]},"properties":{"DISTRICT":"Hyderabad","ST_NM":"Andhra Pradesh"}},
{"type":"Feature","geometry":{"type":"Polygon","coordinates":[[[86.255,20.367],[86.229,20.361],[86.202,20.363],[86.19,20.375],[86.169,20.376],[86.137,20.357],[86.087,20.367],[86.055,20.391],[86.036,20.394],[86.028,20.401],[86.015,20.381],[86.036,20.34],[86.031,20.333],[86.035,20.312],[86.031,20.3],[86.043,20.293],[86.051,20.277],[86.07,20.272],[86.079,20.246],[86.127,20.226],[86.152,20.222],[86.156,20.211],[86.143,20.195],[86.153,20.189],[86.153,20.162],[86.147,20.146],[86.161,20.135],[86.167,20.112],[86.157,20.094],[86.171,20.074],[86.189,20.053],[86.206,20.052],[86.226,20.038],[86.248,20.039],[86.257,20.054],[86.282,20.055],[86.283,20.044],[86.3,20.031],[86.317,20.028],[86.328,20.019],[86.345,19.984],[86.357,19.974],[86.368,19.975],[86.379,19.982],[86.382,20.001],[86.4,19.999],[86.407,20.006],[86.415,20.028],[86.429,20.053],[86.443,20.052],[86.462,20.077],[86.48,20.092],[86.527,20.168],[86.555,20.192],[86.608,20.227],[86.674,20.258],[86.673,20.268],[86.693,20.274],[86.757,20.308],[86.784,20.326],[86.778,20.344],[86.77,20.331],[86.744,20.316],[86.712,20.301],[86.693,20.305],[86.684,20.321],[86.659,20.334],[86.627,20.338],[86.598,20.345],[86.562,20.327],[86.552,20.327],[86.529,20.343],[86.507,20.334],[86.478,20.34],[86.457,20.333],[86.436,20.339],[86.399,20.368],[86.386,20.357],[86.365,20.361],[86.353,20.354],[86.344,20.37],[86.332,20.359],[86.303,20.356],[86.278,20.372],[86.255,20.367]]]},"properties":{"DISTRICT":"Jagatsinghapur","ST_NM":"Odisha"}},
{"type":"Feature","geometry":{"type":"Polygon","coordinates":[[[86.29,21.018],[86.262,21.039],[86.236,21.039],[86.218,21.053],[86.163,21.064],[86.142,21.074],[86.117,21.064],[86.096,21.051],[86.09,21.018],[86.082,21.014],[86.048,21.024],[86.036,21.047],[86.038,21.059],[86.029,21.073],[86.037,21.093],[86.048,21.099],[86.056,21.117],[86.074,21.128],[86.078,21.139],[86.078,21.167],[86.064,21.159],[86.039,21.157],[86.033,21.141],[86.01,21.143],[85.964,21.138],[85.949,21.129],[85.937,21.136],[85.919,21.094],[85.876,21.086],[85.85,21.095],[85.83,21.09],[85.816,21.095],[85.809,21.104],[85.784,21.101],[85.77,21.116],[85.766,21.143],[85.752,21.148],[85.741,21.139],[85.729,21.143],[85.701,21.139],[85.688,21.131],[85.687,21.106],[85.701,21.08],[85.717,21.067],[85.728,21.067],[85.735,21.031],[85.721,20.994],[85.724,20.983],[85.743,20.992],[85.758,20.991],[85.795,20.971],[85.825,20.94],[85.828,20.926],[85.843,20.932],[85.87,20.927],[85.897,20.93],[85.92,20.927],[85.922,20.898],[85.9,20.856],[85.902,20.847],[85.925,20.839],[85.959,20.837],[85.98,20.819],[86,20.818],[86.021,20.809],[86.034,20.809],[86.033,20.794],[86.023,20.777],[86.028,20.762],[86.026,20.726],[86.01,20.724],[85.986,20.735],[85.956,20.721],[85.909,20.712],[85.912,20.698],[85.922,20.7],[85.958,20.684],[85.967,20.667],[85.986,20.66],[85.996,20.642],[86.007,20.64],[86.011,20.624],[86.048,20.599],[86.054,20.589],[86.075,20.6],[86.093,20.618],[86.12,20.617],[86.13,20.63],[86.146,20.634],[86.149,20.643],[86.184,20.658],[86.197,20.651],[86.185,20.639],[86.189,20.624],[86.21,20.633],[86.214,20.618],[86.231,20.61],[86.255,20.607],[86.263,20.589],[86.284,20.584],[86.305,20.579],[86.323,20.587],[86.319,20.619],[86.334,20.61],[86.361,20.604],[86.375,20.595],[86.396,20.608],[86.406,20.626],[86.416,20.628],[86.43,20.643],[86.459,20.653],[86.459,20.67],[86.475,20.688],[86.487,20.679],[86.514,20.687],[86.523,20.698],[86.544,20.693],[86.552,20.706],[86.55,20.731],[86.543,20.734],[86.545,20.754],[86.563,20.764],[86.567,20.775],[86.585,20.78],[86.61,20.773],[86.625,20.797],[86.617,20.798],[86.612,20.829],[86.604,20.831],[86.597,20.857],[86.57,20.866],[86.55,20.863],[86.517,20.871],[86.496,20.868],[86.484,20.856],[86.47,20.861],[86.458,20.845],[86.43,20.849],[86.424,20.856],[86.394,20.865],[86.359,20.853],[86.33,20.865],[86.313,20.896],[86.282,20.906],[86.28,20.922],[86.289,20.944],[86.291,20.969],[86.287,20.978],[86.29,21.018]]]},"properties":{"DISTRICT":"Jajapur","ST_NM":"Odisha"}},
{"type":"Feature","geometry":{"type":"Polygon","coordinates":[[[89.862,26.704],[89.838,26.711],[89.813,26.715],[89.782,26.699],[89.761,26.721],[89.765,26.735],[89.732,26.722],[89.709,26.737],[89.675,26.739],[89.664,26.718],[89.639,26.719],[89.62,26.726],[89.634,26.742],[89.648,26.747],[89.659,26.772],[89.646,26.783],[89.633,26.776],[89.617,26.789],[89.573,26.802],[89.565,26.815],[89.552,26.812],[89.534,26.819],[89.517,26.817],[89.502,26.803],[89.465,26.806],[89.457,26.814],[89.454,26.835],[89.396,26.842],[89.39,26.862],[89.366,26.863],[89.334,26.84],[89.326,26.853],[89.296,26.834],[89.258,26.816],[89.242,26.821],[89.22,26.818],[89.196,26.808],[89.179,26.822],[89.155,26.812],[89.135,26.809],[89.108,26.836],[89.11,26.86],[89.094,26.875],[89.101,26.887],[89.092,26.897],[89.067,26.904],[89.056,26.902],[89.053,26.92],[89.034,26.938],[88.991,26.921],[88.969,26.924],[88.948,26.938],[88.962,26.954],[88.953,26.977],[88.918,26.994],[88.9,26.977],[88.896,26.961],[88.879,26.964],[88.862,26.965],[88.85,26.975],[88.818,26.99],[88.798,26.99],[88.787,26.974],[88.764,26.964],[88.768,26.924],[88.701,26.924],[88.669,26.926],[88.676,26.946],[88.665,26.961],[88.64,26.927],[88.638,26.904],[88.623,26.901],[88.611,26.879],[88.577,26.888],[88.562,26.879],[88.514,26.862],[88.484,26.875],[88.499,26.853],[88.448,26.835],[88.437,26.817],[88.437,26.796],[88.448,26.789],[88.44,26.759],[88.43,26.753],[88.429,26.724],[88.451,26.709],[88.442,26.694],[88.418,26.699],[88.405,26.673],[88.407,26.643],[88.417,26.63],[88.424,26.622],[88.429,26.567],[88.436,26.549],[88.454,26.538],[88.484,26.542],[88.504,26.512],[88.514,26.514],[88.533,26.486],[88.553,26.483],[88.573,26.458],[88.601,26.454],[88.602,26.469],[88.617,26.474],[88.633,26.455],[88.633,26.435],[88.652,26.426],[88.657,26.416],[88.687,26.409],[88.696,26.389],[88.694,26.376],[88.702,26.36],[88.706,26.337],[88.733,26.344],[88.749,26.341],[88.737,26.32],[88.726,26.312],[88.68,26.32],[88.695,26.297],[88.682,26.296],[88.67,26.285],[88.676,26.265],[88.688,26.262],[88.7,26.279],[88.721,26.281],[88.728,26.29],[88.744,26.29],[88.761,26.31],[88.762,26.335],[88.75,26.356],[88.769,26.386],[88.778,26.395],[88.792,26.389],[88.804,26.373],[88.828,26.375],[88.854,26.382],[88.881,26.401],[88.892,26.425],[88.917,26.452],[88.95,26.477],[88.947,26.498],[88.961,26.511],[88.965,26.523],[88.988,26.534],[89.03,26.517],[89.048,26.521],[89.057,26.534],[89.078,26.538],[89.098,26.521],[89.124,26.523],[89.152,26.519],[89.187,26.5],[89.199,26.509],[89.235,26.503],[89.246,26.492],[89.278,26.486],[89.31,26.483],[89.33,26.493],[89.348,26.488],[89.361,26.495],[89.395,26.465],[89.418,26.472],[89.439,26.47],[89.454,26.478],[89.459,26.49],[89.496,26.481],[89.509,26.472],[89.533,26.477],[89.547,26.459],[89.555,26.426],[89.572,26.423],[89.587,26.429],[89.622,26.395],[89.626,26.416],[89.648,26.418],[89.667,26.435],[89.68,26.435],[89.7,26.421],[89.728,26.436],[89.749,26.454],[89.767,26.464],[89.834,26.458],[89.833,26.467],[89.866,26.464],[89.86,26.444],[89.838,26.447],[89.83,26.431],[89.838,26.412],[89.85,26.41],[89.86,26.434],[89.875,26.448],[89.875,26.464],[89.858,26.488],[89.86,26.521],[89.867,26.53],[89.87,26.57],[89.883,26.584],[89.877,26.595],[89.882,26.613],[89.867,26.615],[89.863,26.632],[89.879,26.643],[89.873,26.657],[89.877,26.683],[89.862,26.704]]]},"properties":{"DISTRICT":"Jalpaiguri","ST_NM":"West Bengal"}},
{"type":"Feature","geometry":{"type":"Polygon","coordinates":[[[83.8,21.566],[83.815,21.591],[83.823,21.594],[83.846,21.586],[83.86,21.587],[83.886,21.575],[83.901,21.574],[83.941,21.577],[83.964,21.571],[83.974,21.577],[83.981,21.595],[83.969,21.691],[83.973,21.709],[83.949,21.72],[83.944,21.728],[83.953,21.743],[83.969,21.755],[83.995,21.756],[84.015,21.786],[84.028,21.781],[84.039,21.759],[84.064,21.774],[84.09,21.776],[84.115,21.789],[84.145,21.779],[84.19,21.754],[84.212,21.759],[84.221,21.766],[84.238,21.763],[84.247,21.769],[84.273,21.759],[84.287,21.762],[84.296,21.778],[84.297,21.796],[84.311,21.81],[84.315,21.826],[84.33,21.841],[84.327,21.857],[84.347,21.896],[84.356,21.924],[84.377,21.954],[84.376,21.975],[84.393,21.992],[84.389,22],[84.389,22.024],[84.369,22.027],[84.358,22.037],[84.338,22.031],[84.322,22.037],[84.296,22.032],[84.29,22.017],[84.27,22.014],[84.247,21.983],[84.233,21.975],[84.207,21.978],[84.199,21.987],[84.172,21.999],[84.149,21.998],[84.116,22.009],[84.11,21.993],[84.094,21.999],[84.086,21.981],[84.089,21.961],[84.082,21.956],[84.079,21.937],[84.056,21.939],[84.049,21.948],[84.029,21.953],[84.007,21.924],[83.981,21.906],[83.973,21.913],[83.961,21.941],[83.928,21.942],[83.897,21.946],[83.881,21.924],[83.854,21.923],[83.865,21.911],[83.841,21.895],[83.83,21.878],[83.817,21.883],[83.811,21.861],[83.801,21.869],[83.761,21.836],[83.722,21.786],[83.696,21.791],[83.687,21.804],[83.643,21.817],[83.63,21.848],[83.613,21.846],[83.613,21.835],[83.593,21.826],[83.581,21.832],[83.565,21.837],[83.538,21.835],[83.544,21.821],[83.544,21.797],[83.529,21.797],[83.498,21.811],[83.491,21.797],[83.474,21.785],[83.483,21.777],[83.491,21.744],[83.463,21.697],[83.439,21.697],[83.427,21.678],[83.448,21.658],[83.49,21.643],[83.527,21.673],[83.538,21.692],[83.545,21.726],[83.56,21.743],[83.599,21.735],[83.656,21.72],[83.695,21.702],[83.705,21.689],[83.711,21.667],[83.727,21.631],[83.793,21.574],[83.8,21.566]]]},"properties":{"DISTRICT":"Jharsuguda","ST_NM":"Odisha"}},
{"type":"Feature","geometry":{"type":"Polygon","coordinates":[[[83.653,20.389],[83.65,20.388],[83.649,20.386],[83.656,20.37],[83.63,20.369],[83.625,20.351],[83.575,20.368],[83.571,20.388],[83.55,20.402],[83.523,20.406],[83.519,20.413],[83.491,20.416],[83.497,20.434],[83.488,20.454],[83.45,20.419],[83.424,20.403],[83.412,20.373],[83.386,20.345],[83.366,20.337],[83.36,20.315],[83.344,20.317],[83.325,20.308],[83.3,20.303],[83.285,20.281],[83.27,20.27],[83.243,20.26],[83.236,20.246],[83.24,20.23],[83.226,20.205],[83.204,20.194],[83.184,20.173],[83.146,20.17],[83.128,20.194],[83.102,20.191],[83.091,20.199],[83.059,20.185],[83.051,20.187],[83.013,20.17],[82.984,20.174],[82.969,20.179],[82.946,20.173],[82.932,20.179],[82.914,20.167],[82.911,20.148],[82.884,20.159],[82.825,20.166],[82.817,20.129],[82.821,20.113],[82.812,20.099],[82.79,20.102],[82.769,20.075],[82.739,20.024],[82.723,20.022],[82.705,19.998],[82.719,19.988],[82.717,19.952],[82.708,19.912],[82.708,19.899],[82.717,19.876],[82.719,19.854],[82.706,19.832],[82.691,19.829],[82.653,19.831],[82.649,19.819],[82.637,19.809],[82.627,19.792],[82.607,19.787],[82.593,19.776],[82.603,19.746],[82.569,19.734],[82.568,19.683],[82.572,19.673],[82.558,19.646],[82.528,19.63],[82.55,19.61],[82.537,19.576],[82.559,19.579],[82.569,19.565],[82.569,19.543],[82.602,19.541],[82.617,19.533],[82.608,19.52],[82.645,19.507],[82.634,19.482],[82.649,19.477],[82.651,19.461],[82.662,19.455],[82.665,19.443],[82.682,19.436],[82.694,19.417],[82.713,19.413],[82.708,19.388],[82.715,19.358],[82.728,19.346],[82.743,19.349],[82.757,19.328],[82.787,19.342],[82.8,19.329],[82.826,19.322],[82.838,19.325],[82.852,19.309],[82.833,19.291],[82.826,19.256],[82.806,19.237],[82.818,19.231],[82.839,19.235],[82.848,19.209],[82.857,19.204],[82.864,19.206],[82.872,19.2],[82.879,19.184],[82.886,19.19],[82.902,19.229],[82.891,19.254],[82.899,19.26],[82.905,19.285],[82.919,19.305],[82.928,19.298],[82.938,19.311],[82.958,19.325],[82.958,19.351],[82.948,19.363],[82.953,19.391],[82.937,19.408],[82.933,19.429],[82.925,19.435],[82.939,19.45],[82.957,19.445],[82.992,19.447],[82.997,19.47],[82.991,19.475],[83,19.498],[83.027,19.512],[83.026,19.527],[83.047,19.557],[83.074,19.562],[83.094,19.542],[83.122,19.501],[83.135,19.509],[83.159,19.485],[83.15,19.474],[83.168,19.432],[83.186,19.426],[83.188,19.464],[83.205,19.463],[83.21,19.476],[83.229,19.503],[83.245,19.506],[83.256,19.529],[83.251,19.541],[83.264,19.552],[83.258,19.575],[83.27,19.579],[83.267,19.599],[83.303,19.591],[83.333,19.596],[83.355,19.605],[83.376,19.603],[83.373,19.62],[83.379,19.652],[83.386,19.667],[83.404,19.682],[83.415,19.684],[83.431,19.698],[83.437,19.714],[83.447,19.72],[83.456,19.74],[83.454,19.788],[83.443,19.8],[83.436,19.824],[83.44,19.834],[83.427,19.844],[83.431,19.87],[83.409,19.913],[83.409,19.923],[83.443,19.933],[83.449,19.969],[83.452,19.973],[83.475,19.964],[83.481,19.964],[83.485,19.961],[83.494,19.959],[83.496,19.96],[83.5,19.966],[83.504,19.974],[83.503,19.992],[83.528,20.017],[83.544,20.022],[83.555,20.051],[83.573,20.065],[83.575,20.088],[83.584,20.093],[83.589,20.1],[83.585,20.109],[83.584,20.115],[83.589,20.114],[83.592,20.112],[83.602,20.104],[83.614,20.104],[83.618,20.099],[83.629,20.095],[83.633,20.091],[83.636,20.09],[83.64,20.092],[83.649,20.098],[83.664,20.109],[83.678,20.113],[83.696,20.101],[83.705,20.103],[83.711,20.102],[83.715,20.107],[83.719,20.116],[83.718,20.13],[83.72,20.133],[83.724,20.131],[83.728,20.128],[83.73,20.133],[83.731,20.138],[83.73,20.143],[83.734,20.149],[83.791,20.181],[83.792,20.195],[83.786,20.213],[83.781,20.213],[83.777,20.21],[83.771,20.208],[83.753,20.211],[83.74,20.211],[83.732,20.213],[83.741,20.224],[83.72,20.239],[83.719,20.288],[83.712,20.325],[83.704,20.35],[83.706,20.37],[83.691,20.373],[83.687,20.375],[83.664,20.384],[83.658,20.385],[83.654,20.387],[83.653,20.389]]]},"properties":{"DISTRICT":"Kalahandi","ST_NM":"Odisha"}},
{"type":"Feature","geometry":{"type":"Polygon","coordinates":[[[80.204,13.028],[80.19,13.025],[80.167,13.031],[80.148,13.03],[80.149,13.041],[80.131,13.051],[80.125,13.06],[80.123,13.092],[80.127,13.108],[80.113,13.132],[80.08,13.143],[80.06,13.135],[80.031,13.13],[80.015,13.132],[80.013,13.107],[79.988,13.091],[79.98,13.065],[79.998,13.052],[79.992,13.031],[79.971,13.047],[79.946,13.033],[79.922,13.037],[79.922,13.048],[79.904,13.051],[79.898,13.034],[79.905,13.015],[79.924,13.014],[79.944,13.007],[79.941,12.995],[79.929,12.991],[79.913,13.003],[79.901,12.988],[79.917,12.977],[79.896,12.946],[79.854,12.95],[79.825,12.963],[79.821,13],[79.799,13.027],[79.786,13.022],[79.761,13.01],[79.735,12.985],[79.691,12.967],[79.68,12.956],[79.661,12.948],[79.662,12.93],[79.622,12.912],[79.573,12.899],[79.56,12.874],[79.568,12.856],[79.56,12.85],[79.583,12.841],[79.588,12.834],[79.64,12.816],[79.645,12.807],[79.639,12.785],[79.649,12.774],[79.673,12.777],[79.679,12.791],[79.703,12.776],[79.712,12.758],[79.729,12.756],[79.747,12.743],[79.742,12.732],[79.721,12.729],[79.739,12.716],[79.737,12.7],[79.745,12.694],[79.707,12.675],[79.684,12.668],[79.648,12.668],[79.634,12.631],[79.647,12.625],[79.646,12.61],[79.671,12.592],[79.692,12.6],[79.726,12.588],[79.707,12.571],[79.721,12.565],[79.717,12.549],[79.736,12.54],[79.757,12.518],[79.752,12.504],[79.734,12.493],[79.747,12.483],[79.75,12.455],[79.739,12.454],[79.736,12.428],[79.717,12.436],[79.706,12.426],[79.706,12.413],[79.696,12.398],[79.688,12.398],[79.664,12.383],[79.663,12.365],[79.647,12.359],[79.645,12.345],[79.651,12.334],[79.67,12.32],[79.685,12.316],[79.718,12.336],[79.753,12.324],[79.783,12.34],[79.799,12.336],[79.803,12.326],[79.825,12.31],[79.843,12.289],[79.843,12.278],[79.862,12.263],[79.871,12.244],[79.904,12.229],[79.916,12.234],[79.926,12.246],[79.945,12.242],[79.955,12.231],[79.979,12.238],[79.993,12.253],[80.005,12.256],[80.024,12.286],[80.068,12.349],[80.079,12.36],[80.138,12.432],[80.131,12.447],[80.149,12.459],[80.164,12.478],[80.164,12.517],[80.188,12.572],[80.201,12.622],[80.237,12.726],[80.254,12.767],[80.256,12.781],[80.247,12.793],[80.252,12.878],[80.26,12.937],[80.273,12.995],[80.239,12.989],[80.215,12.994],[80.213,13.007],[80.201,13.015],[80.204,13.028]]]},"properties":{"DISTRICT":"Kancheepuram","ST_NM":"Tamil Nadu"}},
{"type":"Feature","geometry":{"type":"Polygon","coordinates":[[[84.513,20.398],[84.509,20.399],[84.504,20.399],[84.498,20.397],[84.489,20.392],[84.487,20.387],[84.469,20.392],[84.461,20.402],[84.458,20.43],[84.465,20.442],[84.45,20.467],[84.427,20.488],[84.435,20.509],[84.423,20.52],[84.398,20.527],[84.384,20.556],[84.386,20.602],[84.371,20.638],[84.375,20.645],[84.36,20.669],[84.343,20.675],[84.334,20.689],[84.319,20.694],[84.304,20.693],[84.295,20.689],[84.278,20.674],[84.283,20.643],[84.275,20.64],[84.256,20.605],[84.236,20.595],[84.23,20.59],[84.222,20.587],[84.189,20.591],[84.178,20.605],[84.169,20.601],[84.155,20.593],[84.153,20.589],[84.148,20.585],[84.146,20.584],[84.135,20.59],[84.118,20.588],[84.104,20.599],[84.097,20.598],[84.085,20.592],[84.074,20.598],[84.056,20.596],[84.045,20.59],[84.036,20.585],[84.033,20.58],[84.016,20.571],[84.007,20.57],[83.996,20.572],[83.986,20.581],[83.979,20.585],[83.973,20.586],[83.95,20.581],[83.943,20.583],[83.934,20.589],[83.938,20.603],[83.928,20.607],[83.92,20.617],[83.917,20.616],[83.918,20.609],[83.92,20.606],[83.916,20.599],[83.913,20.587],[83.915,20.58],[83.912,20.578],[83.895,20.58],[83.881,20.58],[83.873,20.579],[83.858,20.572],[83.856,20.563],[83.843,20.544],[83.84,20.543],[83.83,20.547],[83.824,20.547],[83.823,20.543],[83.826,20.535],[83.806,20.511],[83.814,20.463],[83.811,20.446],[83.815,20.436],[83.813,20.433],[83.81,20.432],[83.801,20.433],[83.794,20.435],[83.793,20.439],[83.788,20.443],[83.783,20.425],[83.783,20.413],[83.779,20.412],[83.77,20.414],[83.761,20.425],[83.755,20.428],[83.751,20.428],[83.751,20.424],[83.746,20.422],[83.736,20.426],[83.729,20.433],[83.722,20.435],[83.715,20.43],[83.71,20.425],[83.695,20.416],[83.69,20.416],[83.686,20.42],[83.68,20.429],[83.675,20.429],[83.67,20.425],[83.666,20.423],[83.666,20.42],[83.663,20.418],[83.658,20.413],[83.66,20.404],[83.654,20.39],[83.653,20.389],[83.654,20.387],[83.658,20.385],[83.664,20.384],[83.687,20.375],[83.691,20.373],[83.706,20.37],[83.704,20.35],[83.712,20.325],[83.719,20.288],[83.72,20.239],[83.741,20.224],[83.732,20.213],[83.74,20.211],[83.753,20.211],[83.771,20.208],[83.777,20.21],[83.781,20.213],[83.786,20.213],[83.792,20.195],[83.791,20.181],[83.734,20.149],[83.73,20.143],[83.731,20.138],[83.73,20.133],[83.728,20.128],[83.724,20.131],[83.72,20.133],[83.718,20.13],[83.719,20.116],[83.715,20.107],[83.711,20.102],[83.696,20.101],[83.688,20.105],[83.678,20.113],[83.664,20.109],[83.649,20.098],[83.64,20.092],[83.636,20.09],[83.602,20.104],[83.592,20.112],[83.589,20.114],[83.584,20.115],[83.585,20.109],[83.589,20.1],[83.584,20.093],[83.575,20.088],[83.573,20.065],[83.555,20.051],[83.544,20.022],[83.528,20.017],[83.503,19.992],[83.504,19.974],[83.5,19.966],[83.496,19.96],[83.53,19.95],[83.562,19.925],[83.552,19.906],[83.542,19.899],[83.528,19.874],[83.531,19.856],[83.545,19.843],[83.589,19.823],[83.598,19.828],[83.602,19.833],[83.604,19.831],[83.606,19.827],[83.608,19.818],[83.62,19.815],[83.622,19.778],[83.61,19.758],[83.614,19.749],[83.628,19.743],[83.634,19.718],[83.645,19.704],[83.638,19.672],[83.641,19.666],[83.649,19.658],[83.655,19.659],[83.658,19.662],[83.663,19.664],[83.675,19.68],[83.69,19.687],[83.695,19.688],[83.701,19.686],[83.724,19.668],[83.729,19.659],[83.734,19.654],[83.741,19.655],[83.744,19.658],[83.751,19.666],[83.761,19.675],[83.768,19.708],[83.769,19.713],[83.773,19.714],[83.781,19.712],[83.793,19.712],[83.809,19.717],[83.814,19.717],[83.831,19.709],[83.844,19.71],[83.855,19.688],[83.874,19.674],[83.881,19.672],[83.905,19.672],[83.913,19.674],[83.916,19.678],[83.921,19.679],[83.926,19.676],[83.933,19.677],[83.938,19.669],[83.935,19.656],[83.943,19.635],[83.95,19.634],[83.956,19.634],[83.976,19.621],[83.985,19.621],[84,19.626],[84.004,19.627],[84.011,19.618],[84.015,19.623],[84.023,19.625],[84.029,19.632],[84.034,19.632],[84.039,19.63],[84.043,19.627],[84.048,19.625],[84.061,19.63],[84.069,19.629],[84.079,19.625],[84.085,19.617],[84.091,19.617],[84.095,19.617],[84.092,19.625],[84.091,19.628],[84.093,19.629],[84.114,19.627],[84.12,19.63],[84.128,19.633],[84.132,19.631],[84.135,19.628],[84.151,19.587],[84.209,19.589],[84.228,19.573],[84.235,19.572],[84.239,19.572],[84.241,19.575],[84.235,19.597],[84.236,19.609],[84.227,19.626],[84.247,19.642],[84.239,19.663],[84.227,19.666],[84.19,19.703],[84.203,19.73],[84.185,19.736],[84.162,19.734],[84.15,19.756],[84.134,19.776],[84.133,19.78],[84.167,19.786],[84.173,19.79],[84.174,19.792],[84.169,19.804],[84.174,19.82],[84.186,19.821],[84.191,19.824],[84.202,19.835],[84.185,19.86],[84.187,19.861],[84.195,19.86],[84.235,19.868],[84.253,19.872],[84.278,19.878],[84.29,19.894],[84.308,19.906],[84.317,19.887],[84.321,19.877],[84.344,19.861],[84.383,19.842],[84.424,19.835],[84.433,19.837],[84.441,19.83],[84.446,19.83],[84.451,19.835],[84.446,19.843],[84.461,19.853],[84.463,19.877],[84.458,19.904],[84.462,19.928],[84.47,19.939],[84.466,19.952],[84.453,19.95],[84.434,19.958],[84.422,19.955],[84.416,19.958],[84.412,19.957],[84.406,19.96],[84.401,19.96],[84.398,19.956],[84.393,19.955],[84.377,19.966],[84.359,19.988],[84.356,19.989],[84.352,19.988],[84.346,19.981],[84.34,19.978],[84.337,19.977],[84.332,19.979],[84.325,19.988],[84.333,20.011],[84.341,20.015],[84.347,20.025],[84.356,20.036],[84.363,20.03],[84.371,20.033],[84.399,20.048],[84.416,20.054],[84.402,20.073],[84.41,20.091],[84.415,20.12],[84.426,20.125],[84.428,20.145],[84.436,20.156],[84.429,20.185],[84.436,20.195],[84.436,20.202],[84.438,20.206],[84.446,20.207],[84.459,20.188],[84.453,20.17],[84.479,20.146],[84.506,20.14],[84.508,20.143],[84.509,20.149],[84.511,20.153],[84.518,20.155],[84.522,20.155],[84.53,20.143],[84.564,20.141],[84.564,20.146],[84.559,20.161],[84.587,20.174],[84.585,20.191],[84.577,20.206],[84.547,20.244],[84.546,20.275],[84.553,20.288],[84.546,20.322],[84.489,20.339],[84.485,20.351],[84.52,20.372],[84.513,20.398]]]},"properties":{"DISTRICT":"Kandhamal","ST_NM":"Odisha"}},
{"type":"Feature","geometry":{"type":"Polygon","coordinates":[[[77.591,8.142],[77.584,8.155],[77.552,8.158],[77.539,8.176],[77.553,8.193],[77.544,8.209],[77.55,8.223],[77.546,8.243],[77.567,8.246],[77.576,8.253],[77.563,8.265],[77.564,8.28],[77.541,8.315],[77.532,8.318],[77.54,8.388],[77.508,8.386],[77.493,8.38],[77.475,8.4],[77.465,8.428],[77.472,8.456],[77.463,8.468],[77.447,8.474],[77.448,8.498],[77.425,8.513],[77.39,8.523],[77.374,8.52],[77.363,8.541],[77.339,8.552],[77.287,8.568],[77.27,8.579],[77.284,8.546],[77.271,8.525],[77.267,8.51],[77.242,8.497],[77.225,8.513],[77.21,8.496],[77.218,8.468],[77.228,8.459],[77.229,8.446],[77.208,8.443],[77.199,8.417],[77.173,8.385],[77.154,8.386],[77.176,8.353],[77.169,8.33],[77.141,8.331],[77.128,8.321],[77.124,8.309],[77.109,8.305],[77.1,8.291],[77.128,8.266],[77.168,8.241],[77.187,8.22],[77.234,8.189],[77.25,8.17],[77.277,8.164],[77.3,8.147],[77.31,8.126],[77.318,8.121],[77.341,8.125],[77.361,8.123],[77.39,8.107],[77.455,8.089],[77.505,8.08],[77.556,8.079],[77.566,8.09],[77.559,8.103],[77.563,8.122],[77.591,8.142]]]},"properties":{"DISTRICT":"Kanniyakumari","ST_NM":"Tamil Nadu"}},
{"type":"Feature","geometry":{"type":"Polygon","coordinates":[[[79.901,18.835],[79.87,18.836],[79.862,18.872],[79.848,18.882],[79.836,18.869],[79.831,18.841],[79.833,18.831],[79.851,18.81],[79.851,18.79],[79.836,18.78],[79.814,18.743],[79.81,18.726],[79.778,18.703],[79.75,18.692],[79.715,18.694],[79.701,18.686],[79.683,18.688],[79.668,18.707],[79.656,18.731],[79.636,18.743],[79.626,18.743],[79.601,18.762],[79.57,18.782],[79.536,18.796],[79.519,18.793],[79.495,18.818],[79.463,18.839],[79.45,18.853],[79.413,18.87],[79.389,18.871],[79.372,18.841],[79.355,18.83],[79.32,18.823],[79.294,18.829],[79.281,18.837],[79.267,18.854],[79.245,18.873],[79.191,18.876],[79.155,18.917],[79.133,18.932],[79.112,18.954],[79.107,18.977],[79.092,18.992],[79.078,19.024],[79.07,19.034],[79.045,19.051],[79.02,19.062],[78.976,19.073],[78.956,19.071],[78.934,19.059],[78.911,19.033],[78.902,19.031],[78.877,19.038],[78.851,19.053],[78.826,19.056],[78.759,19.014],[78.742,19.011],[78.706,19.026],[78.687,19.027],[78.662,19.014],[78.636,18.981],[78.623,18.978],[78.591,18.988],[78.563,18.974],[78.534,18.944],[78.522,18.915],[78.54,18.891],[78.546,18.876],[78.551,18.824],[78.56,18.797],[78.568,18.785],[78.561,18.764],[78.585,18.738],[78.604,18.735],[78.625,18.737],[78.642,18.728],[78.642,18.696],[78.652,18.66],[78.665,18.635],[78.679,18.625],[78.658,18.6],[78.646,18.593],[78.62,18.587],[78.604,18.578],[78.594,18.547],[78.573,18.547],[78.559,18.537],[78.526,18.477],[78.524,18.47],[78.543,18.458],[78.551,18.446],[78.553,18.431],[78.547,18.411],[78.566,18.391],[78.538,18.391],[78.537,18.368],[78.551,18.338],[78.543,18.317],[78.542,18.303],[78.523,18.285],[78.549,18.269],[78.56,18.254],[78.569,18.23],[78.578,18.225],[78.594,18.247],[78.631,18.251],[78.663,18.249],[78.698,18.231],[78.727,18.233],[78.731,18.219],[78.746,18.218],[78.758,18.229],[78.773,18.26],[78.78,18.265],[78.805,18.259],[78.826,18.258],[78.849,18.249],[78.898,18.239],[78.909,18.251],[78.942,18.257],[78.965,18.252],[78.962,18.231],[78.966,18.217],[79.009,18.204],[79.02,18.186],[79.021,18.165],[79.016,18.143],[79.043,18.127],[79.037,18.097],[79.065,18.085],[79.106,18.08],[79.127,18.082],[79.112,18.053],[79.121,18.04],[79.116,18.027],[79.096,18.025],[79.103,18.019],[79.149,18.004],[79.151,17.986],[79.193,17.995],[79.218,17.989],[79.234,17.98],[79.258,17.981],[79.257,18],[79.292,18.017],[79.311,18.022],[79.358,18.025],[79.375,18.02],[79.389,18.031],[79.421,18.049],[79.461,18.078],[79.479,18.115],[79.496,18.104],[79.513,18.101],[79.564,18.106],[79.577,18.126],[79.594,18.124],[79.587,18.145],[79.61,18.145],[79.614,18.169],[79.624,18.182],[79.593,18.25],[79.576,18.28],[79.574,18.311],[79.583,18.315],[79.58,18.331],[79.587,18.351],[79.581,18.376],[79.586,18.409],[79.58,18.425],[79.596,18.447],[79.597,18.47],[79.638,18.477],[79.658,18.473],[79.685,18.497],[79.72,18.495],[79.743,18.487],[79.763,18.472],[79.775,18.451],[79.792,18.431],[79.814,18.419],[79.829,18.42],[79.827,18.436],[79.813,18.476],[79.817,18.496],[79.833,18.501],[79.857,18.485],[79.867,18.463],[79.881,18.445],[79.897,18.433],[79.923,18.424],[79.926,18.459],[79.907,18.47],[79.888,18.499],[79.886,18.511],[79.914,18.514],[79.959,18.507],[79.97,18.477],[79.993,18.49],[80.009,18.475],[80.025,18.469],[80.032,18.48],[80.041,18.516],[80.086,18.518],[80.053,18.482],[80.077,18.476],[80.105,18.458],[80.079,18.428],[80.062,18.426],[80.04,18.431],[80.025,18.417],[80.031,18.401],[80.06,18.401],[80.077,18.387],[80.084,18.422],[80.099,18.432],[80.153,18.413],[80.147,18.373],[80.154,18.363],[80.175,18.349],[80.219,18.39],[80.225,18.42],[80.229,18.553],[80.269,18.588],[80.307,18.589],[80.344,18.595],[80.327,18.626],[80.304,18.69],[80.285,18.715],[80.275,18.722],[80.254,18.706],[80.233,18.701],[80.209,18.702],[80.196,18.68],[80.175,18.684],[80.165,18.7],[80.114,18.682],[80.089,18.707],[80.069,18.721],[80.053,18.725],[80.04,18.751],[80.026,18.755],[80.019,18.771],[79.939,18.788],[79.923,18.801],[79.901,18.835]]]},"properties":{"DISTRICT":"Karimnagar","ST_NM":"Andhra Pradesh"}},
{"type":"Feature","geometry":{"type":"Polygon","coordinates":[[[78.168,11.011],[78.145,11.038],[78.129,11.046],[78.106,11.069],[78.077,11.077],[78.057,11.074],[78.027,11.091],[78,11.093],[77.987,11.09],[77.951,11.065],[77.932,11.067],[77.918,11.044],[77.909,11.045],[77.899,11.031],[77.866,11.021],[77.85,11.032],[77.846,11.043],[77.831,11.044],[77.825,11.06],[77.811,11.068],[77.79,11.064],[77.778,11.051],[77.781,11.038],[77.791,11.03],[77.779,10.994],[77.75,10.975],[77.753,10.963],[77.769,10.955],[77.761,10.922],[77.76,10.899],[77.772,10.888],[77.772,10.87],[77.792,10.877],[77.798,10.863],[77.816,10.855],[77.83,10.834],[77.839,10.832],[77.859,10.847],[77.869,10.839],[77.869,10.822],[77.875,10.807],[77.867,10.798],[77.875,10.787],[77.891,10.782],[77.891,10.773],[77.87,10.775],[77.836,10.784],[77.801,10.805],[77.793,10.789],[77.776,10.789],[77.769,10.766],[77.784,10.756],[77.812,10.757],[77.825,10.75],[77.821,10.732],[77.824,10.715],[77.808,10.694],[77.809,10.679],[77.817,10.681],[77.815,10.65],[77.831,10.632],[77.849,10.639],[77.873,10.631],[77.885,10.65],[77.897,10.644],[77.93,10.646],[77.953,10.637],[77.98,10.638],[77.973,10.657],[77.974,10.673],[77.991,10.67],[78.008,10.674],[78.013,10.728],[78,10.728],[77.997,10.741],[77.952,10.741],[77.932,10.735],[77.931,10.752],[77.94,10.766],[77.963,10.76],[77.995,10.762],[78,10.773],[78.018,10.773],[78.034,10.78],[78.067,10.766],[78.073,10.775],[78.098,10.765],[78.097,10.787],[78.106,10.805],[78.133,10.803],[78.149,10.805],[78.159,10.831],[78.173,10.834],[78.187,10.819],[78.173,10.802],[78.169,10.777],[78.155,10.744],[78.153,10.703],[78.148,10.682],[78.146,10.651],[78.164,10.649],[78.161,10.632],[78.166,10.614],[78.138,10.599],[78.134,10.573],[78.171,10.554],[78.189,10.556],[78.198,10.547],[78.223,10.549],[78.246,10.558],[78.261,10.58],[78.256,10.606],[78.264,10.615],[78.283,10.744],[78.293,10.729],[78.294,10.702],[78.317,10.702],[78.33,10.709],[78.341,10.706],[78.347,10.72],[78.378,10.725],[78.403,10.692],[78.402,10.681],[78.416,10.672],[78.427,10.676],[78.433,10.692],[78.458,10.689],[78.474,10.704],[78.514,10.692],[78.526,10.708],[78.553,10.722],[78.567,10.737],[78.564,10.767],[78.57,10.775],[78.546,10.792],[78.554,10.812],[78.577,10.808],[78.587,10.829],[78.571,10.833],[78.577,10.85],[78.549,10.876],[78.533,10.877],[78.489,10.892],[78.478,10.881],[78.469,10.885],[78.478,10.908],[78.442,10.931],[78.427,10.947],[78.382,10.965],[78.329,10.958],[78.299,10.961],[78.28,10.966],[78.246,10.966],[78.219,10.958],[78.199,10.959],[78.168,11],[78.168,11.011]]]},"properties":{"DISTRICT":"Karur","ST_NM":"Tamil Nadu"}},
{"type":"Feature","geometry":{"type":"MultiPolygon","coordinates":[[[[86.798,20.739],[86.785,20.743],[86.769,20.735],[86.757,20.748],[86.765,20.764],[86.753,20.773],[86.714,20.763],[86.712,20.774],[86.652,20.798],[86.642,20.791],[86.625,20.797],[86.61,20.773],[86.585,20.78],[86.567,20.775],[86.563,20.764],[86.545,20.754],[86.543,20.734],[86.55,20.731],[86.552,20.706],[86.544,20.693],[86.523,20.698],[86.514,20.687],[86.487,20.679],[86.475,20.688],[86.459,20.67],[86.459,20.653],[86.43,20.643],[86.416,20.628],[86.406,20.626],[86.396,20.608],[86.375,20.595],[86.361,20.604],[86.334,20.61],[86.319,20.619],[86.323,20.587],[86.305,20.579],[86.284,20.584],[86.273,20.559],[86.253,20.538],[86.278,20.517],[86.273,20.509],[86.28,20.495],[86.268,20.479],[86.272,20.457],[86.268,20.451],[86.28,20.425],[86.272,20.391],[86.254,20.378],[86.255,20.367],[86.278,20.372],[86.303,20.356],[86.332,20.359],[86.344,20.37],[86.353,20.354],[86.365,20.361],[86.386,20.357],[86.399,20.368],[86.436,20.339],[86.457,20.333],[86.478,20.34],[86.507,20.334],[86.529,20.343],[86.552,20.327],[86.562,20.327],[86.598,20.345],[86.627,20.338],[86.659,20.334],[86.684,20.321],[86.693,20.305],[86.712,20.301],[86.744,20.316],[86.77,20.331],[86.778,20.344],[86.781,20.381],[86.774,20.39],[86.751,20.379],[86.747,20.39],[86.732,20.381],[86.715,20.392],[86.733,20.411],[86.733,20.441],[86.739,20.46],[86.727,20.475],[86.752,20.474],[86.76,20.493],[86.787,20.529],[86.823,20.556],[86.856,20.574],[86.902,20.607],[86.932,20.632],[87.015,20.683],[87.015,20.694],[86.998,20.699],[86.972,20.699],[86.969,20.706],[86.929,20.703],[86.912,20.715],[86.944,20.717],[86.998,20.71],[87.01,20.72],[87,20.746],[86.999,20.763],[86.985,20.772],[86.951,20.763],[86.942,20.766],[86.898,20.763],[86.881,20.773],[86.857,20.773],[86.831,20.755],[86.823,20.732],[86.814,20.73],[86.798,20.739]]],[[[86.795,20.396],[86.812,20.454],[86.8,20.444],[86.791,20.425],[86.788,20.405],[86.795,20.396]]]]},"properties":{"DISTRICT":"Kendrapara","ST_NM":"Odisha"}},
{"type":"Feature","geometry":{"type":"Polygon","coordinates":[[[85.678,22.055],[85.678,22.064],[85.651,22.094],[85.637,22.085],[85.597,22.078],[85.588,22.085],[85.542,22.098],[85.512,22.115],[85.492,22.12],[85.463,22.139],[85.416,22.16],[85.401,22.162],[85.392,22.156],[85.369,22.158],[85.364,22.142],[85.368,22.128],[85.329,22.129],[85.306,22.111],[85.28,22.084],[85.247,22.016],[85.237,22.004],[85.237,21.997],[85.266,21.972],[85.273,21.962],[85.3,21.952],[85.316,21.958],[85.347,21.951],[85.374,21.934],[85.377,21.91],[85.36,21.879],[85.36,21.852],[85.349,21.834],[85.317,21.819],[85.282,21.834],[85.274,21.819],[85.244,21.804],[85.227,21.81],[85.214,21.791],[85.205,21.768],[85.214,21.738],[85.19,21.717],[85.187,21.708],[85.194,21.692],[85.189,21.679],[85.194,21.663],[85.204,21.661],[85.211,21.675],[85.251,21.676],[85.267,21.64],[85.268,21.624],[85.279,21.608],[85.294,21.577],[85.305,21.567],[85.302,21.539],[85.317,21.536],[85.329,21.51],[85.334,21.482],[85.325,21.467],[85.3,21.446],[85.269,21.455],[85.275,21.427],[85.305,21.414],[85.307,21.395],[85.331,21.383],[85.344,21.359],[85.337,21.351],[85.329,21.324],[85.316,21.329],[85.309,21.318],[85.278,21.293],[85.274,21.275],[85.287,21.265],[85.3,21.276],[85.313,21.264],[85.343,21.257],[85.369,21.241],[85.383,21.216],[85.383,21.199],[85.395,21.185],[85.417,21.172],[85.461,21.132],[85.463,21.127],[85.502,21.114],[85.549,21.166],[85.6,21.137],[85.618,21.142],[85.638,21.165],[85.665,21.166],[85.684,21.185],[85.723,21.161],[85.729,21.143],[85.741,21.139],[85.752,21.148],[85.766,21.143],[85.77,21.116],[85.784,21.101],[85.809,21.104],[85.816,21.095],[85.83,21.09],[85.85,21.095],[85.876,21.086],[85.919,21.094],[85.937,21.136],[85.949,21.129],[85.964,21.138],[86.01,21.143],[86.033,21.141],[86.039,21.157],[86.064,21.159],[86.078,21.167],[86.078,21.139],[86.074,21.128],[86.056,21.117],[86.048,21.099],[86.037,21.093],[86.029,21.073],[86.038,21.059],[86.036,21.047],[86.048,21.024],[86.082,21.014],[86.09,21.018],[86.096,21.051],[86.117,21.064],[86.142,21.074],[86.163,21.064],[86.218,21.053],[86.236,21.039],[86.262,21.039],[86.29,21.018],[86.304,21.016],[86.315,21.057],[86.327,21.059],[86.317,21.081],[86.307,21.088],[86.311,21.111],[86.295,21.119],[86.276,21.151],[86.293,21.176],[86.315,21.171],[86.34,21.18],[86.351,21.192],[86.356,21.21],[86.353,21.235],[86.371,21.239],[86.373,21.261],[86.366,21.265],[86.358,21.287],[86.362,21.3],[86.359,21.32],[86.32,21.346],[86.3,21.355],[86.286,21.375],[86.255,21.351],[86.221,21.312],[86.211,21.283],[86.19,21.273],[86.151,21.287],[86.139,21.281],[86.139,21.266],[86.121,21.272],[86.109,21.304],[86.094,21.311],[86.109,21.334],[86.11,21.35],[86.123,21.36],[86.122,21.369],[86.142,21.403],[86.158,21.412],[86.16,21.429],[86.139,21.454],[86.13,21.471],[86.101,21.491],[86.061,21.507],[86.01,21.532],[86.021,21.549],[86.019,21.559],[86.048,21.573],[86.081,21.629],[86.074,21.666],[86.084,21.685],[86.061,21.688],[86.054,21.709],[86.04,21.7],[86.025,21.699],[86.028,21.723],[86.014,21.746],[85.972,21.74],[85.941,21.762],[85.906,21.767],[85.883,21.794],[85.864,21.797],[85.839,21.81],[85.83,21.806],[85.811,21.812],[85.808,21.831],[85.813,21.848],[85.803,21.874],[85.806,21.887],[85.791,21.906],[85.796,21.928],[85.796,21.951],[85.755,21.977],[85.74,21.993],[85.715,21.985],[85.702,21.992],[85.704,22.007],[85.672,22.013],[85.664,22.033],[85.676,22.043],[85.678,22.055]]]},"properties":{"DISTRICT":"Kendujhar","ST_NM":"Odisha"}},
{"type":"Feature","geometry":{"type":"Polygon","coordinates":[[[80.982,18.174],[80.962,18.173],[80.952,18.163],[80.909,18.141],[80.87,18.139],[80.864,18.149],[80.857,18.206],[80.876,18.213],[80.867,18.232],[80.832,18.24],[80.825,18.231],[80.827,18.198],[80.806,18.172],[80.77,18.169],[80.743,18.178],[80.741,18.225],[80.792,18.249],[80.774,18.284],[80.752,18.308],[80.752,18.323],[80.731,18.367],[80.731,18.374],[80.724,18.393],[80.737,18.409],[80.721,18.411],[80.699,18.425],[80.703,18.44],[80.688,18.459],[80.658,18.478],[80.645,18.499],[80.64,18.524],[80.622,18.531],[80.609,18.55],[80.54,18.591],[80.518,18.621],[80.496,18.632],[80.471,18.628],[80.458,18.631],[80.425,18.616],[80.41,18.612],[80.389,18.598],[80.402,18.572],[80.397,18.557],[80.381,18.543],[80.376,18.528],[80.384,18.506],[80.379,18.501],[80.381,18.474],[80.404,18.458],[80.441,18.46],[80.465,18.447],[80.467,18.438],[80.458,18.405],[80.476,18.386],[80.468,18.355],[80.472,18.341],[80.47,18.324],[80.474,18.307],[80.505,18.266],[80.538,18.261],[80.613,18.213],[80.629,18.204],[80.634,18.192],[80.666,18.171],[80.657,18.134],[80.632,18.14],[80.627,18.127],[80.644,18.125],[80.639,18.111],[80.62,18.113],[80.61,18.09],[80.598,18.082],[80.566,18.103],[80.547,18.097],[80.531,18.104],[80.5,18.139],[80.49,18.142],[80.468,18.135],[80.48,18.126],[80.457,18.067],[80.436,18.059],[80.395,18.082],[80.349,18.037],[80.345,18.017],[80.332,18.006],[80.314,17.977],[80.3,17.968],[80.277,17.968],[80.273,17.933],[80.284,17.909],[80.28,17.882],[80.273,17.86],[80.254,17.828],[80.258,17.783],[80.262,17.769],[80.26,17.749],[80.246,17.736],[80.239,17.752],[80.214,17.739],[80.173,17.712],[80.164,17.753],[80.144,17.746],[80.136,17.734],[80.076,17.711],[80.052,17.715],[80.045,17.697],[80.076,17.682],[80.09,17.659],[80.076,17.652],[80.054,17.596],[80.087,17.576],[80.08,17.556],[80.087,17.548],[80.084,17.528],[80.1,17.497],[80.128,17.482],[80.129,17.447],[80.169,17.455],[80.168,17.433],[80.161,17.394],[80.143,17.393],[80.121,17.381],[80.103,17.36],[80.081,17.367],[80.055,17.347],[80,17.363],[79.99,17.374],[79.987,17.401],[79.97,17.405],[79.936,17.391],[79.931,17.375],[79.906,17.376],[79.896,17.372],[79.892,17.355],[79.879,17.359],[79.872,17.333],[79.852,17.336],[79.841,17.329],[79.819,17.337],[79.793,17.32],[79.815,17.287],[79.826,17.276],[79.88,17.268],[79.898,17.253],[79.9,17.218],[79.88,17.209],[79.876,17.187],[79.892,17.166],[79.909,17.158],[79.914,17.136],[79.941,17.133],[79.953,17.125],[79.979,17.1],[80,17.069],[80.021,17.057],[80.062,17.017],[80.052,17],[80.054,16.973],[80.093,16.97],[80.096,16.995],[80.114,16.989],[80.142,16.993],[80.151,17.009],[80.176,17.031],[80.19,17.052],[80.203,17.05],[80.204,17.025],[80.226,17.027],[80.25,17.01],[80.271,17.018],[80.298,16.984],[80.31,16.964],[80.322,16.92],[80.328,16.879],[80.346,16.875],[80.344,16.864],[80.367,16.863],[80.382,16.819],[80.408,16.84],[80.408,16.858],[80.427,16.85],[80.432,16.837],[80.461,16.823],[80.465,16.798],[80.48,16.797],[80.498,16.784],[80.527,16.777],[80.539,16.778],[80.572,16.771],[80.578,16.779],[80.606,16.794],[80.595,16.815],[80.563,16.833],[80.571,16.845],[80.574,16.877],[80.596,16.882],[80.591,16.911],[80.598,16.915],[80.593,16.935],[80.578,16.935],[80.54,16.958],[80.529,16.944],[80.5,16.956],[80.494,16.935],[80.486,16.929],[80.451,16.953],[80.406,16.965],[80.369,16.978],[80.38,17.004],[80.395,17.011],[80.397,17.022],[80.386,17.031],[80.387,17.042],[80.376,17.064],[80.404,17.085],[80.409,17.062],[80.423,17.049],[80.429,17.033],[80.455,17.025],[80.461,17.045],[80.48,17.046],[80.493,17.064],[80.495,17.091],[80.505,17.109],[80.558,17.131],[80.569,17.146],[80.582,17.143],[80.604,17.127],[80.638,17.118],[80.634,17.11],[80.655,17.102],[80.664,17.092],[80.646,17.08],[80.643,17.067],[80.658,17.063],[80.684,17.069],[80.693,17.077],[80.735,17.073],[80.755,17.063],[80.794,17.056],[80.832,17.046],[80.841,17.034],[80.854,17.041],[80.868,17.059],[80.865,17.077],[80.873,17.104],[80.864,17.12],[80.876,17.133],[80.879,17.154],[80.898,17.149],[80.922,17.154],[80.924,17.178],[80.917,17.186],[80.914,17.209],[80.939,17.213],[80.965,17.196],[80.994,17.188],[81.035,17.195],[81.053,17.213],[81.071,17.212],[81.093,17.222],[81.154,17.24],[81.172,17.241],[81.189,17.263],[81.18,17.275],[81.181,17.314],[81.199,17.336],[81.228,17.33],[81.266,17.331],[81.276,17.328],[81.298,17.346],[81.331,17.398],[81.352,17.394],[81.359,17.377],[81.381,17.366],[81.394,17.364],[81.425,17.37],[81.429,17.381],[81.45,17.39],[81.466,17.414],[81.481,17.428],[81.502,17.457],[81.502,17.486],[81.507,17.498],[81.51,17.548],[81.533,17.581],[81.512,17.598],[81.521,17.618],[81.543,17.639],[81.562,17.675],[81.58,17.696],[81.582,17.727],[81.591,17.739],[81.618,17.752],[81.632,17.771],[81.683,17.775],[81.707,17.793],[81.713,17.808],[81.738,17.827],[81.762,17.827],[81.773,17.838],[81.791,17.84],[81.803,17.852],[81.79,17.879],[81.767,17.901],[81.712,17.869],[81.697,17.893],[81.672,17.885],[81.655,17.864],[81.651,17.847],[81.62,17.823],[81.608,17.823],[81.583,17.835],[81.563,17.824],[81.52,17.814],[81.49,17.811],[81.479,17.831],[81.468,17.832],[81.446,17.823],[81.434,17.829],[81.418,17.813],[81.394,17.814],[81.366,17.818],[81.324,17.82],[81.307,17.817],[81.263,17.82],[81.222,17.84],[81.2,17.854],[81.168,17.86],[81.13,17.836],[81.106,17.824],[81.082,17.794],[81.064,17.79],[81.041,17.797],[81.021,17.824],[81.013,17.845],[81.003,17.921],[80.993,17.93],[80.986,17.956],[80.981,18],[80.97,18.038],[80.974,18.05],[80.961,18.078],[80.957,18.098],[80.957,18.13],[80.981,18.15],[80.982,18.165],[80.982,18.174]],[[80.687,18.118],[80.674,18.113],[80.684,18.146],[80.699,18.126],[80.687,18.118]]]},"properties":{"DISTRICT":"Khammam","ST_NM":"Andhra Pradesh"}},
{"type":"Feature","geometry":{"type":"Polygon","coordinates":[[[86.083,20.106],[86.068,20.125],[86.053,20.134],[86.049,20.157],[86.055,20.163],[86.043,20.18],[86.026,20.176],[86.008,20.224],[85.994,20.229],[85.961,20.252],[85.952,20.268],[85.934,20.273],[85.938,20.287],[85.927,20.292],[85.922,20.316],[85.929,20.328],[85.917,20.346],[85.886,20.357],[85.872,20.34],[85.88,20.318],[85.885,20.287],[85.872,20.289],[85.858,20.3],[85.819,20.316],[85.802,20.325],[85.799,20.336],[85.806,20.353],[85.82,20.367],[85.819,20.388],[85.827,20.393],[85.817,20.426],[85.802,20.434],[85.783,20.422],[85.787,20.41],[85.76,20.404],[85.733,20.409],[85.716,20.399],[85.702,20.362],[85.684,20.34],[85.679,20.324],[85.663,20.331],[85.64,20.319],[85.634,20.298],[85.627,20.292],[85.585,20.301],[85.525,20.304],[85.511,20.291],[85.484,20.297],[85.462,20.295],[85.457,20.27],[85.45,20.263],[85.422,20.272],[85.408,20.256],[85.399,20.26],[85.396,20.277],[85.383,20.286],[85.371,20.276],[85.337,20.272],[85.335,20.28],[85.324,20.231],[85.28,20.226],[85.256,20.226],[85.257,20.215],[85.236,20.21],[85.227,20.223],[85.202,20.19],[85.206,20.155],[85.216,20.145],[85.214,20.132],[85.241,20.114],[85.245,20.124],[85.271,20.146],[85.295,20.154],[85.312,20.154],[85.313,20.166],[85.333,20.18],[85.358,20.188],[85.369,20.181],[85.356,20.145],[85.375,20.145],[85.4,20.14],[85.415,20.128],[85.405,20.113],[85.403,20.096],[85.385,20.09],[85.381,20.072],[85.397,20.036],[85.422,20.024],[85.435,20.027],[85.417,19.995],[85.441,19.994],[85.454,19.981],[85.454,19.964],[85.436,19.94],[85.422,19.927],[85.404,19.93],[85.385,19.95],[85.364,19.958],[85.35,19.943],[85.321,19.926],[85.293,19.921],[85.278,19.913],[85.245,19.905],[85.224,19.912],[85.167,19.904],[85.128,19.933],[85.099,19.931],[85.091,19.924],[85.056,19.915],[85.029,19.903],[85.01,19.9],[84.976,19.905],[84.94,19.897],[84.936,19.872],[84.951,19.868],[84.972,19.853],[84.984,19.824],[85,19.817],[85.01,19.803],[85.026,19.808],[85.044,19.806],[85.077,19.791],[85.088,19.767],[85.129,19.749],[85.146,19.728],[85.149,19.718],[85.176,19.682],[85.184,19.675],[85.206,19.684],[85.194,19.694],[85.195,19.718],[85.209,19.725],[85.22,19.746],[85.244,19.748],[85.243,19.762],[85.256,19.77],[85.253,19.781],[85.301,19.798],[85.328,19.801],[85.341,19.81],[85.344,19.828],[85.377,19.839],[85.396,19.859],[85.397,19.867],[85.429,19.893],[85.45,19.886],[85.476,19.892],[85.484,19.884],[85.503,19.889],[85.536,19.886],[85.565,19.855],[85.57,19.904],[85.567,19.917],[85.536,19.928],[85.51,19.946],[85.526,19.975],[85.548,19.956],[85.565,19.949],[85.57,19.969],[85.566,20.012],[85.597,20],[85.611,20.001],[85.631,20.025],[85.617,20.042],[85.624,20.066],[85.648,20.075],[85.654,20.066],[85.68,20.072],[85.678,20.087],[85.687,20.098],[85.677,20.112],[85.678,20.123],[85.689,20.149],[85.725,20.143],[85.733,20.151],[85.747,20.147],[85.763,20.152],[85.766,20.167],[85.781,20.167],[85.783,20.157],[85.8,20.15],[85.807,20.158],[85.827,20.158],[85.841,20.196],[85.845,20.175],[85.868,20.19],[85.889,20.176],[85.902,20.145],[85.876,20.122],[85.886,20.11],[85.9,20.113],[85.904,20.123],[85.927,20.114],[85.951,20.119],[85.989,20.111],[86.013,20.115],[86.021,20.102],[86.033,20.107],[86.083,20.106]]]},"properties":{"DISTRICT":"Khordha","ST_NM":"Odisha"}},
{"type":"Feature","geometry":{"type":"MultiPolygon","coordinates":[[[[89.838,26.412],[89.83,26.431],[89.838,26.447],[89.86,26.444],[89.866,26.464],[89.833,26.467],[89.834,26.458],[89.767,26.464],[89.749,26.454],[89.728,26.436],[89.7,26.421],[89.68,26.435],[89.667,26.435],[89.648,26.418],[89.626,26.416],[89.622,26.395],[89.587,26.429],[89.572,26.423],[89.555,26.426],[89.547,26.459],[89.533,26.477],[89.509,26.472],[89.496,26.481],[89.459,26.49],[89.454,26.478],[89.439,26.47],[89.418,26.472],[89.395,26.465],[89.361,26.495],[89.348,26.488],[89.33,26.493],[89.31,26.483],[89.278,26.486],[89.246,26.492],[89.235,26.503],[89.199,26.509],[89.187,26.5],[89.152,26.519],[89.124,26.523],[89.098,26.521],[89.078,26.538],[89.057,26.534],[89.048,26.521],[89.03,26.517],[88.988,26.534],[88.965,26.523],[88.961,26.511],[88.947,26.498],[88.95,26.477],[88.917,26.452],[88.892,26.425],[88.881,26.401],[88.854,26.382],[88.828,26.375],[88.804,26.373],[88.792,26.389],[88.778,26.395],[88.769,26.386],[88.75,26.356],[88.762,26.335],[88.761,26.31],[88.78,26.299],[88.801,26.309],[88.823,26.296],[88.821,26.281],[88.826,26.252],[88.852,26.233],[88.885,26.237],[88.867,26.256],[88.871,26.276],[88.879,26.286],[88.907,26.288],[88.925,26.286],[88.956,26.251],[88.972,26.241],[89.003,26.247],[89.037,26.247],[89.052,26.243],[89.064,26.255],[89.063,26.273],[89.053,26.283],[89.03,26.287],[89.004,26.295],[88.99,26.306],[89,26.315],[89.003,26.33],[88.991,26.346],[88.961,26.346],[88.953,26.361],[88.921,26.363],[88.917,26.383],[88.917,26.406],[88.933,26.413],[88.933,26.432],[88.95,26.432],[88.953,26.447],[88.968,26.459],[88.988,26.444],[88.986,26.42],[89.036,26.406],[89.047,26.398],[89.073,26.394],[89.091,26.4],[89.092,26.38],[89.102,26.341],[89.1,26.323],[89.118,26.324],[89.137,26.317],[89.131,26.299],[89.107,26.289],[89.126,26.264],[89.13,26.249],[89.14,26.242],[89.151,26.207],[89.141,26.185],[89.154,26.17],[89.161,26.14],[89.177,26.131],[89.224,26.126],[89.26,26.095],[89.26,26.075],[89.282,26.053],[89.302,26.05],[89.326,26.039],[89.345,26.017],[89.358,26.011],[89.395,26.01],[89.396,26.023],[89.41,26.041],[89.43,26.04],[89.436,26.022],[89.432,26.015],[89.477,25.996],[89.504,26.005],[89.533,26.004],[89.55,25.999],[89.545,25.985],[89.548,25.971],[89.576,25.968],[89.591,25.98],[89.583,26.026],[89.593,26.044],[89.615,26.049],[89.62,26.063],[89.648,26.063],[89.639,26.08],[89.636,26.105],[89.615,26.095],[89.598,26.101],[89.608,26.121],[89.599,26.162],[89.619,26.166],[89.619,26.18],[89.641,26.18],[89.654,26.168],[89.66,26.183],[89.641,26.216],[89.649,26.229],[89.664,26.222],[89.683,26.23],[89.688,26.216],[89.677,26.202],[89.689,26.193],[89.705,26.161],[89.723,26.166],[89.705,26.185],[89.721,26.191],[89.717,26.228],[89.734,26.238],[89.721,26.246],[89.722,26.259],[89.737,26.26],[89.742,26.271],[89.726,26.288],[89.747,26.295],[89.767,26.317],[89.786,26.331],[89.787,26.353],[89.809,26.362],[89.832,26.367],[89.86,26.382],[89.862,26.384],[89.858,26.396],[89.836,26.39],[89.838,26.412]]],[[[88.799,26.207],[88.799,26.226],[88.781,26.238],[88.765,26.229],[88.77,26.209],[88.78,26.201],[88.777,26.177],[88.764,26.174],[88.762,26.148],[88.771,26.131],[88.789,26.132],[88.794,26.144],[88.788,26.174],[88.802,26.192],[88.799,26.207]]],[[[88.69,26.247],[88.68,26.232],[88.688,26.213],[88.712,26.204],[88.708,26.182],[88.73,26.185],[88.711,26.223],[88.699,26.225],[88.69,26.247]]],[[[89.602,25.961],[89.585,25.948],[89.584,25.935],[89.613,25.943],[89.602,25.961]]],[[[89.817,26.346],[89.805,26.349],[89.794,26.34],[89.823,26.32],[89.827,26.325],[89.817,26.346]]]]},"properties":{"DISTRICT":"Koch Bihar","ST_NM":"West Bengal"}},
{"type":"Feature","geometry":{"type":"Polygon","coordinates":[[[88.411,22.56],[88.398,22.587],[88.396,22.622],[88.392,22.63],[88.363,22.633],[88.363,22.609],[88.347,22.577],[88.332,22.556],[88.312,22.548],[88.274,22.555],[88.29,22.536],[88.292,22.518],[88.332,22.507],[88.35,22.499],[88.368,22.499],[88.375,22.526],[88.383,22.527],[88.411,22.56]]]},"properties":{"DISTRICT":"Kolkata","ST_NM":"West Bengal"}},
{"type":"Feature","geometry":{"type":"Polygon","coordinates":[[[82.283,19.204],[82.259,19.211],[82.242,19.227],[82.226,19.222],[82.217,19.24],[82.207,19.229],[82.18,19.223],[82.164,19.203],[82.181,19.19],[82.181,19.171],[82.187,19.165],[82.176,19.14],[82.199,19.123],[82.217,19.085],[82.202,19.067],[82.23,19.028],[82.248,18.917],[82.242,18.912],[82.222,18.919],[82.179,18.898],[82.178,18.884],[82.166,18.859],[82.173,18.837],[82.164,18.807],[82.169,18.798],[82.16,18.791],[82.154,18.78],[82.139,18.777],[82.137,18.764],[82.122,18.767],[82.099,18.763],[82.093,18.74],[82.111,18.726],[82.13,18.723],[82.127,18.707],[82.143,18.702],[82.147,18.692],[82.135,18.676],[82.143,18.67],[82.148,18.659],[82.154,18.66],[82.161,18.669],[82.167,18.651],[82.166,18.647],[82.176,18.633],[82.192,18.631],[82.201,18.651],[82.212,18.651],[82.222,18.667],[82.234,18.65],[82.231,18.635],[82.243,18.611],[82.265,18.588],[82.281,18.587],[82.315,18.578],[82.33,18.6],[82.338,18.6],[82.359,18.622],[82.396,18.613],[82.41,18.595],[82.419,18.605],[82.447,18.599],[82.444,18.569],[82.431,18.557],[82.417,18.564],[82.41,18.554],[82.405,18.527],[82.421,18.499],[82.437,18.493],[82.445,18.505],[82.462,18.525],[82.482,18.545],[82.49,18.546],[82.494,18.541],[82.484,18.537],[82.49,18.523],[82.506,18.514],[82.531,18.512],[82.536,18.476],[82.524,18.464],[82.538,18.451],[82.562,18.446],[82.553,18.425],[82.544,18.416],[82.543,18.398],[82.564,18.397],[82.586,18.385],[82.597,18.385],[82.606,18.371],[82.617,18.359],[82.605,18.349],[82.612,18.329],[82.598,18.328],[82.594,18.289],[82.598,18.265],[82.618,18.258],[82.622,18.248],[82.64,18.237],[82.656,18.253],[82.653,18.266],[82.673,18.299],[82.69,18.301],[82.699,18.306],[82.702,18.306],[82.706,18.305],[82.711,18.317],[82.719,18.321],[82.726,18.323],[82.743,18.322],[82.759,18.337],[82.775,18.34],[82.793,18.363],[82.786,18.379],[82.796,18.399],[82.784,18.428],[82.807,18.448],[82.827,18.442],[82.857,18.423],[82.878,18.415],[82.888,18.423],[82.893,18.421],[82.899,18.401],[82.893,18.387],[82.911,18.365],[82.936,18.37],[82.941,18.36],[82.968,18.366],[82.985,18.364],[83,18.384],[83.02,18.387],[83.048,18.379],[83.064,18.386],[83.074,18.402],[83.051,18.427],[83.046,18.443],[83.026,18.449],[83.025,18.456],[83.06,18.486],[83.077,18.511],[83.081,18.523],[83.097,18.541],[83.08,18.551],[83.059,18.543],[83.041,18.556],[83.034,18.573],[83.045,18.586],[83.062,18.595],[83.049,18.605],[83.058,18.622],[83.088,18.616],[83.094,18.63],[83.087,18.655],[83.092,18.664],[83.125,18.66],[83.15,18.675],[83.155,18.701],[83.176,18.71],[83.172,18.722],[83.192,18.734],[83.215,18.726],[83.231,18.756],[83.231,18.774],[83.248,18.767],[83.274,18.765],[83.287,18.798],[83.312,18.807],[83.331,18.806],[83.336,18.819],[83.37,18.84],[83.381,18.829],[83.407,18.842],[83.405,18.857],[83.419,18.868],[83.396,18.879],[83.375,18.908],[83.364,18.913],[83.356,18.929],[83.371,18.938],[83.369,18.961],[83.353,18.964],[83.349,18.926],[83.337,18.925],[83.327,18.936],[83.339,18.946],[83.335,18.965],[83.321,18.974],[83.316,18.999],[83.337,18.996],[83.348,19.017],[83.351,19.029],[83.364,19.05],[83.347,19.051],[83.341,19.101],[83.299,19.121],[83.277,19.114],[83.263,19.07],[83.269,19.057],[83.26,19.035],[83.239,19.023],[83.242,18.973],[83.207,18.976],[83.201,19],[83.19,19.015],[83.195,19.075],[83.189,19.093],[83.177,19.092],[83.208,19.13],[83.22,19.135],[83.229,19.123],[83.244,19.126],[83.244,19.142],[83.252,19.149],[83.25,19.163],[83.232,19.171],[83.221,19.162],[83.199,19.164],[83.202,19.138],[83.186,19.114],[83.169,19.121],[83.18,19.129],[83.173,19.141],[83.161,19.123],[83.138,19.137],[83.133,19.098],[83.121,19.091],[83.11,19.11],[83.1,19.109],[83.092,19.093],[83.076,19.081],[83.07,19.065],[83.073,19.058],[83.071,19.049],[83.064,19.044],[83.048,19.054],[83.032,19.057],[83.021,19.07],[83.024,19.073],[83.03,19.078],[83.031,19.08],[83.026,19.091],[83.015,19.094],[83.01,19.098],[83.01,19.115],[82.984,19.133],[82.981,19.153],[82.968,19.161],[82.951,19.155],[82.924,19.164],[82.905,19.159],[82.899,19.175],[82.879,19.184],[82.872,19.2],[82.864,19.206],[82.853,19.194],[82.843,19.2],[82.826,19.171],[82.812,19.166],[82.802,19.149],[82.79,19.171],[82.774,19.166],[82.746,19.179],[82.742,19.16],[82.732,19.16],[82.724,19.167],[82.723,19.17],[82.726,19.171],[82.724,19.173],[82.708,19.178],[82.704,19.188],[82.669,19.185],[82.655,19.188],[82.639,19.172],[82.643,19.159],[82.637,19.148],[82.618,19.158],[82.616,19.183],[82.6,19.191],[82.549,19.206],[82.527,19.198],[82.517,19.203],[82.494,19.182],[82.471,19.178],[82.46,19.182],[82.433,19.172],[82.405,19.188],[82.397,19.209],[82.358,19.202],[82.324,19.212],[82.314,19.201],[82.295,19.191],[82.283,19.204]]]},"properties":{"DISTRICT":"Koraput","ST_NM":"Odisha"}},
{"type":"Feature","geometry":{"type":"MultiPolygon","coordinates":[[[[80.868,17.059],[80.854,17.041],[80.841,17.034],[80.832,17.046],[80.794,17.056],[80.755,17.063],[80.735,17.073],[80.693,17.077],[80.684,17.069],[80.658,17.063],[80.643,17.067],[80.646,17.08],[80.664,17.092],[80.655,17.102],[80.634,17.11],[80.638,17.118],[80.604,17.127],[80.582,17.143],[80.569,17.146],[80.558,17.131],[80.505,17.109],[80.495,17.091],[80.493,17.064],[80.48,17.046],[80.461,17.045],[80.455,17.025],[80.429,17.033],[80.423,17.049],[80.409,17.062],[80.404,17.085],[80.376,17.064],[80.387,17.042],[80.386,17.031],[80.397,17.022],[80.395,17.011],[80.38,17.004],[80.369,16.978],[80.406,16.965],[80.451,16.953],[80.486,16.929],[80.494,16.935],[80.5,16.956],[80.529,16.944],[80.54,16.958],[80.578,16.935],[80.593,16.935],[80.598,16.915],[80.591,16.911],[80.596,16.882],[80.574,16.877],[80.571,16.845],[80.563,16.833],[80.595,16.815],[80.606,16.794],[80.578,16.779],[80.572,16.771],[80.539,16.778],[80.527,16.777],[80.498,16.784],[80.48,16.797],[80.465,16.798],[80.461,16.823],[80.432,16.837],[80.427,16.85],[80.408,16.858],[80.408,16.84],[80.382,16.819],[80.367,16.863],[80.344,16.864],[80.346,16.875],[80.328,16.879],[80.322,16.92],[80.31,16.964],[80.298,16.984],[80.271,17.018],[80.25,17.01],[80.226,17.027],[80.204,17.025],[80.203,17.05],[80.19,17.052],[80.176,17.031],[80.151,17.009],[80.142,16.993],[80.114,16.989],[80.096,16.995],[80.093,16.97],[80.054,16.973],[80.045,16.944],[80.018,16.915],[80.003,16.885],[80,16.871],[80.022,16.86],[80.041,16.86],[80.05,16.834],[80.078,16.821],[80.087,16.831],[80.111,16.834],[80.12,16.829],[80.129,16.812],[80.137,16.782],[80.148,16.756],[80.149,16.705],[80.137,16.678],[80.146,16.663],[80.192,16.639],[80.228,16.624],[80.243,16.622],[80.299,16.623],[80.319,16.626],[80.375,16.618],[80.389,16.603],[80.415,16.606],[80.448,16.603],[80.484,16.597],[80.509,16.585],[80.567,16.545],[80.645,16.499],[80.673,16.471],[80.69,16.444],[80.738,16.382],[80.776,16.327],[80.81,16.285],[80.821,16.259],[80.851,16.174],[80.869,16.142],[80.869,16.12],[80.878,16.087],[80.89,16.074],[80.892,16.047],[80.902,16.024],[80.905,16],[80.904,15.961],[80.906,15.923],[80.885,15.887],[80.869,15.848],[80.852,15.819],[80.839,15.768],[80.819,15.743],[80.807,15.734],[80.804,15.72],[80.839,15.707],[80.878,15.722],[80.915,15.727],[80.91,15.755],[80.938,15.729],[80.96,15.736],[80.987,15.755],[80.989,15.765],[80.966,15.784],[80.949,15.811],[80.991,15.778],[81.007,15.763],[81.012,15.776],[81,15.8],[80.996,15.824],[81.013,15.853],[81.045,15.897],[81.079,15.924],[81.103,15.936],[81.14,15.961],[81.104,15.999],[81.114,16.003],[81.129,15.982],[81.153,15.975],[81.148,15.993],[81.148,16.019],[81.161,16.05],[81.185,16.084],[81.2,16.164],[81.212,16.205],[81.223,16.227],[81.266,16.267],[81.266,16.294],[81.246,16.301],[81.258,16.319],[81.287,16.324],[81.315,16.338],[81.304,16.349],[81.312,16.359],[81.347,16.366],[81.368,16.356],[81.382,16.359],[81.409,16.381],[81.409,16.356],[81.405,16.337],[81.433,16.342],[81.529,16.351],[81.554,16.36],[81.548,16.387],[81.529,16.393],[81.501,16.384],[81.485,16.392],[81.478,16.407],[81.455,16.418],[81.438,16.413],[81.421,16.431],[81.408,16.432],[81.397,16.451],[81.387,16.454],[81.372,16.473],[81.369,16.488],[81.371,16.509],[81.361,16.518],[81.34,16.514],[81.331,16.523],[81.345,16.541],[81.355,16.567],[81.345,16.571],[81.353,16.605],[81.334,16.613],[81.325,16.624],[81.334,16.678],[81.308,16.691],[81.285,16.667],[81.266,16.606],[81.239,16.592],[81.237,16.578],[81.222,16.578],[81.186,16.623],[81.164,16.621],[81.15,16.597],[81.135,16.606],[81.112,16.598],[81.092,16.612],[81.082,16.599],[81.091,16.591],[81.06,16.576],[81.044,16.573],[81.021,16.559],[81.011,16.561],[81.004,16.598],[80.972,16.633],[80.964,16.653],[80.97,16.669],[80.993,16.642],[81.016,16.651],[81.019,16.664],[81.01,16.674],[80.992,16.681],[80.983,16.717],[81,16.722],[81.013,16.743],[81.014,16.764],[81.039,16.798],[81.036,16.816],[81.009,16.84],[81,16.87],[80.989,16.874],[80.964,16.907],[80.959,16.924],[80.94,16.947],[80.936,16.964],[80.942,16.991],[80.962,17.019],[80.964,17.041],[80.943,17.064],[80.899,17.063],[80.881,17.067],[80.868,17.059]]],[[[81.394,16.334],[81.369,16.334],[81.352,16.323],[81.268,16.311],[81.279,16.296],[81.275,16.278],[81.327,16.307],[81.394,16.334]]]]},"properties":{"DISTRICT":"Krishna","ST_NM":"Andhra Pradesh"}},
{"type":"Feature","geometry":{"type":"Polygon","coordinates":[[[78.635,12.175],[78.644,12.204],[78.659,12.196],[78.67,12.209],[78.67,12.23],[78.653,12.239],[78.652,12.258],[78.641,12.266],[78.607,12.263],[78.605,12.271],[78.615,12.294],[78.601,12.323],[78.617,12.337],[78.613,12.351],[78.592,12.357],[78.575,12.373],[78.57,12.385],[78.545,12.397],[78.516,12.404],[78.507,12.399],[78.493,12.404],[78.49,12.387],[78.467,12.39],[78.46,12.384],[78.436,12.396],[78.455,12.429],[78.451,12.449],[78.434,12.462],[78.417,12.486],[78.421,12.511],[78.415,12.526],[78.42,12.568],[78.408,12.601],[78.409,12.624],[78.38,12.622],[78.341,12.649],[78.32,12.66],[78.302,12.663],[78.295,12.678],[78.276,12.702],[78.239,12.699],[78.239,12.684],[78.211,12.686],[78.201,12.694],[78.206,12.705],[78.231,12.713],[78.24,12.73],[78.232,12.763],[78.21,12.765],[78.201,12.771],[78.177,12.775],[78.169,12.77],[78.147,12.779],[78.131,12.78],[78.125,12.797],[78.097,12.813],[78.075,12.84],[78.033,12.851],[78.019,12.843],[78.018,12.832],[78.004,12.823],[78.012,12.805],[77.992,12.805],[77.992,12.82],[77.982,12.832],[77.968,12.831],[77.968,12.846],[77.95,12.839],[77.943,12.822],[77.919,12.831],[77.925,12.854],[77.938,12.86],[77.924,12.883],[77.897,12.876],[77.892,12.868],[77.869,12.867],[77.835,12.868],[77.832,12.859],[77.793,12.837],[77.811,12.83],[77.798,12.79],[77.782,12.769],[77.795,12.754],[77.788,12.743],[77.768,12.738],[77.773,12.724],[77.76,12.696],[77.744,12.701],[77.737,12.692],[77.741,12.673],[77.728,12.671],[77.714,12.683],[77.705,12.66],[77.678,12.66],[77.68,12.68],[77.664,12.683],[77.6,12.666],[77.599,12.657],[77.608,12.63],[77.592,12.614],[77.591,12.593],[77.58,12.567],[77.586,12.546],[77.588,12.516],[77.615,12.512],[77.612,12.501],[77.585,12.477],[77.607,12.474],[77.627,12.495],[77.635,12.486],[77.627,12.434],[77.626,12.414],[77.614,12.363],[77.601,12.358],[77.596,12.345],[77.579,12.333],[77.566,12.306],[77.553,12.293],[77.534,12.29],[77.529,12.278],[77.512,12.275],[77.503,12.282],[77.48,12.271],[77.473,12.245],[77.484,12.234],[77.476,12.211],[77.493,12.199],[77.522,12.193],[77.549,12.204],[77.566,12.196],[77.602,12.2],[77.615,12.204],[77.64,12.196],[77.666,12.197],[77.712,12.182],[77.737,12.177],[77.751,12.153],[77.768,12.166],[77.793,12.154],[77.796,12.17],[77.806,12.19],[77.819,12.228],[77.844,12.255],[77.864,12.257],[77.872,12.28],[77.876,12.322],[77.94,12.331],[77.951,12.342],[77.95,12.367],[77.974,12.407],[77.954,12.437],[77.926,12.462],[77.926,12.472],[77.902,12.499],[77.931,12.514],[77.945,12.512],[77.948,12.49],[77.96,12.491],[77.992,12.506],[78.008,12.496],[78.016,12.48],[78.021,12.456],[78.045,12.456],[78.052,12.464],[78.096,12.448],[78.118,12.443],[78.13,12.422],[78.132,12.394],[78.145,12.371],[78.163,12.365],[78.169,12.348],[78.186,12.332],[78.214,12.332],[78.235,12.34],[78.242,12.33],[78.232,12.313],[78.255,12.296],[78.261,12.272],[78.276,12.259],[78.302,12.267],[78.334,12.261],[78.353,12.246],[78.362,12.221],[78.396,12.227],[78.402,12.217],[78.384,12.208],[78.379,12.193],[78.4,12.187],[78.441,12.188],[78.475,12.173],[78.469,12.147],[78.503,12.143],[78.522,12.172],[78.545,12.186],[78.57,12.186],[78.587,12.163],[78.61,12.178],[78.635,12.175]]]},"properties":{"DISTRICT":"Krishnagiri","ST_NM":"Tamil Nadu"}},
{"type":"Feature","geometry":{"type":"Polygon","coordinates":[[[78.921,16.116],[78.909,16.104],[78.897,16.105],[78.88,16.117],[78.874,16.151],[78.864,16.165],[78.84,16.158],[78.841,16.127],[78.848,16.11],[78.844,16.094],[78.829,16.069],[78.816,16.053],[78.783,16.03],[78.746,16.028],[78.721,16.033],[78.694,16.047],[78.676,16.062],[78.665,16.078],[78.644,16.098],[78.624,16.105],[78.611,16.103],[78.566,16.063],[78.503,16.079],[78.458,16.087],[78.412,16.087],[78.391,16.078],[78.377,16.066],[78.347,16.059],[78.323,16.035],[78.299,16.034],[78.275,16.041],[78.258,16.032],[78.266,16.001],[78.255,15.974],[78.249,15.943],[78.234,15.93],[78.212,15.923],[78.187,15.906],[78.188,15.894],[78.171,15.855],[78.132,15.855],[78.133,15.841],[78.108,15.834],[78.07,15.85],[78.055,15.877],[78.047,15.878],[78.046,15.904],[78.035,15.908],[78.023,15.901],[78.008,15.865],[77.979,15.88],[77.934,15.882],[77.894,15.901],[77.873,15.898],[77.861,15.881],[77.84,15.881],[77.805,15.871],[77.766,15.882],[77.755,15.881],[77.722,15.892],[77.689,15.879],[77.664,15.882],[77.645,15.888],[77.631,15.904],[77.612,15.917],[77.594,15.912],[77.514,15.926],[77.502,15.931],[77.472,15.932],[77.431,15.947],[77.412,15.94],[77.381,15.938],[77.358,15.948],[77.319,15.95],[77.305,15.955],[77.287,15.952],[77.253,15.962],[77.24,15.957],[77.185,15.955],[77.147,15.945],[77.134,15.935],[77.109,15.929],[77.081,15.914],[77.07,15.904],[77.056,15.881],[77.037,15.857],[77.028,15.834],[77.054,15.825],[77.068,15.828],[77.066,15.783],[77.051,15.756],[77.051,15.73],[77.08,15.726],[77.088,15.714],[77.08,15.696],[77.105,15.684],[77.129,15.664],[77.12,15.63],[77.1,15.649],[77.086,15.658],[77.073,15.646],[77.031,15.634],[77.033,15.603],[77.028,15.581],[77.033,15.53],[77.031,15.505],[77,15.505],[76.976,15.511],[76.974,15.496],[77,15.472],[77.01,15.453],[77.032,15.44],[77.035,15.423],[77.033,15.406],[77.048,15.389],[77.042,15.364],[77.067,15.343],[77.073,15.325],[77.114,15.332],[77.12,15.295],[77.153,15.291],[77.153,15.276],[77.17,15.256],[77.145,15.257],[77.126,15.227],[77.146,15.223],[77.163,15.199],[77.169,15.174],[77.163,15.154],[77.142,15.155],[77.14,15.141],[77.158,15.137],[77.161,15.145],[77.182,15.142],[77.197,15.158],[77.229,15.145],[77.265,15.141],[77.272,15.13],[77.294,15.13],[77.302,15.153],[77.311,15.153],[77.321,15.175],[77.352,15.176],[77.354,15.193],[77.366,15.221],[77.386,15.216],[77.409,15.223],[77.432,15.22],[77.436,15.208],[77.453,15.205],[77.453,15.22],[77.484,15.208],[77.505,15.22],[77.527,15.223],[77.543,15.209],[77.573,15.198],[77.582,15.188],[77.612,15.182],[77.617,15.204],[77.636,15.206],[77.641,15.221],[77.662,15.232],[77.676,15.23],[77.679,15.219],[77.7,15.2],[77.696,15.182],[77.713,15.184],[77.721,15.171],[77.732,15.169],[77.733,15.149],[77.748,15.143],[77.751,15.128],[77.775,15.122],[77.773,15.112],[77.794,15.104],[77.814,15.125],[77.819,15.14],[77.841,15.142],[77.842,15.13],[77.876,15.134],[77.888,15.175],[77.904,15.176],[77.921,15.17],[77.926,15.149],[77.915,15.141],[77.909,15.123],[77.935,15.111],[77.965,15.103],[77.977,15.137],[77.998,15.135],[78.025,15.114],[78.025,15.095],[78.015,15.077],[77.994,15.069],[78,15.045],[78.017,15.05],[78.02,15.025],[78.046,15],[78.091,14.981],[78.104,14.969],[78.126,14.966],[78.141,14.956],[78.144,14.945],[78.166,14.957],[78.189,14.959],[78.227,14.948],[78.241,14.961],[78.248,15],[78.267,15.024],[78.287,15.033],[78.284,15.062],[78.296,15.073],[78.337,15.068],[78.395,15.054],[78.393,15.042],[78.377,15.028],[78.36,15.028],[78.349,15],[78.355,14.989],[78.374,14.981],[78.394,14.967],[78.413,14.964],[78.418,14.994],[78.43,15.034],[78.456,15.032],[78.472,15.039],[78.495,15.037],[78.49,15.058],[78.499,15.068],[78.522,15.066],[78.529,15.032],[78.526,15],[78.515,14.968],[78.496,14.938],[78.483,14.9],[78.492,14.901],[78.501,14.918],[78.519,14.934],[78.535,14.956],[78.553,14.957],[78.552,14.933],[78.571,14.929],[78.598,14.941],[78.604,14.949],[78.63,14.942],[78.636,14.923],[78.685,14.937],[78.692,14.963],[78.719,14.965],[78.717,14.993],[78.72,15.021],[78.748,15.029],[78.763,15.038],[78.76,15.052],[78.769,15.065],[78.76,15.087],[78.76,15.105],[78.769,15.169],[78.77,15.186],[78.75,15.182],[78.743,15.241],[78.744,15.305],[78.747,15.342],[78.754,15.363],[78.774,15.406],[78.772,15.453],[78.78,15.533],[78.777,15.577],[78.773,15.601],[78.773,15.663],[78.779,15.701],[78.792,15.737],[78.806,15.845],[78.813,15.875],[78.833,15.907],[78.902,15.964],[78.921,16],[78.927,16.026],[78.933,16.07],[78.921,16.116]]]},"properties":{"DISTRICT":"Kurnool","ST_NM":"Andhra Pradesh"}},
{"type":"Feature","geometry":{"type":"Polygon","coordinates":[[[78.14,9.761],[78.146,9.784],[78.143,9.806],[78.171,9.798],[78.171,9.782],[78.177,9.771],[78.193,9.807],[78.173,9.828],[78.158,9.827],[78.14,9.811],[78.127,9.843],[78.14,9.855],[78.154,9.85],[78.156,9.873],[78.167,9.875],[78.18,9.867],[78.204,9.875],[78.224,9.864],[78.248,9.858],[78.24,9.846],[78.26,9.834],[78.265,9.857],[78.254,9.872],[78.289,9.869],[78.299,9.861],[78.313,9.865],[78.318,9.882],[78.314,9.899],[78.32,9.923],[78.34,9.935],[78.356,9.938],[78.373,9.933],[78.378,9.963],[78.394,9.953],[78.458,9.968],[78.455,9.982],[78.462,10.011],[78.446,10.033],[78.432,10.037],[78.429,10.052],[78.452,10.06],[78.458,10.082],[78.458,10.1],[78.469,10.108],[78.47,10.118],[78.452,10.119],[78.434,10.134],[78.427,10.131],[78.404,10.137],[78.415,10.159],[78.4,10.165],[78.396,10.178],[78.413,10.213],[78.399,10.226],[78.396,10.246],[78.423,10.257],[78.424,10.268],[78.404,10.275],[78.388,10.269],[78.381,10.309],[78.365,10.293],[78.334,10.3],[78.328,10.284],[78.331,10.245],[78.329,10.226],[78.321,10.213],[78.3,10.196],[78.266,10.175],[78.259,10.16],[78.281,10.164],[78.284,10.148],[78.273,10.13],[78.27,10.109],[78.262,10.099],[78.26,10.086],[78.216,10.075],[78.179,10.092],[78.16,10.111],[78.164,10.14],[78.15,10.174],[78.142,10.182],[78.122,10.189],[78.108,10.184],[78.073,10.183],[78.072,10.179],[78.03,10.179],[78.019,10.16],[78,10.159],[77.989,10.142],[77.975,10.131],[77.953,10.14],[77.949,10.121],[77.937,10.107],[77.939,10.086],[77.92,10.083],[77.906,10.069],[77.895,10.072],[77.877,10.059],[77.867,10.073],[77.855,10.075],[77.824,10.067],[77.802,10.064],[77.782,10.05],[77.764,10.055],[77.742,10.034],[77.723,10.022],[77.711,10.02],[77.698,10.013],[77.693,9.968],[77.683,9.969],[77.675,9.955],[77.681,9.934],[77.667,9.915],[77.657,9.919],[77.65,9.891],[77.637,9.873],[77.623,9.863],[77.618,9.838],[77.625,9.823],[77.607,9.794],[77.6,9.777],[77.569,9.748],[77.546,9.704],[77.537,9.676],[77.526,9.661],[77.505,9.649],[77.506,9.636],[77.488,9.614],[77.487,9.606],[77.464,9.579],[77.478,9.563],[77.499,9.577],[77.5,9.588],[77.517,9.612],[77.52,9.638],[77.544,9.66],[77.545,9.646],[77.587,9.666],[77.594,9.68],[77.611,9.698],[77.631,9.707],[77.644,9.705],[77.653,9.687],[77.669,9.677],[77.696,9.692],[77.725,9.693],[77.765,9.68],[77.766,9.661],[77.776,9.64],[77.807,9.642],[77.844,9.635],[77.848,9.65],[77.891,9.642],[77.902,9.625],[77.926,9.646],[77.954,9.648],[77.964,9.645],[77.975,9.63],[78.003,9.649],[78.016,9.639],[78.041,9.676],[78.062,9.671],[78.061,9.66],[78.079,9.66],[78.089,9.675],[78.081,9.706],[78.063,9.741],[78.085,9.759],[78.102,9.755],[78.104,9.766],[78.091,9.777],[78.109,9.785],[78.134,9.765],[78.14,9.761]]]},"properties":{"DISTRICT":"Madurai","ST_NM":"Tamil Nadu"}},
{"type":"Feature","geometry":{"type":"Polygon","coordinates":[[[78.702,16.933],[78.687,16.931],[78.65,16.955],[78.615,16.959],[78.585,16.952],[78.568,16.967],[78.562,16.981],[78.532,16.987],[78.517,17],[78.511,17.013],[78.496,17.009],[78.484,16.992],[78.461,16.982],[78.453,17],[78.426,17.018],[78.389,17.035],[78.366,17.069],[78.367,17.085],[78.354,17.092],[78.34,17.12],[78.308,17.151],[78.31,17.173],[78.294,17.224],[78.271,17.225],[78.262,17.206],[78.227,17.206],[78.214,17.186],[78.173,17.171],[78.172,17.156],[78.193,17.146],[78.18,17.133],[78.185,17.114],[78.183,17.1],[78.164,17.102],[78.132,17.112],[78.102,17.101],[78.085,17.125],[78.099,17.151],[78.095,17.171],[78.088,17.176],[78.086,17.195],[78.055,17.196],[78.043,17.177],[78.028,17.173],[78.009,17.139],[77.993,17.127],[77.991,17.103],[77.977,17.098],[77.956,17.097],[77.936,17.086],[77.939,17.071],[77.923,17.062],[77.94,17.024],[77.951,17.016],[77.979,17.008],[78.003,16.978],[77.989,16.96],[78.014,16.95],[78.009,16.935],[78.017,16.914],[78.011,16.902],[77.984,16.897],[77.97,16.889],[77.969,16.869],[77.991,16.874],[77.978,16.85],[77.968,16.852],[77.956,16.868],[77.938,16.862],[77.929,16.848],[77.91,16.861],[77.866,16.853],[77.821,16.865],[77.821,16.884],[77.81,16.889],[77.795,16.875],[77.773,16.879],[77.758,16.872],[77.738,16.881],[77.745,16.913],[77.74,16.938],[77.762,16.978],[77.758,16.988],[77.769,17.019],[77.778,17.018],[77.788,17.043],[77.775,17.059],[77.755,17.062],[77.764,17.082],[77.769,17.107],[77.78,17.111],[77.771,17.129],[77.788,17.154],[77.788,17.174],[77.779,17.178],[77.767,17.202],[77.789,17.218],[77.793,17.231],[77.78,17.234],[77.763,17.226],[77.739,17.23],[77.735,17.222],[77.742,17.181],[77.729,17.187],[77.728,17.206],[77.697,17.198],[77.698,17.18],[77.685,17.175],[77.666,17.182],[77.649,17.182],[77.645,17.174],[77.617,17.167],[77.613,17.149],[77.589,17.15],[77.58,17.13],[77.552,17.14],[77.54,17.166],[77.513,17.174],[77.479,17.175],[77.481,17.15],[77.486,17.134],[77.482,17.119],[77.467,17.107],[77.464,17.096],[77.481,17.08],[77.482,17.064],[77.497,17.036],[77.503,17.011],[77.482,16.994],[77.483,16.972],[77.468,16.956],[77.472,16.921],[77.46,16.908],[77.457,16.885],[77.462,16.883],[77.465,16.848],[77.461,16.827],[77.467,16.808],[77.476,16.8],[77.471,16.78],[77.439,16.781],[77.441,16.767],[77.428,16.718],[77.442,16.711],[77.45,16.718],[77.473,16.713],[77.469,16.682],[77.441,16.67],[77.421,16.667],[77.437,16.642],[77.448,16.64],[77.466,16.653],[77.476,16.647],[77.458,16.611],[77.468,16.609],[77.461,16.585],[77.441,16.585],[77.425,16.569],[77.396,16.569],[77.406,16.551],[77.42,16.548],[77.42,16.522],[77.385,16.516],[77.373,16.506],[77.37,16.488],[77.328,16.485],[77.301,16.495],[77.296,16.478],[77.255,16.472],[77.268,16.434],[77.289,16.407],[77.311,16.398],[77.337,16.392],[77.357,16.381],[77.377,16.384],[77.416,16.367],[77.432,16.369],[77.442,16.379],[77.486,16.382],[77.523,16.375],[77.54,16.357],[77.589,16.333],[77.596,16.317],[77.585,16.291],[77.57,16.302],[77.548,16.292],[77.539,16.267],[77.529,16.274],[77.506,16.272],[77.492,16.254],[77.493,16.229],[77.5,16.218],[77.5,16.192],[77.488,16.163],[77.493,16.152],[77.491,16.12],[77.514,16.108],[77.503,16.102],[77.498,16.084],[77.508,16.078],[77.496,16.035],[77.507,16.01],[77.515,16.007],[77.51,15.978],[77.52,15.968],[77.514,15.926],[77.594,15.912],[77.612,15.917],[77.631,15.904],[77.645,15.888],[77.664,15.882],[77.689,15.879],[77.722,15.892],[77.755,15.881],[77.766,15.882],[77.805,15.871],[77.84,15.881],[77.861,15.881],[77.873,15.898],[77.894,15.901],[77.934,15.882],[77.979,15.88],[78.008,15.865],[78.023,15.901],[78.035,15.908],[78.046,15.904],[78.047,15.878],[78.055,15.877],[78.07,15.85],[78.108,15.834],[78.133,15.841],[78.132,15.855],[78.171,15.855],[78.188,15.894],[78.187,15.906],[78.212,15.923],[78.234,15.93],[78.249,15.943],[78.255,15.974],[78.266,16.001],[78.258,16.032],[78.275,16.041],[78.299,16.034],[78.323,16.035],[78.347,16.059],[78.377,16.066],[78.391,16.078],[78.412,16.087],[78.458,16.087],[78.503,16.079],[78.566,16.063],[78.611,16.103],[78.624,16.105],[78.644,16.098],[78.665,16.078],[78.676,16.062],[78.694,16.047],[78.721,16.033],[78.746,16.028],[78.783,16.03],[78.816,16.053],[78.829,16.069],[78.844,16.094],[78.848,16.11],[78.841,16.127],[78.84,16.158],[78.864,16.165],[78.874,16.151],[78.88,16.117],[78.897,16.105],[78.909,16.104],[78.921,16.116],[78.929,16.129],[78.928,16.14],[78.913,16.172],[78.916,16.198],[78.933,16.209],[78.967,16.224],[79,16.235],[79.028,16.251],[79.05,16.252],[79.076,16.245],[79.131,16.245],[79.171,16.227],[79.185,16.224],[79.2,16.23],[79.227,16.247],[79.233,16.257],[79.238,16.307],[79.236,16.344],[79.231,16.357],[79.219,16.37],[79.191,16.382],[79.154,16.405],[79.118,16.423],[79.069,16.46],[79.017,16.49],[79,16.495],[78.981,16.494],[78.963,16.501],[78.932,16.517],[78.925,16.536],[78.913,16.55],[78.874,16.543],[78.862,16.55],[78.845,16.547],[78.805,16.518],[78.795,16.516],[78.759,16.536],[78.682,16.538],[78.673,16.528],[78.648,16.534],[78.64,16.55],[78.666,16.542],[78.671,16.564],[78.685,16.553],[78.702,16.563],[78.718,16.581],[78.696,16.62],[78.685,16.623],[78.674,16.648],[78.717,16.649],[78.712,16.669],[78.719,16.681],[78.741,16.7],[78.757,16.707],[78.763,16.727],[78.763,16.745],[78.777,16.745],[78.789,16.753],[78.797,16.779],[78.795,16.805],[78.804,16.823],[78.794,16.826],[78.778,16.844],[78.785,16.868],[78.778,16.881],[78.751,16.854],[78.736,16.86],[78.728,16.871],[78.742,16.9],[78.75,16.91],[78.733,16.92],[78.702,16.933]]]},"properties":{"DISTRICT":"Mahbubnagar","ST_NM":"Andhra Pradesh"}},
{"type":"Feature","geometry":{"type":"Polygon","coordinates":[[[88.076,25.481],[88.037,25.486],[88.021,25.501],[88.01,25.494],[87.992,25.503],[87.986,25.516],[87.961,25.538],[87.93,25.536],[87.909,25.519],[87.912,25.514],[87.906,25.508],[87.905,25.505],[87.902,25.505],[87.901,25.51],[87.894,25.513],[87.891,25.517],[87.885,25.516],[87.887,25.506],[87.876,25.503],[87.875,25.498],[87.869,25.494],[87.866,25.478],[87.87,25.471],[87.87,25.468],[87.869,25.466],[87.857,25.469],[87.855,25.465],[87.84,25.465],[87.832,25.446],[87.815,25.435],[87.792,25.449],[87.769,25.396],[87.772,25.378],[87.795,25.373],[87.787,25.339],[87.797,25.323],[87.807,25.324],[87.835,25.304],[87.856,25.298],[87.862,25.278],[87.855,25.254],[87.841,25.25],[87.828,25.235],[87.839,25.214],[87.835,25.205],[87.807,25.219],[87.793,25.221],[87.79,25.2],[87.777,25.153],[87.775,25.128],[87.778,25.1],[87.785,25.088],[87.805,25.072],[87.84,25.058],[87.87,25.041],[87.909,24.999],[87.912,24.987],[87.936,24.963],[87.967,24.937],[87.975,24.924],[87.979,24.897],[87.972,24.882],[87.958,24.878],[87.917,24.857],[87.902,24.855],[87.924,24.82],[87.954,24.788],[87.971,24.757],[87.969,24.711],[87.96,24.696],[87.965,24.681],[88,24.657],[88.013,24.669],[88.02,24.679],[88.063,24.716],[88.074,24.735],[88.071,24.769],[88.081,24.77],[88.109,24.783],[88.108,24.791],[88.118,24.819],[88.143,24.831],[88.146,24.851],[88.162,24.85],[88.176,24.863],[88.162,24.873],[88.169,24.898],[88.148,24.919],[88.156,24.932],[88.176,24.945],[88.205,24.956],[88.221,24.958],[88.239,24.952],[88.252,24.936],[88.276,24.891],[88.299,24.886],[88.312,24.878],[88.325,24.881],[88.336,24.872],[88.347,24.886],[88.346,24.901],[88.335,24.906],[88.347,24.94],[88.371,24.952],[88.384,24.944],[88.398,24.944],[88.403,24.971],[88.412,24.975],[88.429,25.012],[88.443,25.011],[88.452,25.035],[88.439,25.053],[88.452,25.07],[88.448,25.123],[88.46,25.132],[88.462,25.145],[88.45,25.171],[88.444,25.197],[88.44,25.208],[88.45,25.221],[88.464,25.263],[88.451,25.262],[88.441,25.279],[88.452,25.305],[88.436,25.315],[88.431,25.303],[88.386,25.288],[88.368,25.289],[88.348,25.301],[88.33,25.295],[88.314,25.297],[88.292,25.312],[88.277,25.314],[88.271,25.297],[88.242,25.291],[88.242,25.301],[88.22,25.307],[88.192,25.275],[88.183,25.29],[88.166,25.298],[88.146,25.28],[88.152,25.266],[88.148,25.254],[88.132,25.251],[88.126,25.27],[88.114,25.279],[88.112,25.291],[88.132,25.291],[88.129,25.306],[88.114,25.323],[88.115,25.328],[88.128,25.363],[88.106,25.379],[88.114,25.39],[88.1,25.42],[88.103,25.441],[88.083,25.453],[88.076,25.481]]]},"properties":{"DISTRICT":"Maldah","ST_NM":"West Bengal"}},
{"type":"Feature","geometry":{"type":"Polygon","coordinates":[[[82.437,18.493],[82.421,18.499],[82.405,18.527],[82.41,18.554],[82.417,18.564],[82.431,18.557],[82.444,18.569],[82.447,18.599],[82.419,18.605],[82.41,18.595],[82.396,18.613],[82.359,18.622],[82.338,18.6],[82.33,18.6],[82.315,18.578],[82.281,18.587],[82.265,18.588],[82.243,18.611],[82.231,18.635],[82.234,18.65],[82.222,18.667],[82.212,18.651],[82.201,18.651],[82.192,18.631],[82.176,18.633],[82.166,18.647],[82.167,18.651],[82.163,18.665],[82.161,18.669],[82.154,18.66],[82.148,18.659],[82.135,18.676],[82.147,18.692],[82.143,18.702],[82.127,18.707],[82.13,18.723],[82.111,18.726],[82.093,18.739],[82.087,18.719],[82.076,18.724],[82.042,18.726],[82.024,18.72],[82,18.704],[81.984,18.702],[81.969,18.693],[81.969,18.675],[81.956,18.663],[81.956,18.636],[81.924,18.643],[81.901,18.661],[81.897,18.628],[81.908,18.626],[81.934,18.61],[81.938,18.603],[81.963,18.594],[81.954,18.582],[81.955,18.566],[81.909,18.564],[81.905,18.535],[81.891,18.536],[81.871,18.524],[81.857,18.508],[81.858,18.496],[81.806,18.447],[81.77,18.418],[81.753,18.353],[81.707,18.351],[81.666,18.346],[81.657,18.338],[81.669,18.323],[81.624,18.308],[81.602,18.308],[81.576,18.28],[81.556,18.269],[81.536,18.266],[81.534,18.244],[81.513,18.191],[81.531,18.164],[81.52,18.136],[81.517,18.1],[81.504,18.076],[81.503,18.065],[81.49,18.057],[81.482,18.036],[81.487,18.011],[81.482,17.991],[81.485,17.981],[81.475,17.962],[81.463,17.954],[81.453,17.93],[81.457,17.911],[81.446,17.884],[81.439,17.882],[81.412,17.896],[81.404,17.895],[81.398,17.867],[81.407,17.854],[81.393,17.833],[81.394,17.814],[81.418,17.813],[81.434,17.829],[81.446,17.823],[81.468,17.832],[81.479,17.831],[81.49,17.811],[81.52,17.814],[81.563,17.824],[81.583,17.835],[81.608,17.823],[81.62,17.823],[81.651,17.847],[81.655,17.864],[81.672,17.885],[81.697,17.893],[81.712,17.869],[81.767,17.901],[81.795,17.922],[81.81,17.944],[81.842,17.959],[81.855,17.959],[81.908,17.977],[81.922,17.988],[81.945,17.992],[81.982,18.014],[81.997,18.028],[82.01,18.032],[82.01,18.053],[82.033,18.066],[82.054,18.054],[82.068,18.053],[82.081,18.074],[82.101,18.061],[82.116,18.062],[82.138,18.057],[82.141,18.044],[82.172,18.05],[82.185,18.029],[82.186,18.019],[82.205,18.017],[82.227,18.003],[82.246,18.001],[82.25,17.988],[82.276,17.995],[82.279,18.019],[82.267,18.043],[82.275,18.057],[82.296,18.069],[82.313,18.048],[82.33,18.059],[82.345,18.056],[82.352,18.091],[82.341,18.103],[82.339,18.127],[82.342,18.151],[82.366,18.134],[82.374,18.148],[82.357,18.17],[82.341,18.172],[82.319,18.183],[82.315,18.204],[82.328,18.209],[82.341,18.224],[82.339,18.239],[82.345,18.274],[82.352,18.28],[82.375,18.279],[82.391,18.292],[82.401,18.315],[82.393,18.327],[82.374,18.324],[82.366,18.316],[82.351,18.315],[82.354,18.33],[82.368,18.352],[82.385,18.361],[82.393,18.38],[82.384,18.391],[82.381,18.406],[82.37,18.418],[82.386,18.43],[82.406,18.459],[82.435,18.485],[82.437,18.493]]]},"properties":{"DISTRICT":"Malkangiri","ST_NM":"Odisha"}},
{"type":"Feature","geometry":{"type":"Polygon","coordinates":[[[86.068,22.552],[86.044,22.567],[86.024,22.547],[86.034,22.538],[86.002,22.512],[85.987,22.513],[85.975,22.503],[85.967,22.482],[85.959,22.459],[85.969,22.449],[85.999,22.426],[86.015,22.428],[86.027,22.385],[86.023,22.366],[85.999,22.342],[86.026,22.333],[86.012,22.32],[86.024,22.308],[85.991,22.271],[85.991,22.261],[85.976,22.247],[85.999,22.219],[86.023,22.203],[86.032,22.189],[86.021,22.177],[86.017,22.162],[86,22.136],[86.008,22.117],[85.985,22.087],[85.981,22.076],[85.948,22.023],[85.935,22.023],[85.918,22.009],[85.919,22.001],[85.909,21.971],[85.9,21.982],[85.877,21.979],[85.846,21.981],[85.828,21.974],[85.821,21.984],[85.79,21.983],[85.767,21.994],[85.762,22.012],[85.785,22.04],[85.776,22.055],[85.794,22.081],[85.82,22.074],[85.837,22.081],[85.808,22.115],[85.797,22.104],[85.764,22.089],[85.752,22.074],[85.728,22.062],[85.694,22.06],[85.678,22.055],[85.676,22.043],[85.664,22.033],[85.672,22.013],[85.704,22.007],[85.702,21.992],[85.715,21.985],[85.74,21.993],[85.755,21.977],[85.796,21.951],[85.796,21.928],[85.791,21.906],[85.806,21.887],[85.803,21.874],[85.813,21.848],[85.808,21.831],[85.811,21.812],[85.83,21.806],[85.839,21.81],[85.864,21.797],[85.883,21.794],[85.906,21.767],[85.941,21.762],[85.972,21.74],[86.014,21.746],[86.028,21.723],[86.025,21.699],[86.04,21.7],[86.054,21.709],[86.061,21.688],[86.084,21.685],[86.074,21.666],[86.081,21.629],[86.048,21.573],[86.019,21.559],[86.021,21.549],[86.01,21.532],[86.061,21.507],[86.101,21.491],[86.13,21.471],[86.139,21.454],[86.16,21.429],[86.158,21.412],[86.142,21.403],[86.122,21.369],[86.123,21.36],[86.11,21.35],[86.109,21.334],[86.094,21.311],[86.109,21.304],[86.121,21.272],[86.139,21.266],[86.139,21.281],[86.151,21.287],[86.19,21.273],[86.211,21.283],[86.221,21.312],[86.255,21.351],[86.286,21.375],[86.3,21.355],[86.32,21.346],[86.359,21.32],[86.362,21.3],[86.384,21.309],[86.397,21.32],[86.428,21.332],[86.44,21.352],[86.464,21.369],[86.484,21.376],[86.499,21.389],[86.535,21.428],[86.558,21.465],[86.57,21.494],[86.585,21.521],[86.599,21.517],[86.621,21.523],[86.641,21.534],[86.652,21.565],[86.688,21.594],[86.706,21.584],[86.717,21.596],[86.755,21.605],[86.793,21.598],[86.813,21.607],[86.842,21.6],[86.849,21.605],[86.866,21.597],[86.881,21.608],[86.891,21.622],[86.902,21.609],[86.919,21.58],[86.928,21.587],[86.952,21.573],[86.964,21.582],[87,21.594],[87,21.621],[87.012,21.632],[87.012,21.648],[86.991,21.651],[86.99,21.667],[87,21.675],[87.024,21.671],[87.032,21.662],[87.054,21.683],[87.039,21.696],[87.039,21.718],[87.032,21.72],[87.027,21.741],[87.048,21.739],[87.045,21.717],[87.055,21.707],[87.072,21.706],[87.102,21.751],[87.122,21.753],[87.104,21.773],[87.113,21.786],[87.132,21.769],[87.146,21.763],[87.16,21.768],[87.171,21.793],[87.169,21.806],[87.179,21.812],[87.13,21.837],[87.121,21.853],[87.099,21.865],[87.058,21.866],[87.035,21.87],[87.025,21.89],[87.01,21.9],[87.003,21.912],[87.01,21.945],[87.039,21.994],[87.027,22.017],[87.031,22.033],[87.022,22.046],[87,22.05],[86.962,22.088],[86.914,22.091],[86.853,22.103],[86.837,22.099],[86.828,22.117],[86.811,22.118],[86.805,22.15],[86.795,22.158],[86.757,22.148],[86.721,22.148],[86.722,22.168],[86.718,22.182],[86.728,22.219],[86.687,22.224],[86.675,22.241],[86.653,22.24],[86.651,22.265],[86.632,22.271],[86.621,22.28],[86.595,22.286],[86.584,22.302],[86.557,22.299],[86.545,22.308],[86.53,22.307],[86.529,22.322],[86.513,22.328],[86.505,22.345],[86.489,22.348],[86.484,22.338],[86.464,22.326],[86.444,22.327],[86.445,22.31],[86.43,22.31],[86.396,22.329],[86.381,22.341],[86.358,22.349],[86.345,22.37],[86.331,22.377],[86.323,22.394],[86.308,22.409],[86.293,22.429],[86.285,22.449],[86.271,22.443],[86.226,22.453],[86.208,22.474],[86.152,22.483],[86.107,22.494],[86.075,22.546],[86.068,22.552]]]},"properties":{"DISTRICT":"Mayurbhanj","ST_NM":"Odisha"}},
{"type":"Feature","geometry":{"type":"Polygon","coordinates":[[[78.569,18.23],[78.568,18.188],[78.553,18.182],[78.535,18.184],[78.504,18.172],[78.489,18.158],[78.498,18.139],[78.472,18.129],[78.456,18.133],[78.441,18.166],[78.428,18.158],[78.424,18.142],[78.415,18.133],[78.395,18.131],[78.389,18.125],[78.36,18.172],[78.327,18.2],[78.309,18.176],[78.283,18.149],[78.262,18.147],[78.249,18.16],[78.218,18.179],[78.223,18.188],[78.213,18.219],[78.194,18.215],[78.176,18.19],[78.171,18.17],[78.177,18.128],[78.173,18.107],[78.141,18.077],[78.117,18.079],[78.114,18.098],[78.101,18.092],[78.097,18.08],[78.079,18.079],[78.041,18.097],[78.023,18.097],[78.01,18.112],[77.942,18.113],[77.92,18.125],[77.927,18.131],[77.922,18.147],[77.905,18.148],[77.897,18.16],[77.904,18.173],[77.906,18.194],[77.883,18.189],[77.865,18.193],[77.855,18.207],[77.829,18.196],[77.796,18.205],[77.773,18.191],[77.76,18.208],[77.748,18.207],[77.745,18.226],[77.725,18.26],[77.69,18.262],[77.668,18.283],[77.629,18.285],[77.62,18.275],[77.603,18.275],[77.585,18.258],[77.576,18.242],[77.589,18.219],[77.574,18.191],[77.583,18.164],[77.601,18.154],[77.597,18.13],[77.604,18.102],[77.601,18.086],[77.571,18.078],[77.549,18.056],[77.557,18.037],[77.589,18.027],[77.596,18.012],[77.61,18.02],[77.626,18.007],[77.633,17.995],[77.65,17.996],[77.657,17.972],[77.648,17.965],[77.648,17.949],[77.624,17.947],[77.62,17.905],[77.589,17.911],[77.587,17.901],[77.596,17.882],[77.571,17.869],[77.567,17.844],[77.558,17.833],[77.53,17.829],[77.53,17.814],[77.515,17.804],[77.508,17.785],[77.527,17.782],[77.558,17.764],[77.566,17.75],[77.543,17.728],[77.531,17.73],[77.498,17.719],[77.493,17.709],[77.461,17.701],[77.455,17.69],[77.449,17.66],[77.454,17.635],[77.444,17.607],[77.444,17.584],[77.465,17.58],[77.478,17.568],[77.494,17.569],[77.505,17.544],[77.531,17.576],[77.541,17.574],[77.552,17.552],[77.589,17.561],[77.596,17.552],[77.596,17.536],[77.621,17.532],[77.625,17.525],[77.661,17.524],[77.67,17.513],[77.69,17.509],[77.691,17.527],[77.707,17.528],[77.761,17.559],[77.762,17.581],[77.771,17.586],[77.774,17.602],[77.753,17.623],[77.78,17.628],[77.816,17.626],[77.828,17.646],[77.856,17.643],[77.861,17.622],[77.875,17.6],[77.874,17.581],[77.923,17.574],[77.94,17.552],[77.938,17.539],[77.964,17.535],[77.975,17.519],[77.966,17.505],[77.965,17.484],[77.983,17.486],[77.996,17.5],[78.02,17.475],[78.045,17.461],[78.054,17.46],[78.063,17.483],[78.071,17.521],[78.082,17.524],[78.085,17.497],[78.104,17.492],[78.111,17.483],[78.134,17.488],[78.146,17.473],[78.167,17.463],[78.194,17.48],[78.214,17.486],[78.219,17.463],[78.219,17.44],[78.23,17.44],[78.237,17.428],[78.263,17.419],[78.273,17.435],[78.289,17.433],[78.306,17.465],[78.297,17.492],[78.311,17.492],[78.336,17.505],[78.355,17.524],[78.349,17.544],[78.362,17.558],[78.372,17.583],[78.376,17.604],[78.36,17.623],[78.382,17.633],[78.387,17.665],[78.396,17.673],[78.42,17.67],[78.43,17.701],[78.44,17.699],[78.451,17.712],[78.473,17.695],[78.513,17.686],[78.527,17.7],[78.551,17.689],[78.572,17.687],[78.582,17.701],[78.599,17.701],[78.614,17.681],[78.616,17.669],[78.634,17.668],[78.652,17.677],[78.664,17.696],[78.683,17.693],[78.703,17.684],[78.72,17.667],[78.73,17.667],[78.743,17.681],[78.765,17.684],[78.775,17.676],[78.793,17.695],[78.785,17.707],[78.812,17.715],[78.827,17.743],[78.859,17.752],[78.867,17.781],[78.87,17.809],[78.876,17.829],[78.872,17.867],[78.841,17.871],[78.828,17.879],[78.833,17.894],[78.852,17.905],[78.856,17.92],[78.873,17.946],[78.881,17.963],[78.908,17.959],[78.93,17.993],[78.95,17.994],[78.954,18.018],[78.972,18.032],[78.987,18.019],[79,18],[79.035,18.025],[79.051,18.033],[79.077,18.02],[79.096,18.025],[79.116,18.027],[79.121,18.04],[79.112,18.053],[79.127,18.082],[79.106,18.08],[79.065,18.085],[79.037,18.097],[79.043,18.127],[79.016,18.143],[79.021,18.165],[79.02,18.186],[79.009,18.204],[78.966,18.217],[78.962,18.231],[78.965,18.252],[78.942,18.257],[78.909,18.251],[78.898,18.239],[78.849,18.249],[78.826,18.258],[78.805,18.259],[78.78,18.265],[78.773,18.26],[78.758,18.229],[78.746,18.218],[78.731,18.219],[78.727,18.233],[78.698,18.231],[78.663,18.249],[78.631,18.251],[78.594,18.247],[78.578,18.225],[78.569,18.23]]]},"properties":{"DISTRICT":"Medak","ST_NM":"Andhra Pradesh"}},
{"type":"Feature","geometry":{"type":"Polygon","coordinates":[[[88.013,24.669],[88,24.657],[87.965,24.681],[87.96,24.696],[87.969,24.711],[87.971,24.757],[87.954,24.788],[87.924,24.82],[87.902,24.855],[87.899,24.83],[87.892,24.821],[87.872,24.822],[87.883,24.802],[87.871,24.775],[87.855,24.762],[87.823,24.767],[87.819,24.754],[87.837,24.747],[87.845,24.739],[87.873,24.73],[87.883,24.74],[87.892,24.726],[87.906,24.723],[87.902,24.692],[87.891,24.679],[87.917,24.663],[87.907,24.614],[87.915,24.595],[87.911,24.585],[87.897,24.581],[87.892,24.564],[87.893,24.541],[87.925,24.542],[87.951,24.516],[87.95,24.497],[87.975,24.47],[87.979,24.415],[87.974,24.408],[87.971,24.378],[87.957,24.359],[87.963,24.34],[87.982,24.334],[87.998,24.323],[88,24.312],[88.015,24.314],[88.019,24.273],[88.028,24.26],[88.024,24.243],[87.996,24.243],[87.996,24.227],[88.007,24.215],[87.99,24.208],[87.987,24.194],[87.968,24.188],[87.944,24.194],[87.937,24.177],[87.914,24.162],[87.901,24.146],[87.908,24.132],[87.898,24.114],[87.91,24.099],[87.898,24.08],[87.897,24.058],[87.866,24.03],[87.876,24.016],[87.869,23.998],[87.871,23.983],[87.858,23.968],[87.871,23.955],[87.866,23.93],[87.87,23.917],[87.848,23.912],[87.855,23.886],[87.865,23.879],[87.878,23.852],[87.892,23.857],[87.895,23.836],[87.908,23.841],[87.927,23.84],[87.935,23.824],[87.966,23.803],[87.974,23.83],[88.003,23.841],[88.025,23.825],[88.031,23.794],[88.059,23.779],[88.037,23.763],[88.042,23.745],[88.054,23.737],[88.062,23.72],[88.083,23.721],[88.096,23.735],[88.094,23.751],[88.127,23.749],[88.145,23.73],[88.156,23.731],[88.167,23.753],[88.198,23.765],[88.213,23.765],[88.222,23.757],[88.244,23.765],[88.238,23.794],[88.272,23.81],[88.294,23.803],[88.309,23.809],[88.321,23.804],[88.34,23.807],[88.361,23.823],[88.383,23.81],[88.391,23.819],[88.411,23.818],[88.419,23.8],[88.432,23.823],[88.444,23.85],[88.459,23.836],[88.453,23.817],[88.477,23.819],[88.478,23.857],[88.467,23.886],[88.487,23.901],[88.502,23.884],[88.511,23.887],[88.504,23.908],[88.462,23.92],[88.471,23.938],[88.495,23.938],[88.498,23.949],[88.522,23.948],[88.525,23.966],[88.514,23.983],[88.533,23.99],[88.546,24.001],[88.552,24.02],[88.55,24.036],[88.565,24.038],[88.585,24.028],[88.601,23.996],[88.626,23.98],[88.651,24.007],[88.65,24.02],[88.634,24.025],[88.635,24.035],[88.648,24.052],[88.655,24.072],[88.684,24.078],[88.684,24.088],[88.708,24.095],[88.702,24.12],[88.714,24.12],[88.703,24.168],[88.715,24.178],[88.724,24.199],[88.736,24.199],[88.736,24.224],[88.742,24.262],[88.727,24.298],[88.704,24.311],[88.675,24.315],[88.641,24.306],[88.629,24.315],[88.606,24.309],[88.573,24.323],[88.567,24.304],[88.551,24.303],[88.543,24.325],[88.524,24.344],[88.508,24.345],[88.453,24.373],[88.427,24.38],[88.376,24.37],[88.343,24.378],[88.306,24.405],[88.27,24.442],[88.243,24.452],[88.215,24.454],[88.195,24.465],[88.178,24.491],[88.147,24.507],[88.103,24.547],[88.07,24.599],[88.052,24.631],[88.017,24.659],[88.013,24.669]]]},"properties":{"DISTRICT":"Murshidabad","ST_NM":"West Bengal"}},
{"type":"Feature","geometry":{"type":"Polygon","coordinates":[[[82.018,20.049],[82,20.052],[81.981,20.08],[81.952,20.106],[81.941,20.103],[81.897,20.047],[81.881,20.05],[81.868,20.027],[81.854,19.975],[81.845,19.954],[81.856,19.943],[81.853,19.919],[81.866,19.904],[81.906,19.883],[81.947,19.869],[81.968,19.859],[81.965,19.841],[81.988,19.8],[82.007,19.803],[82.037,19.797],[82.06,19.796],[82.067,19.788],[82.065,19.758],[82.054,19.748],[82.051,19.719],[82.045,19.709],[82.054,19.674],[82.054,19.649],[82.059,19.63],[82.045,19.603],[82.043,19.588],[82.052,19.57],[82.048,19.557],[82.054,19.544],[82.03,19.507],[82.068,19.509],[82.079,19.521],[82.1,19.515],[82.099,19.499],[82.11,19.479],[82.105,19.467],[82.127,19.429],[82.178,19.435],[82.191,19.418],[82.186,19.411],[82.182,19.383],[82.174,19.372],[82.159,19.376],[82.149,19.371],[82.15,19.354],[82.188,19.338],[82.176,19.297],[82.16,19.271],[82.16,19.23],[82.169,19.214],[82.18,19.223],[82.207,19.229],[82.217,19.24],[82.226,19.222],[82.242,19.227],[82.259,19.211],[82.283,19.204],[82.295,19.191],[82.314,19.201],[82.324,19.212],[82.358,19.202],[82.397,19.209],[82.405,19.188],[82.433,19.172],[82.46,19.182],[82.471,19.178],[82.494,19.182],[82.517,19.203],[82.527,19.198],[82.549,19.206],[82.6,19.191],[82.616,19.183],[82.618,19.158],[82.637,19.148],[82.643,19.159],[82.639,19.172],[82.655,19.188],[82.669,19.185],[82.704,19.188],[82.708,19.178],[82.724,19.173],[82.726,19.171],[82.723,19.17],[82.724,19.167],[82.732,19.16],[82.742,19.16],[82.746,19.179],[82.774,19.166],[82.79,19.171],[82.802,19.149],[82.812,19.166],[82.826,19.171],[82.843,19.2],[82.857,19.204],[82.848,19.209],[82.839,19.235],[82.818,19.231],[82.806,19.237],[82.826,19.256],[82.833,19.291],[82.852,19.309],[82.838,19.325],[82.826,19.322],[82.8,19.329],[82.787,19.342],[82.757,19.328],[82.743,19.349],[82.728,19.346],[82.715,19.358],[82.708,19.388],[82.713,19.413],[82.694,19.417],[82.682,19.436],[82.665,19.443],[82.662,19.455],[82.651,19.461],[82.649,19.477],[82.634,19.482],[82.645,19.507],[82.608,19.52],[82.617,19.533],[82.602,19.541],[82.569,19.543],[82.569,19.565],[82.559,19.579],[82.537,19.576],[82.55,19.61],[82.528,19.63],[82.558,19.646],[82.572,19.673],[82.568,19.683],[82.569,19.734],[82.603,19.746],[82.593,19.776],[82.586,19.781],[82.587,19.803],[82.579,19.807],[82.579,19.833],[82.605,19.866],[82.585,19.869],[82.574,19.877],[82.552,19.874],[82.538,19.887],[82.506,19.89],[82.505,19.9],[82.483,19.906],[82.466,19.9],[82.45,19.908],[82.422,19.902],[82.396,19.887],[82.376,19.86],[82.347,19.835],[82.334,19.843],[82.326,19.864],[82.306,19.888],[82.303,19.904],[82.277,19.95],[82.269,19.976],[82.238,20.003],[82.218,19.995],[82.212,19.985],[82.192,19.986],[82.174,20],[82.139,20.017],[82.124,20.015],[82.091,20.037],[82.084,20.048],[82.065,20.054],[82.057,20.04],[82.039,20.027],[82.022,20.024],[82.018,20.049]]]},"properties":{"DISTRICT":"Nabarangapur","ST_NM":"Odisha"}},
{"type":"Feature","geometry":{"type":"MultiPolygon","coordinates":[[[[88.753,23.239],[88.724,23.255],[88.727,23.272],[88.712,23.29],[88.7,23.295],[88.731,23.312],[88.747,23.309],[88.75,23.32],[88.74,23.331],[88.738,23.351],[88.751,23.353],[88.766,23.37],[88.757,23.39],[88.764,23.412],[88.761,23.421],[88.768,23.444],[88.784,23.439],[88.793,23.443],[88.792,23.467],[88.804,23.483],[88.8,23.499],[88.783,23.5],[88.746,23.483],[88.722,23.51],[88.699,23.52],[88.688,23.541],[88.665,23.552],[88.659,23.56],[88.652,23.586],[88.643,23.599],[88.647,23.611],[88.611,23.603],[88.591,23.602],[88.597,23.628],[88.565,23.648],[88.578,23.672],[88.568,23.717],[88.575,23.727],[88.583,23.767],[88.564,23.783],[88.585,23.791],[88.596,23.802],[88.591,23.814],[88.606,23.819],[88.592,23.836],[88.59,23.853],[88.58,23.862],[88.596,23.872],[88.604,23.867],[88.626,23.875],[88.637,23.863],[88.669,23.874],[88.671,23.886],[88.708,23.901],[88.708,23.916],[88.737,23.916],[88.737,23.931],[88.746,23.936],[88.744,23.955],[88.738,23.962],[88.745,23.986],[88.775,23.989],[88.763,24.01],[88.734,23.996],[88.742,24.015],[88.74,24.057],[88.726,24.067],[88.729,24.097],[88.708,24.095],[88.684,24.088],[88.684,24.078],[88.655,24.072],[88.648,24.052],[88.635,24.035],[88.634,24.025],[88.65,24.02],[88.651,24.007],[88.626,23.98],[88.601,23.996],[88.585,24.028],[88.565,24.038],[88.55,24.036],[88.552,24.02],[88.546,24.001],[88.533,23.99],[88.514,23.983],[88.525,23.966],[88.522,23.948],[88.498,23.949],[88.495,23.938],[88.471,23.938],[88.462,23.92],[88.504,23.908],[88.511,23.887],[88.502,23.884],[88.487,23.901],[88.467,23.886],[88.478,23.857],[88.477,23.819],[88.453,23.817],[88.459,23.836],[88.444,23.85],[88.432,23.823],[88.419,23.8],[88.411,23.818],[88.391,23.819],[88.383,23.81],[88.361,23.823],[88.34,23.807],[88.321,23.804],[88.309,23.809],[88.294,23.803],[88.272,23.81],[88.238,23.794],[88.244,23.765],[88.222,23.757],[88.213,23.765],[88.198,23.765],[88.196,23.736],[88.23,23.721],[88.228,23.705],[88.186,23.714],[88.168,23.71],[88.146,23.685],[88.138,23.652],[88.153,23.639],[88.157,23.627],[88.178,23.619],[88.199,23.62],[88.218,23.605],[88.233,23.614],[88.266,23.616],[88.271,23.599],[88.289,23.586],[88.29,23.576],[88.317,23.588],[88.325,23.575],[88.296,23.559],[88.279,23.559],[88.279,23.537],[88.311,23.54],[88.325,23.549],[88.362,23.543],[88.365,23.531],[88.39,23.504],[88.392,23.497],[88.366,23.478],[88.368,23.47],[88.355,23.456],[88.344,23.424],[88.355,23.411],[88.36,23.396],[88.352,23.383],[88.333,23.366],[88.339,23.34],[88.331,23.312],[88.338,23.292],[88.353,23.281],[88.365,23.254],[88.358,23.238],[88.387,23.22],[88.42,23.212],[88.46,23.228],[88.473,23.222],[88.476,23.21],[88.465,23.187],[88.453,23.148],[88.459,23.131],[88.492,23.13],[88.503,23.124],[88.508,23.101],[88.505,23.086],[88.494,23.079],[88.475,23.083],[88.464,23.071],[88.459,23.044],[88.444,23.027],[88.419,23.016],[88.407,22.986],[88.412,22.945],[88.426,22.956],[88.464,22.95],[88.478,22.934],[88.511,22.943],[88.52,22.931],[88.53,22.931],[88.561,22.921],[88.571,22.914],[88.614,22.905],[88.625,22.881],[88.645,22.88],[88.659,22.874],[88.672,22.889],[88.661,22.907],[88.659,22.937],[88.665,22.951],[88.664,22.983],[88.68,22.998],[88.676,23.015],[88.688,23.026],[88.684,23.048],[88.698,23.063],[88.686,23.072],[88.678,23.094],[88.697,23.111],[88.707,23.136],[88.698,23.154],[88.713,23.165],[88.72,23.186],[88.718,23.213],[88.708,23.216],[88.712,23.235],[88.726,23.241],[88.739,23.235],[88.753,23.239]]],[[[88.736,24.199],[88.724,24.199],[88.715,24.178],[88.703,24.168],[88.714,24.12],[88.748,24.138],[88.747,24.153],[88.734,24.172],[88.736,24.199]]]]},"properties":{"DISTRICT":"Nadia","ST_NM":"West Bengal"}},
{"type":"Feature","geometry":{"type":"Polygon","coordinates":[[[79.793,17.32],[79.783,17.353],[79.767,17.375],[79.787,17.388],[79.763,17.408],[79.759,17.431],[79.728,17.431],[79.715,17.438],[79.704,17.453],[79.684,17.456],[79.655,17.472],[79.655,17.504],[79.629,17.492],[79.594,17.501],[79.586,17.497],[79.559,17.502],[79.538,17.524],[79.524,17.513],[79.519,17.495],[79.492,17.501],[79.486,17.509],[79.468,17.516],[79.422,17.516],[79.403,17.5],[79.384,17.505],[79.359,17.518],[79.318,17.529],[79.308,17.556],[79.289,17.557],[79.275,17.579],[79.269,17.581],[79.257,17.562],[79.227,17.564],[79.223,17.578],[79.212,17.591],[79.216,17.607],[79.207,17.625],[79.179,17.6],[79.173,17.583],[79.162,17.579],[79.148,17.593],[79.152,17.62],[79.139,17.629],[79.127,17.652],[79.124,17.668],[79.097,17.679],[79.085,17.689],[79.075,17.712],[79.052,17.722],[79.025,17.709],[79.015,17.72],[78.989,17.788],[78.977,17.787],[78.935,17.792],[78.932,17.798],[78.888,17.804],[78.87,17.809],[78.867,17.781],[78.859,17.752],[78.827,17.743],[78.812,17.715],[78.785,17.707],[78.793,17.695],[78.775,17.676],[78.765,17.684],[78.743,17.681],[78.73,17.667],[78.72,17.667],[78.71,17.635],[78.698,17.614],[78.697,17.589],[78.688,17.578],[78.699,17.56],[78.706,17.534],[78.713,17.524],[78.711,17.489],[78.727,17.477],[78.715,17.463],[78.713,17.439],[78.76,17.444],[78.762,17.428],[78.746,17.398],[78.748,17.386],[78.741,17.359],[78.77,17.349],[78.77,17.341],[78.747,17.326],[78.768,17.309],[78.747,17.297],[78.761,17.28],[78.756,17.272],[78.771,17.259],[78.806,17.249],[78.827,17.236],[78.814,17.209],[78.769,17.219],[78.781,17.196],[78.791,17.193],[78.795,17.173],[78.784,17.161],[78.796,17.141],[78.818,17.13],[78.839,17.125],[78.842,17.111],[78.825,17.106],[78.85,17.087],[78.846,17.052],[78.82,17.032],[78.831,17.018],[78.798,16.991],[78.79,16.973],[78.759,16.978],[78.755,16.966],[78.718,16.968],[78.707,16.962],[78.699,16.939],[78.702,16.933],[78.733,16.92],[78.75,16.91],[78.742,16.9],[78.728,16.871],[78.736,16.86],[78.751,16.854],[78.778,16.881],[78.785,16.868],[78.778,16.844],[78.794,16.826],[78.804,16.823],[78.795,16.805],[78.797,16.779],[78.789,16.753],[78.777,16.745],[78.763,16.745],[78.763,16.727],[78.757,16.707],[78.741,16.7],[78.719,16.681],[78.712,16.669],[78.717,16.649],[78.674,16.648],[78.685,16.623],[78.696,16.62],[78.718,16.581],[78.702,16.563],[78.685,16.553],[78.671,16.564],[78.666,16.542],[78.64,16.55],[78.648,16.534],[78.673,16.528],[78.682,16.538],[78.759,16.536],[78.795,16.516],[78.805,16.518],[78.845,16.547],[78.862,16.55],[78.874,16.543],[78.913,16.55],[78.925,16.536],[78.932,16.517],[78.963,16.501],[78.981,16.494],[79,16.495],[79.017,16.49],[79.069,16.46],[79.118,16.423],[79.154,16.405],[79.191,16.382],[79.219,16.37],[79.22,16.401],[79.227,16.445],[79.244,16.465],[79.243,16.477],[79.232,16.499],[79.238,16.526],[79.269,16.553],[79.274,16.568],[79.303,16.574],[79.328,16.583],[79.353,16.586],[79.435,16.589],[79.451,16.601],[79.459,16.616],[79.505,16.637],[79.52,16.641],[79.545,16.639],[79.572,16.645],[79.608,16.67],[79.656,16.669],[79.664,16.681],[79.691,16.698],[79.731,16.7],[79.742,16.705],[79.759,16.727],[79.783,16.737],[79.792,16.732],[79.819,16.698],[79.87,16.706],[79.882,16.696],[79.899,16.657],[79.911,16.645],[79.932,16.638],[79.951,16.64],[79.967,16.65],[79.982,16.667],[80,16.7],[80.025,16.719],[80.056,16.753],[80.06,16.779],[80.078,16.821],[80.05,16.834],[80.041,16.86],[80.022,16.86],[80,16.871],[80.003,16.885],[80.018,16.915],[80.045,16.944],[80.054,16.973],[80.052,17],[80.062,17.017],[80.021,17.057],[80,17.069],[79.979,17.1],[79.953,17.125],[79.941,17.133],[79.914,17.136],[79.909,17.158],[79.892,17.166],[79.876,17.187],[79.88,17.209],[79.9,17.218],[79.898,17.253],[79.88,17.268],[79.826,17.276],[79.815,17.287],[79.793,17.32]]]},"properties":{"DISTRICT":"Nalgonda","ST_NM":"Andhra Pradesh"}},
{"type":"Feature","geometry":{"type":"Polygon","coordinates":[[[78.486,11.403],[78.469,11.405],[78.446,11.398],[78.447,11.438],[78.444,11.45],[78.428,11.465],[78.441,11.493],[78.464,11.494],[78.472,11.515],[78.454,11.538],[78.461,11.556],[78.45,11.561],[78.452,11.593],[78.435,11.593],[78.418,11.586],[78.387,11.582],[78.383,11.573],[78.368,11.574],[78.345,11.545],[78.345,11.536],[78.332,11.53],[78.324,11.541],[78.329,11.555],[78.309,11.561],[78.305,11.585],[78.273,11.575],[78.267,11.556],[78.246,11.552],[78.207,11.561],[78.202,11.549],[78.168,11.545],[78.159,11.535],[78.133,11.54],[78.121,11.536],[78.104,11.553],[78.095,11.543],[78.077,11.538],[78.079,11.521],[78.058,11.512],[78.039,11.519],[78.034,11.527],[78.019,11.527],[78.002,11.52],[77.982,11.526],[77.975,11.516],[77.977,11.5],[77.972,11.466],[77.948,11.469],[77.94,11.457],[77.927,11.459],[77.913,11.45],[77.912,11.43],[77.894,11.415],[77.879,11.42],[77.874,11.409],[77.847,11.42],[77.846,11.433],[77.824,11.44],[77.835,11.452],[77.83,11.464],[77.807,11.456],[77.805,11.446],[77.787,11.448],[77.795,11.463],[77.782,11.476],[77.77,11.479],[77.759,11.449],[77.739,11.441],[77.71,11.463],[77.696,11.458],[77.687,11.441],[77.683,11.419],[77.705,11.391],[77.722,11.372],[77.74,11.365],[77.753,11.35],[77.76,11.33],[77.808,11.265],[77.842,11.257],[77.862,11.244],[77.872,11.212],[77.863,11.182],[77.884,11.157],[77.883,11.119],[77.889,11.082],[77.902,11.071],[77.932,11.067],[77.951,11.065],[77.987,11.09],[78,11.093],[78.027,11.091],[78.057,11.074],[78.077,11.077],[78.106,11.069],[78.129,11.046],[78.145,11.038],[78.168,11.011],[78.195,11.021],[78.197,11.044],[78.184,11.039],[78.165,11.043],[78.183,11.067],[78.196,11.061],[78.204,11.072],[78.22,11.063],[78.236,11.066],[78.23,11.093],[78.248,11.091],[78.265,11.067],[78.275,11.076],[78.297,11.07],[78.324,11.056],[78.329,11.03],[78.345,11.024],[78.35,11.046],[78.36,11.045],[78.363,11.063],[78.338,11.081],[78.326,11.098],[78.343,11.111],[78.349,11.135],[78.382,11.138],[78.378,11.175],[78.381,11.187],[78.409,11.195],[78.421,11.21],[78.43,11.238],[78.44,11.256],[78.439,11.267],[78.451,11.277],[78.456,11.3],[78.466,11.311],[78.452,11.328],[78.456,11.35],[78.471,11.385],[78.481,11.386],[78.486,11.403]]]},"properties":{"DISTRICT":"Namakkal","ST_NM":"Tamil Nadu"}},
{"type":"Feature","geometry":{"type":"Polygon","coordinates":[[[84.852,20.528],[84.825,20.56],[84.794,20.581],[84.796,20.56],[84.782,20.548],[84.777,20.536],[84.764,20.532],[84.745,20.54],[84.721,20.526],[84.713,20.508],[84.7,20.499],[84.694,20.47],[84.692,20.442],[84.664,20.426],[84.648,20.425],[84.622,20.434],[84.606,20.422],[84.595,20.425],[84.562,20.413],[84.552,20.423],[84.54,20.413],[84.519,20.406],[84.513,20.398],[84.52,20.372],[84.485,20.351],[84.489,20.339],[84.546,20.322],[84.553,20.288],[84.546,20.275],[84.547,20.244],[84.577,20.206],[84.585,20.191],[84.601,20.178],[84.634,20.194],[84.648,20.207],[84.65,20.224],[84.667,20.249],[84.674,20.273],[84.697,20.281],[84.715,20.273],[84.732,20.252],[84.744,20.245],[84.77,20.248],[84.792,20.229],[84.829,20.223],[84.835,20.208],[84.827,20.184],[84.828,20.162],[84.82,20.117],[84.799,20.094],[84.811,20.07],[84.84,20.051],[84.857,20.03],[84.863,20],[84.888,19.999],[84.902,19.993],[84.924,19.941],[84.906,19.914],[84.912,19.905],[84.932,19.905],[84.94,19.897],[84.976,19.905],[85.01,19.9],[85.029,19.903],[85.056,19.915],[85.091,19.924],[85.099,19.931],[85.128,19.933],[85.167,19.904],[85.224,19.912],[85.245,19.905],[85.278,19.913],[85.293,19.921],[85.321,19.926],[85.35,19.943],[85.364,19.958],[85.385,19.95],[85.404,19.93],[85.422,19.927],[85.436,19.94],[85.454,19.964],[85.454,19.981],[85.441,19.994],[85.417,19.995],[85.435,20.027],[85.422,20.024],[85.397,20.036],[85.381,20.072],[85.385,20.09],[85.403,20.096],[85.405,20.113],[85.415,20.128],[85.4,20.14],[85.375,20.145],[85.356,20.145],[85.369,20.181],[85.358,20.188],[85.333,20.18],[85.313,20.166],[85.312,20.154],[85.295,20.154],[85.271,20.146],[85.245,20.124],[85.241,20.114],[85.214,20.132],[85.216,20.145],[85.206,20.155],[85.202,20.19],[85.227,20.223],[85.236,20.21],[85.257,20.215],[85.256,20.226],[85.28,20.226],[85.324,20.231],[85.335,20.28],[85.346,20.284],[85.356,20.302],[85.351,20.32],[85.361,20.345],[85.374,20.351],[85.371,20.366],[85.342,20.357],[85.271,20.358],[85.256,20.366],[85.212,20.374],[85.16,20.378],[85.137,20.388],[85.118,20.406],[85.077,20.416],[85.052,20.428],[85.029,20.444],[84.946,20.492],[84.933,20.497],[84.894,20.496],[84.865,20.514],[84.852,20.528]]]},"properties":{"DISTRICT":"Nayagarh","ST_NM":"Odisha"}},
{"type":"Feature","geometry":{"type":"Polygon","coordinates":[[[80.049,15.018],[80.033,15.008],[80.033,14.996],[80,14.987],[79.98,15.016],[79.947,15.02],[79.911,15.006],[79.895,14.985],[79.878,14.973],[79.868,14.955],[79.858,14.954],[79.805,14.965],[79.782,14.976],[79.801,15.015],[79.788,15.025],[79.8,15.035],[79.805,15.056],[79.781,15.061],[79.758,15.051],[79.744,15.032],[79.718,15.046],[79.693,15.034],[79.627,15.036],[79.563,15.043],[79.552,15.023],[79.516,15.038],[79.5,15.055],[79.467,15.064],[79.438,15.056],[79.421,15.056],[79.416,15.075],[79.392,15.076],[79.385,15.089],[79.36,15.086],[79.344,15.105],[79.318,15.116],[79.305,15.093],[79.256,15.108],[79.235,15.106],[79.199,15.088],[79.156,15.091],[79.131,15.102],[79.117,15.099],[79.109,15.09],[79.089,15.085],[79.076,15.055],[79.073,15.032],[79.075,14.99],[79.072,14.971],[79.078,14.954],[79.094,14.892],[79.122,14.865],[79.133,14.846],[79.141,14.82],[79.143,14.788],[79.163,14.752],[79.168,14.73],[79.177,14.714],[79.179,14.687],[79.169,14.677],[79.175,14.665],[79.175,14.642],[79.183,14.614],[79.215,14.588],[79.223,14.596],[79.236,14.588],[79.249,14.559],[79.264,14.545],[79.274,14.528],[79.29,14.485],[79.317,14.469],[79.327,14.43],[79.359,14.378],[79.365,14.355],[79.388,14.342],[79.396,14.323],[79.414,14.296],[79.419,14.266],[79.429,14.249],[79.425,14.217],[79.432,14.193],[79.432,14.179],[79.442,14.121],[79.452,14.108],[79.45,14.079],[79.441,14.064],[79.434,14.019],[79.455,13.984],[79.452,13.966],[79.459,13.945],[79.456,13.921],[79.441,13.897],[79.444,13.889],[79.474,13.896],[79.481,13.91],[79.503,13.909],[79.53,13.913],[79.554,13.912],[79.589,13.919],[79.597,13.915],[79.596,13.889],[79.623,13.885],[79.625,13.863],[79.612,13.854],[79.627,13.842],[79.635,13.843],[79.67,13.834],[79.676,13.877],[79.672,13.889],[79.682,13.923],[79.693,13.914],[79.732,13.901],[79.733,13.859],[79.772,13.849],[79.784,13.863],[79.79,13.91],[79.812,13.924],[79.815,13.909],[79.825,13.9],[79.847,13.854],[79.862,13.87],[79.878,13.865],[79.885,13.848],[79.877,13.784],[79.873,13.776],[79.853,13.767],[79.867,13.731],[79.872,13.708],[79.886,13.702],[79.949,13.708],[79.975,13.688],[79.961,13.666],[79.973,13.646],[80.002,13.643],[80.004,13.624],[80.025,13.596],[80.024,13.578],[80.047,13.575],[80.052,13.558],[80.041,13.553],[80.042,13.537],[80.058,13.535],[80.063,13.544],[80.085,13.547],[80.09,13.537],[80.08,13.526],[80.08,13.491],[80.111,13.492],[80.113,13.508],[80.147,13.504],[80.148,13.494],[80.18,13.488],[80.225,13.483],[80.242,13.468],[80.253,13.506],[80.265,13.56],[80.27,13.563],[80.244,13.619],[80.237,13.656],[80.236,13.683],[80.248,13.759],[80.249,13.788],[80.239,13.808],[80.239,13.826],[80.216,13.874],[80.169,13.992],[80.159,13.993],[80.144,14.018],[80.154,14.024],[80.145,14.056],[80.129,14.149],[80.129,14.184],[80.137,14.237],[80.146,14.254],[80.144,14.267],[80.151,14.299],[80.173,14.347],[80.173,14.374],[80.182,14.48],[80.191,14.55],[80.195,14.564],[80.171,14.567],[80.143,14.556],[80.116,14.53],[80.093,14.534],[80.118,14.548],[80.147,14.568],[80.18,14.583],[80.182,14.596],[80.172,14.606],[80.16,14.636],[80.154,14.671],[80.145,14.691],[80.134,14.695],[80.13,14.714],[80.114,14.733],[80.096,14.78],[80.091,14.801],[80.075,14.817],[80.093,14.827],[80.086,14.876],[80.074,14.925],[80.063,14.987],[80.053,15],[80.049,15.018]]]},"properties":{"DISTRICT":"Sri Potti Sriramulu Nellore","ST_NM":"Andhra Pradesh"}},
{"type":"Feature","geometry":{"type":"Polygon","coordinates":[[[78.534,18.944],[78.499,18.966],[78.466,18.959],[78.443,18.96],[78.405,18.99],[78.393,18.992],[78.37,18.987],[78.331,18.959],[78.304,18.946],[78.282,18.945],[78.278,18.97],[78.265,18.992],[78.238,19.004],[78.207,19],[78.162,18.982],[78.134,18.96],[78.086,18.94],[78.073,18.937],[78.052,18.921],[78.034,18.881],[78.022,18.877],[78,18.883],[77.973,18.877],[77.964,18.87],[77.948,18.844],[77.947,18.824],[77.933,18.823],[77.912,18.831],[77.841,18.809],[77.827,18.77],[77.807,18.731],[77.806,18.718],[77.79,18.696],[77.773,18.692],[77.761,18.709],[77.753,18.691],[77.737,18.677],[77.734,18.644],[77.747,18.623],[77.751,18.591],[77.732,18.553],[77.716,18.556],[77.661,18.529],[77.649,18.538],[77.656,18.551],[77.644,18.556],[77.601,18.549],[77.59,18.505],[77.606,18.493],[77.605,18.476],[77.58,18.485],[77.574,18.468],[77.587,18.455],[77.586,18.445],[77.564,18.437],[77.532,18.442],[77.529,18.429],[77.559,18.42],[77.553,18.389],[77.545,18.387],[77.525,18.366],[77.523,18.351],[77.531,18.341],[77.557,18.333],[77.574,18.31],[77.554,18.293],[77.565,18.285],[77.574,18.292],[77.601,18.283],[77.603,18.275],[77.62,18.275],[77.629,18.285],[77.668,18.283],[77.69,18.262],[77.725,18.26],[77.745,18.226],[77.748,18.207],[77.76,18.208],[77.773,18.191],[77.796,18.205],[77.829,18.196],[77.855,18.207],[77.865,18.193],[77.883,18.189],[77.906,18.194],[77.904,18.173],[77.897,18.16],[77.905,18.148],[77.922,18.147],[77.927,18.131],[77.92,18.125],[77.942,18.113],[78.01,18.112],[78.023,18.097],[78.041,18.097],[78.079,18.079],[78.097,18.08],[78.101,18.092],[78.114,18.098],[78.117,18.079],[78.141,18.077],[78.173,18.107],[78.177,18.128],[78.171,18.17],[78.176,18.19],[78.194,18.215],[78.213,18.219],[78.223,18.188],[78.218,18.179],[78.249,18.16],[78.262,18.147],[78.283,18.149],[78.309,18.176],[78.327,18.2],[78.36,18.172],[78.389,18.125],[78.395,18.131],[78.415,18.133],[78.424,18.142],[78.428,18.158],[78.441,18.166],[78.456,18.133],[78.472,18.129],[78.498,18.139],[78.489,18.158],[78.504,18.172],[78.535,18.184],[78.553,18.182],[78.568,18.188],[78.569,18.23],[78.56,18.254],[78.549,18.269],[78.523,18.285],[78.542,18.303],[78.543,18.317],[78.551,18.338],[78.537,18.368],[78.538,18.391],[78.566,18.391],[78.547,18.411],[78.553,18.431],[78.551,18.446],[78.543,18.458],[78.524,18.47],[78.526,18.477],[78.559,18.537],[78.573,18.547],[78.594,18.547],[78.604,18.578],[78.62,18.587],[78.646,18.593],[78.658,18.6],[78.679,18.625],[78.665,18.635],[78.652,18.66],[78.642,18.696],[78.642,18.728],[78.625,18.737],[78.604,18.735],[78.585,18.738],[78.561,18.764],[78.568,18.785],[78.56,18.797],[78.551,18.824],[78.546,18.876],[78.54,18.891],[78.522,18.915],[78.534,18.944]]]},"properties":{"DISTRICT":"Nizamabad","ST_NM":"Andhra Pradesh"}},
{"type":"Feature","geometry":{"type":"MultiPolygon","coordinates":[[[[88.822,22.362],[88.849,22.365],[88.856,22.408],[88.848,22.431],[88.819,22.43],[88.803,22.443],[88.79,22.481],[88.78,22.493],[88.78,22.503],[88.77,22.511],[88.755,22.515],[88.745,22.515],[88.736,22.51],[88.718,22.519],[88.712,22.526],[88.691,22.522],[88.691,22.528],[88.708,22.529],[88.734,22.511],[88.742,22.515],[88.753,22.517],[88.772,22.513],[88.796,22.497],[88.811,22.482],[88.814,22.456],[88.83,22.447],[88.839,22.437],[88.853,22.433],[88.859,22.448],[88.852,22.456],[88.859,22.499],[88.844,22.502],[88.856,22.512],[88.86,22.52],[88.867,22.523],[88.866,22.53],[88.869,22.546],[88.878,22.545],[88.896,22.563],[88.938,22.571],[88.936,22.591],[88.957,22.61],[88.942,22.62],[88.932,22.641],[88.95,22.663],[88.962,22.694],[88.942,22.712],[88.924,22.737],[88.924,22.768],[88.942,22.79],[88.961,22.797],[88.971,22.845],[88.949,22.88],[88.936,22.871],[88.912,22.88],[88.907,22.907],[88.917,22.921],[88.9,22.93],[88.9,22.952],[88.865,22.958],[88.872,22.972],[88.871,22.992],[88.875,23.021],[88.882,23.032],[88.876,23.063],[88.87,23.072],[88.873,23.099],[88.901,23.109],[88.911,23.124],[88.934,23.141],[88.941,23.172],[88.959,23.18],[88.965,23.192],[88.985,23.193],[88.993,23.201],[88.993,23.22],[88.983,23.225],[88.955,23.205],[88.934,23.214],[88.917,23.232],[88.884,23.229],[88.87,23.232],[88.856,23.227],[88.834,23.247],[88.812,23.252],[88.817,23.219],[88.789,23.22],[88.771,23.242],[88.753,23.239],[88.739,23.235],[88.726,23.241],[88.712,23.235],[88.708,23.216],[88.718,23.213],[88.72,23.186],[88.713,23.165],[88.698,23.154],[88.707,23.136],[88.697,23.111],[88.678,23.094],[88.686,23.072],[88.698,23.063],[88.684,23.048],[88.688,23.026],[88.676,23.015],[88.68,22.998],[88.664,22.983],[88.665,22.951],[88.659,22.937],[88.661,22.907],[88.672,22.889],[88.659,22.874],[88.645,22.88],[88.625,22.881],[88.614,22.905],[88.571,22.914],[88.561,22.921],[88.53,22.931],[88.52,22.931],[88.511,22.943],[88.478,22.934],[88.464,22.95],[88.426,22.956],[88.412,22.945],[88.414,22.932],[88.405,22.914],[88.411,22.884],[88.4,22.871],[88.381,22.862],[88.375,22.854],[88.378,22.829],[88.361,22.821],[88.356,22.795],[88.335,22.775],[88.339,22.767],[88.364,22.748],[88.363,22.718],[88.368,22.683],[88.356,22.65],[88.363,22.633],[88.392,22.63],[88.396,22.622],[88.398,22.587],[88.411,22.56],[88.416,22.58],[88.448,22.564],[88.476,22.575],[88.489,22.558],[88.511,22.556],[88.527,22.561],[88.542,22.576],[88.558,22.612],[88.56,22.626],[88.583,22.615],[88.597,22.614],[88.597,22.596],[88.629,22.574],[88.629,22.559],[88.655,22.523],[88.659,22.506],[88.668,22.491],[88.706,22.458],[88.711,22.448],[88.707,22.432],[88.733,22.424],[88.744,22.404],[88.765,22.396],[88.789,22.37],[88.807,22.376],[88.822,22.374],[88.822,22.362]]],[[[88.808,22.285],[88.827,22.266],[88.828,22.242],[88.805,22.221],[88.807,22.209],[88.837,22.207],[88.841,22.193],[88.86,22.205],[88.867,22.196],[88.872,22.171],[88.885,22.168],[88.902,22.177],[88.917,22.225],[88.921,22.233],[88.926,22.229],[88.954,22.226],[88.951,22.243],[88.933,22.254],[88.93,22.264],[88.937,22.297],[88.912,22.312],[88.892,22.343],[88.869,22.358],[88.851,22.363],[88.82,22.36],[88.806,22.332],[88.814,22.319],[88.808,22.285]]],[[[88.961,22.189],[88.949,22.189],[88.944,22.182],[88.938,22.18],[88.92,22.161],[88.897,22.171],[88.909,22.134],[88.93,22.112],[88.931,22.098],[88.908,22.078],[88.902,22.064],[88.911,22.044],[88.908,22.035],[88.916,22.011],[88.913,21.994],[88.931,21.942],[88.944,21.93],[88.969,21.921],[88.992,21.907],[89.015,21.903],[89.021,21.922],[89.009,21.935],[88.995,21.942],[88.994,21.97],[88.988,21.983],[88.972,21.988],[88.976,22.005],[88.965,22.017],[88.977,22.038],[88.961,22.049],[88.958,22.06],[88.939,22.062],[88.934,22.051],[88.935,22.026],[88.946,22],[88.931,22],[88.924,22.025],[88.922,22.056],[88.936,22.072],[88.956,22.074],[88.97,22.084],[88.982,22.113],[88.985,22.148],[88.967,22.17],[88.961,22.189]]],[[[88.934,22.556],[88.92,22.565],[88.896,22.561],[88.904,22.526],[88.914,22.515],[88.906,22.493],[88.896,22.484],[88.899,22.477],[88.895,22.466],[88.903,22.455],[88.904,22.446],[88.919,22.43],[88.908,22.416],[88.926,22.406],[88.916,22.392],[88.896,22.38],[88.907,22.336],[88.932,22.311],[88.943,22.311],[88.951,22.344],[88.949,22.355],[88.964,22.374],[88.963,22.406],[88.997,22.429],[88.989,22.439],[88.995,22.468],[88.978,22.483],[88.971,22.499],[88.965,22.534],[88.956,22.551],[88.934,22.556]]],[[[88.813,22.019],[88.801,22.03],[88.777,22.015],[88.761,22.015],[88.76,21.996],[88.75,21.982],[88.757,21.973],[88.752,21.959],[88.776,21.943],[88.781,21.951],[88.787,21.955],[88.79,21.952],[88.789,21.943],[88.809,21.939],[88.825,21.94],[88.841,21.925],[88.857,21.919],[88.897,21.923],[88.907,21.93],[88.908,21.969],[88.9,22.013],[88.875,22.012],[88.867,22.024],[88.848,22.018],[88.813,22.019]]],[[[88.985,22.382],[88.968,22.388],[88.964,22.367],[88.955,22.361],[88.951,22.298],[88.953,22.276],[88.947,22.256],[88.962,22.242],[88.968,22.215],[88.986,22.206],[88.999,22.211],[89.019,22.207],[89.027,22.187],[89.024,22.165],[89.032,22.155],[89.051,22.147],[89.062,22.128],[89.075,22.145],[89.061,22.167],[89.069,22.19],[89.065,22.201],[89.04,22.222],[89.035,22.234],[89.034,22.255],[89.018,22.251],[89.017,22.269],[88.996,22.283],[88.995,22.295],[89.022,22.299],[89.009,22.315],[88.987,22.322],[88.984,22.334],[88.988,22.365],[88.985,22.382]]],[[[88.921,21.926],[88.887,21.914],[88.873,21.917],[88.857,21.911],[88.849,21.896],[88.854,21.87],[88.861,21.856],[88.878,21.854],[88.882,21.83],[88.881,21.82],[88.89,21.812],[88.903,21.822],[88.914,21.828],[88.923,21.836],[88.931,21.838],[88.933,21.844],[88.938,21.849],[88.939,21.854],[88.946,21.842],[88.948,21.841],[88.955,21.854],[88.977,21.868],[88.967,21.887],[88.972,21.899],[88.932,21.917],[88.921,21.926]]],[[[89.018,22.05],[89.002,22.059],[88.986,22.049],[88.968,22.016],[88.977,22.008],[88.974,21.995],[88.99,21.986],[89.016,21.984],[89.018,21.976],[88.999,21.95],[89.03,21.926],[89.063,21.935],[89.078,21.986],[89.068,22.014],[89.048,22.035],[89.04,22.049],[89.018,22.05]]],[[[88.727,22.056],[88.739,22.057],[88.75,22.081],[88.769,22.092],[88.772,22.106],[88.795,22.114],[88.798,22.125],[88.85,22.143],[88.851,22.156],[88.843,22.168],[88.868,22.175],[88.864,22.197],[88.845,22.189],[88.838,22.195],[88.836,22.206],[88.826,22.205],[88.839,22.179],[88.841,22.171],[88.833,22.165],[88.806,22.178],[88.775,22.145],[88.766,22.14],[88.754,22.137],[88.746,22.127],[88.745,22.126],[88.744,22.123],[88.738,22.11],[88.735,22.105],[88.721,22.092],[88.71,22.085],[88.708,22.084],[88.706,22.082],[88.704,22.067],[88.727,22.056]]],[[[89.001,22.199],[88.973,22.193],[88.977,22.168],[88.997,22.14],[88.995,22.123],[88.98,22.079],[88.963,22.061],[88.963,22.05],[88.978,22.04],[88.986,22.057],[89.002,22.06],[89.019,22.051],[89.039,22.055],[89.031,22.094],[89.035,22.11],[89.049,22.133],[89.022,22.148],[89.014,22.164],[89.013,22.196],[89.001,22.199]]],[[[88.898,22.549],[88.885,22.55],[88.867,22.53],[88.869,22.525],[88.866,22.521],[88.86,22.518],[88.858,22.512],[88.855,22.509],[88.846,22.502],[88.861,22.499],[88.861,22.447],[88.855,22.436],[88.861,22.413],[88.882,22.403],[88.877,22.388],[88.884,22.376],[88.921,22.399],[88.905,22.412],[88.908,22.434],[88.901,22.445],[88.898,22.459],[88.892,22.466],[88.896,22.472],[88.893,22.487],[88.901,22.497],[88.906,22.521],[88.898,22.549]]],[[[88.718,21.907],[88.713,21.887],[88.698,21.86],[88.696,21.842],[88.709,21.81],[88.719,21.807],[88.726,21.794],[88.737,21.799],[88.75,21.816],[88.751,21.801],[88.764,21.788],[88.777,21.822],[88.766,21.826],[88.765,21.838],[88.775,21.865],[88.771,21.876],[88.757,21.879],[88.747,21.897],[88.727,21.899],[88.718,21.907]]],[[[88.832,21.766],[88.813,21.751],[88.803,21.747],[88.791,21.749],[88.782,21.733],[88.784,21.71],[88.804,21.717],[88.819,21.703],[88.823,21.671],[88.821,21.658],[88.809,21.64],[88.815,21.629],[88.84,21.62],[88.851,21.626],[88.86,21.643],[88.841,21.689],[88.84,21.716],[88.849,21.738],[88.865,21.756],[88.861,21.762],[88.832,21.766]]],[[[88.716,21.807],[88.712,21.788],[88.695,21.744],[88.706,21.714],[88.711,21.69],[88.748,21.658],[88.755,21.666],[88.731,21.682],[88.733,21.689],[88.745,21.684],[88.76,21.685],[88.763,21.693],[88.757,21.706],[88.776,21.724],[88.753,21.732],[88.752,21.749],[88.759,21.759],[88.746,21.772],[88.735,21.775],[88.733,21.779],[88.728,21.778],[88.727,21.781],[88.716,21.807]]],[[[89.059,21.722],[89.037,21.721],[89.018,21.708],[89.026,21.688],[89.024,21.669],[89.026,21.644],[89.049,21.62],[89.068,21.62],[89.093,21.637],[89.092,21.667],[89.073,21.69],[89.059,21.722]]],[[[88.98,21.893],[88.969,21.89],[88.98,21.869],[88.965,21.859],[88.951,21.842],[88.956,21.827],[88.972,21.827],[88.98,21.818],[88.976,21.804],[88.951,21.8],[88.943,21.785],[88.959,21.783],[88.973,21.776],[88.985,21.788],[88.992,21.812],[89.02,21.818],[89.028,21.829],[89.031,21.863],[89.014,21.877],[88.98,21.893]]],[[[88.776,22.182],[88.794,22.171],[88.806,22.182],[88.815,22.181],[88.832,22.167],[88.838,22.173],[88.827,22.196],[88.806,22.208],[88.801,22.228],[88.825,22.241],[88.826,22.265],[88.815,22.266],[88.807,22.283],[88.796,22.275],[88.79,22.259],[88.787,22.258],[88.77,22.241],[88.763,22.241],[88.751,22.227],[88.75,22.216],[88.75,22.197],[88.756,22.196],[88.76,22.194],[88.768,22.194],[88.77,22.191],[88.77,22.19],[88.776,22.182]]],[[[88.883,21.745],[88.872,21.721],[88.873,21.694],[88.883,21.68],[88.886,21.661],[88.905,21.65],[88.922,21.633],[88.937,21.671],[88.942,21.69],[88.936,21.702],[88.918,21.712],[88.914,21.726],[88.883,21.745]]],[[[88.863,22.167],[88.848,22.167],[88.86,22.148],[88.857,22.14],[88.835,22.13],[88.846,22.121],[88.854,22.101],[88.872,22.088],[88.917,22.091],[88.923,22.109],[88.902,22.137],[88.9,22.148],[88.886,22.165],[88.863,22.167]]],[[[88.856,21.865],[88.839,21.849],[88.841,21.815],[88.835,21.782],[88.862,21.778],[88.875,21.769],[88.879,21.749],[88.913,21.728],[88.922,21.743],[88.899,21.747],[88.893,21.751],[88.891,21.763],[88.897,21.782],[88.886,21.792],[88.88,21.808],[88.877,21.852],[88.856,21.857],[88.856,21.865]]],[[[88.984,21.706],[88.972,21.698],[88.952,21.701],[88.954,21.679],[88.963,21.663],[88.965,21.644],[88.988,21.646],[88.993,21.643],[89,21.602],[89.029,21.605],[89.036,21.624],[89.025,21.632],[89.022,21.655],[88.994,21.649],[88.988,21.653],[88.987,21.665],[88.993,21.671],[88.989,21.702],[88.984,21.706]]],[[[88.724,21.932],[88.717,21.919],[88.729,21.9],[88.741,21.901],[88.751,21.896],[88.758,21.88],[88.772,21.878],[88.777,21.869],[88.786,21.879],[88.788,21.879],[88.793,21.878],[88.793,21.873],[88.787,21.867],[88.793,21.867],[88.797,21.877],[88.808,21.884],[88.809,21.895],[88.814,21.903],[88.799,21.92],[88.793,21.917],[88.775,21.924],[88.754,21.927],[88.732,21.92],[88.724,21.932]]],[[[88.772,21.653],[88.736,21.645],[88.73,21.634],[88.738,21.61],[88.753,21.605],[88.758,21.601],[88.757,21.596],[88.75,21.592],[88.749,21.579],[88.764,21.576],[88.788,21.581],[88.798,21.592],[88.774,21.62],[88.772,21.653]]],[[[88.835,21.607],[88.828,21.577],[88.836,21.56],[88.854,21.55],[88.9,21.552],[88.904,21.559],[88.893,21.579],[88.876,21.592],[88.842,21.601],[88.835,21.607]]],[[[88.789,21.879],[88.784,21.874],[88.777,21.865],[88.766,21.831],[88.786,21.826],[88.794,21.813],[88.795,21.791],[88.821,21.825],[88.829,21.863],[88.823,21.871],[88.804,21.867],[88.799,21.871],[88.789,21.863],[88.786,21.868],[88.792,21.873],[88.789,21.879]]],[[[88.806,22.083],[88.796,22.109],[88.779,22.103],[88.771,22.086],[88.758,22.079],[88.748,22.059],[88.781,22.049],[88.806,22.066],[88.826,22.071],[88.806,22.083]]],[[[88.745,21.98],[88.725,21.978],[88.722,21.943],[88.733,21.925],[88.762,21.931],[88.789,21.92],[88.799,21.926],[88.805,21.938],[88.792,21.939],[88.787,21.943],[88.784,21.952],[88.776,21.941],[88.749,21.959],[88.755,21.975],[88.745,21.98]]],[[[88.925,21.762],[88.931,21.736],[88.923,21.721],[88.95,21.702],[88.972,21.699],[88.984,21.706],[88.971,21.718],[88.97,21.739],[88.965,21.75],[88.948,21.758],[88.925,21.762]]],[[[88.784,21.739],[88.789,21.75],[88.785,21.773],[88.796,21.786],[88.788,21.794],[88.794,21.81],[88.785,21.824],[88.765,21.784],[88.75,21.769],[88.764,21.758],[88.754,21.743],[88.757,21.733],[88.777,21.731],[88.784,21.739]]],[[[88.818,22.123],[88.806,22.125],[88.799,22.112],[88.806,22.085],[88.828,22.088],[88.838,22.073],[88.851,22.079],[88.866,22.081],[88.867,22.089],[88.85,22.103],[88.847,22.117],[88.83,22.125],[88.818,22.123]]],[[[88.807,21.707],[88.765,21.693],[88.76,21.683],[88.732,21.683],[88.749,21.673],[88.759,21.663],[88.777,21.664],[88.797,21.656],[88.807,21.664],[88.81,21.704],[88.807,21.707]]],[[[88.949,21.835],[88.947,21.839],[88.941,21.847],[88.935,21.845],[88.933,21.837],[88.925,21.835],[88.927,21.823],[88.937,21.823],[88.939,21.817],[88.935,21.814],[88.929,21.8],[88.92,21.792],[88.924,21.788],[88.92,21.775],[88.926,21.767],[88.949,21.764],[88.939,21.789],[88.954,21.808],[88.972,21.805],[88.975,21.823],[88.954,21.826],[88.949,21.835]]],[[[89,21.785],[88.99,21.789],[88.975,21.775],[88.967,21.772],[88.962,21.755],[88.967,21.75],[88.97,21.74],[88.984,21.748],[88.989,21.74],[88.977,21.729],[89.005,21.716],[89.015,21.719],[89.012,21.735],[88.999,21.752],[89,21.785]]],[[[88.916,21.826],[88.903,21.821],[88.895,21.813],[88.886,21.81],[88.884,21.802],[88.901,21.777],[88.895,21.755],[88.906,21.752],[88.923,21.788],[88.918,21.792],[88.928,21.8],[88.927,21.804],[88.937,21.818],[88.935,21.823],[88.92,21.823],[88.916,21.826]]],[[[88.871,22.078],[88.854,22.079],[88.838,22.072],[88.829,22.07],[88.819,22.063],[88.833,22.05],[88.835,22.026],[88.86,22.027],[88.85,22.043],[88.861,22.046],[88.881,22.046],[88.889,22.052],[88.87,22.063],[88.871,22.078]]],[[[88.997,21.718],[88.977,21.727],[88.971,21.721],[88.993,21.7],[88.996,21.673],[88.99,21.665],[88.993,21.651],[89.008,21.652],[89.018,21.661],[89.024,21.687],[88.997,21.718]]],[[[88.729,21.637],[88.713,21.625],[88.708,21.59],[88.714,21.578],[88.741,21.573],[88.747,21.589],[88.757,21.6],[88.736,21.61],[88.729,21.637]]],[[[88.807,21.749],[88.83,21.767],[88.822,21.781],[88.831,21.808],[88.82,21.822],[88.797,21.791],[88.795,21.779],[88.786,21.769],[88.791,21.75],[88.807,21.749]]],[[[88.929,22.226],[88.921,22.231],[88.916,22.218],[88.916,22.206],[88.909,22.194],[88.924,22.179],[88.931,22.177],[88.944,22.184],[88.944,22.193],[88.961,22.194],[88.954,22.222],[88.929,22.226]]],[[[88.969,21.64],[88.964,21.644],[88.962,21.664],[88.954,21.677],[88.94,21.647],[88.956,21.617],[88.988,21.613],[88.995,21.626],[88.988,21.645],[88.969,21.64]]],[[[89.013,21.765],[89,21.763],[89.002,21.75],[89.015,21.734],[89.021,21.717],[89.056,21.73],[89.013,21.765]]],[[[88.812,22.061],[88.792,22.055],[88.78,22.038],[88.795,22.031],[88.806,22.033],[88.813,22.025],[88.832,22.027],[88.831,22.051],[88.812,22.061]]],[[[88.699,21.698],[88.687,21.684],[88.725,21.638],[88.741,21.654],[88.707,21.682],[88.699,21.698]]],[[[88.901,22.042],[88.888,22.045],[88.854,22.043],[88.877,22.015],[88.902,22.019],[88.901,22.042]]],[[[88.862,22.399],[88.856,22.395],[88.861,22.371],[88.893,22.346],[88.898,22.364],[88.884,22.372],[88.862,22.399]]],[[[88.781,22.501],[88.801,22.461],[88.804,22.444],[88.816,22.433],[88.827,22.447],[88.812,22.454],[88.81,22.481],[88.8,22.486],[88.792,22.499],[88.781,22.501]]],[[[88.817,21.901],[88.811,21.896],[88.808,21.868],[88.819,21.872],[88.831,21.866],[88.841,21.887],[88.817,21.901]]],[[[89.017,21.811],[88.994,21.811],[88.99,21.79],[89.01,21.784],[89.017,21.811]]],[[[88.763,22.052],[88.752,22.049],[88.762,22.021],[88.778,22.02],[88.775,22.05],[88.763,22.052]]],[[[88.754,21.779],[88.748,21.812],[88.738,21.799],[88.728,21.792],[88.728,21.78],[88.734,21.779],[88.736,21.775],[88.746,21.772],[88.754,21.779]]],[[[88.903,22.083],[88.892,22.089],[88.871,22.087],[88.872,22.063],[88.891,22.06],[88.903,22.083]]]]},"properties":{"DISTRICT":"North 24 Parganas","ST_NM":"West Bengal"}},
{"type":"Feature","geometry":{"type":"Polygon","coordinates":[[[82.703,20.726],[82.691,20.729],[82.698,20.752],[82.692,20.773],[82.687,20.82],[82.69,20.832],[82.686,20.884],[82.697,20.902],[82.701,20.94],[82.69,20.972],[82.694,21.022],[82.683,21.036],[82.674,21.06],[82.661,21.076],[82.639,21.09],[82.616,21.067],[82.63,21.04],[82.612,21.009],[82.589,20.99],[82.574,20.97],[82.56,20.945],[82.521,20.92],[82.501,20.913],[82.491,20.903],[82.492,20.876],[82.485,20.85],[82.467,20.839],[82.461,20.825],[82.444,20.833],[82.423,20.83],[82.413,20.841],[82.409,20.866],[82.39,20.873],[82.375,20.867],[82.349,20.873],[82.341,20.844],[82.34,20.823],[82.346,20.793],[82.343,20.762],[82.353,20.732],[82.351,20.702],[82.359,20.682],[82.373,20.665],[82.37,20.654],[82.375,20.633],[82.363,20.607],[82.346,20.598],[82.35,20.579],[82.331,20.558],[82.35,20.541],[82.356,20.527],[82.388,20.514],[82.396,20.456],[82.405,20.456],[82.418,20.477],[82.427,20.461],[82.425,20.442],[82.437,20.43],[82.432,20.414],[82.417,20.407],[82.418,20.381],[82.405,20.36],[82.401,20.34],[82.408,20.329],[82.43,20.314],[82.436,20.283],[82.413,20.268],[82.422,20.246],[82.412,20.244],[82.421,20.207],[82.413,20.183],[82.391,20.165],[82.386,20.149],[82.398,20.124],[82.402,20.094],[82.398,20.064],[82.403,20.054],[82.432,20.048],[82.449,20.04],[82.483,20.035],[82.51,20.018],[82.551,20.017],[82.584,20.004],[82.59,19.995],[82.622,19.992],[82.631,20.003],[82.658,20.004],[82.705,19.998],[82.723,20.022],[82.739,20.024],[82.769,20.075],[82.79,20.102],[82.812,20.099],[82.821,20.113],[82.817,20.129],[82.825,20.166],[82.813,20.173],[82.818,20.188],[82.832,20.187],[82.849,20.196],[82.863,20.235],[82.855,20.239],[82.862,20.27],[82.851,20.287],[82.833,20.281],[82.814,20.295],[82.822,20.307],[82.823,20.322],[82.837,20.32],[82.838,20.306],[82.853,20.297],[82.855,20.337],[82.842,20.337],[82.814,20.354],[82.809,20.342],[82.815,20.328],[82.805,20.321],[82.792,20.326],[82.793,20.347],[82.815,20.364],[82.817,20.383],[82.806,20.384],[82.78,20.359],[82.765,20.354],[82.745,20.362],[82.72,20.357],[82.717,20.367],[82.732,20.384],[82.699,20.423],[82.702,20.437],[82.687,20.45],[82.692,20.473],[82.698,20.476],[82.707,20.5],[82.711,20.541],[82.716,20.57],[82.73,20.581],[82.743,20.623],[82.733,20.631],[82.733,20.651],[82.72,20.676],[82.696,20.681],[82.696,20.701],[82.703,20.726]]]},"properties":{"DISTRICT":"Nuapada","ST_NM":"Odisha"}},
{"type":"Feature","geometry":{"type":"Polygon","coordinates":[[[87.525,22.93],[87.506,22.927],[87.48,22.913],[87.464,22.912],[87.45,22.922],[87.426,22.924],[87.42,22.932],[87.401,22.934],[87.389,22.943],[87.374,22.943],[87.36,22.952],[87.321,22.943],[87.315,22.931],[87.293,22.924],[87.286,22.911],[87.246,22.897],[87.222,22.907],[87.216,22.897],[87.188,22.89],[87.173,22.893],[87.168,22.881],[87.133,22.845],[87.087,22.844],[87.063,22.849],[87.054,22.824],[87.077,22.783],[87.088,22.738],[87.052,22.727],[87.038,22.719],[87.031,22.704],[87.016,22.694],[87.021,22.668],[87.016,22.651],[87.005,22.65],[86.988,22.67],[86.976,22.673],[86.951,22.67],[86.949,22.652],[86.957,22.638],[86.927,22.627],[86.893,22.652],[86.865,22.665],[86.847,22.685],[86.818,22.696],[86.806,22.708],[86.789,22.711],[86.774,22.726],[86.726,22.746],[86.718,22.745],[86.696,22.767],[86.672,22.77],[86.66,22.788],[86.642,22.796],[86.612,22.799],[86.595,22.763],[86.567,22.726],[86.56,22.711],[86.586,22.692],[86.597,22.692],[86.623,22.677],[86.642,22.658],[86.64,22.601],[86.654,22.595],[86.657,22.579],[86.678,22.576],[86.711,22.584],[86.733,22.578],[86.761,22.578],[86.773,22.564],[86.77,22.554],[86.789,22.548],[86.788,22.528],[86.795,22.524],[86.796,22.497],[86.803,22.488],[86.794,22.478],[86.758,22.484],[86.75,22.474],[86.769,22.427],[86.81,22.42],[86.836,22.41],[86.849,22.4],[86.846,22.373],[86.834,22.345],[86.834,22.328],[86.878,22.303],[86.89,22.301],[86.893,22.285],[86.891,22.256],[86.863,22.258],[86.855,22.263],[86.825,22.265],[86.801,22.254],[86.815,22.242],[86.805,22.218],[86.796,22.222],[86.753,22.212],[86.728,22.219],[86.718,22.182],[86.722,22.168],[86.721,22.148],[86.757,22.148],[86.795,22.158],[86.805,22.15],[86.811,22.118],[86.828,22.117],[86.837,22.099],[86.853,22.103],[86.914,22.091],[86.962,22.088],[87,22.05],[87.022,22.046],[87.031,22.033],[87.027,22.017],[87.039,21.994],[87.01,21.945],[87.003,21.912],[87.01,21.9],[87.025,21.89],[87.035,21.87],[87.058,21.866],[87.099,21.865],[87.101,21.891],[87.094,21.897],[87.098,21.913],[87.121,21.925],[87.146,21.924],[87.165,21.939],[87.165,21.967],[87.18,21.971],[87.2,21.958],[87.214,21.962],[87.239,21.959],[87.24,21.938],[87.257,21.926],[87.239,21.9],[87.252,21.876],[87.249,21.861],[87.26,21.849],[87.285,21.804],[87.322,21.791],[87.356,21.791],[87.378,21.771],[87.395,21.775],[87.4,21.767],[87.444,21.769],[87.441,21.804],[87.449,21.822],[87.444,21.837],[87.459,21.846],[87.46,21.864],[87.451,21.889],[87.481,21.901],[87.488,21.919],[87.483,21.934],[87.497,21.937],[87.504,21.957],[87.488,21.957],[87.486,21.984],[87.48,22.004],[87.464,22.007],[87.467,22.029],[87.482,22.05],[87.48,22.079],[87.497,22.09],[87.525,22.091],[87.539,22.084],[87.562,22.094],[87.583,22.097],[87.587,22.087],[87.623,22.103],[87.672,22.108],[87.694,22.126],[87.704,22.129],[87.705,22.147],[87.712,22.172],[87.708,22.178],[87.73,22.192],[87.73,22.205],[87.715,22.208],[87.701,22.229],[87.708,22.259],[87.706,22.283],[87.724,22.322],[87.705,22.332],[87.67,22.328],[87.648,22.341],[87.649,22.363],[87.658,22.394],[87.659,22.419],[87.648,22.431],[87.658,22.461],[87.674,22.463],[87.678,22.484],[87.689,22.488],[87.694,22.509],[87.712,22.493],[87.738,22.49],[87.761,22.476],[87.795,22.482],[87.805,22.491],[87.849,22.514],[87.886,22.509],[87.889,22.526],[87.87,22.533],[87.846,22.561],[87.855,22.598],[87.816,22.617],[87.815,22.633],[87.805,22.635],[87.796,22.656],[87.764,22.698],[87.764,22.722],[87.745,22.739],[87.746,22.773],[87.729,22.775],[87.723,22.789],[87.684,22.78],[87.685,22.803],[87.672,22.809],[87.657,22.806],[87.636,22.812],[87.627,22.841],[87.619,22.851],[87.592,22.843],[87.572,22.852],[87.562,22.865],[87.53,22.865],[87.533,22.883],[87.51,22.904],[87.525,22.93]]]},"properties":{"DISTRICT":"Pashchim Medinipur","ST_NM":"West Bengal"}},
{"type":"Feature","geometry":{"type":"Polygon","coordinates":[[[78.845,11.52],[78.835,11.505],[78.816,11.507],[78.81,11.481],[78.8,11.48],[78.791,11.452],[78.818,11.437],[78.822,11.425],[78.799,11.383],[78.786,11.39],[78.758,11.434],[78.741,11.447],[78.716,11.454],[78.7,11.453],[78.688,11.432],[78.675,11.425],[78.652,11.42],[78.651,11.404],[78.665,11.372],[78.674,11.359],[78.66,11.354],[78.651,11.338],[78.654,11.331],[78.687,11.319],[78.709,11.323],[78.733,11.321],[78.739,11.294],[78.751,11.284],[78.73,11.27],[78.725,11.258],[78.712,11.248],[78.709,11.21],[78.701,11.192],[78.679,11.193],[78.654,11.163],[78.673,11.164],[78.68,11.145],[78.68,11.129],[78.699,11.09],[78.701,11.071],[78.709,11.064],[78.72,11.073],[78.741,11.074],[78.734,11.098],[78.737,11.107],[78.762,11.122],[78.811,11.112],[78.809,11.08],[78.841,11.076],[78.846,11.088],[78.873,11.093],[78.884,11.101],[78.933,11.095],[78.966,11.094],[78.985,11.086],[78.987,11.075],[79.002,11.069],[79.009,11.057],[79.026,11.07],[79.033,11.083],[79.056,11.086],[79.07,11.106],[79.063,11.14],[79.075,11.165],[79.067,11.188],[79.068,11.204],[79.091,11.202],[79.101,11.23],[79.111,11.244],[79.124,11.248],[79.122,11.267],[79.111,11.272],[79.118,11.294],[79.142,11.293],[79.145,11.309],[79.127,11.31],[79.132,11.333],[79.157,11.338],[79.159,11.351],[79.152,11.361],[79.17,11.377],[79.146,11.384],[79.125,11.397],[79.108,11.401],[79.082,11.397],[79.052,11.402],[79.034,11.393],[78.993,11.404],[78.984,11.399],[78.965,11.401],[78.947,11.418],[78.925,11.449],[78.91,11.461],[78.909,11.47],[78.89,11.485],[78.876,11.505],[78.859,11.519],[78.845,11.52]]]},"properties":{"DISTRICT":"Perambalur","ST_NM":"Tamil Nadu"}},
{"type":"Feature","geometry":{"type":"Polygon","coordinates":[[[80.439,15.806],[80.433,15.849],[80.448,15.864],[80.452,15.879],[80.476,15.889],[80.482,15.898],[80.464,15.91],[80.451,15.903],[80.445,15.913],[80.406,15.893],[80.392,15.92],[80.386,15.94],[80.384,15.971],[80.379,15.986],[80.394,15.997],[80.402,16.011],[80.35,16.028],[80.34,16.015],[80.321,16.031],[80.323,16.044],[80.306,16.054],[80.264,16.046],[80.244,16.052],[80.233,16.031],[80.199,16.037],[80.194,16.034],[80.151,16.044],[80.139,16.04],[80.138,16.022],[80.102,16.009],[80.089,16.021],[80.088,16.043],[80.071,16.069],[80.073,16.087],[80.055,16.084],[80.043,16.089],[80.054,16.116],[80.046,16.125],[80.027,16.112],[80.014,16.115],[80,16.139],[79.986,16.137],[79.969,16.142],[79.945,16.157],[79.93,16.152],[79.898,16.165],[79.875,16.162],[79.866,16.14],[79.871,16.124],[79.886,16.114],[79.921,16.078],[79.914,16.064],[79.892,16.058],[79.872,16.025],[79.882,16.015],[79.905,16.007],[79.904,15.994],[79.925,15.965],[79.916,15.947],[79.899,15.942],[79.887,15.92],[79.863,15.924],[79.86,15.931],[79.829,15.939],[79.802,15.939],[79.792,15.913],[79.768,15.896],[79.76,15.863],[79.768,15.85],[79.784,15.843],[79.78,15.827],[79.76,15.824],[79.724,15.841],[79.729,15.86],[79.701,15.881],[79.705,15.899],[79.663,15.92],[79.641,15.91],[79.618,15.923],[79.617,15.938],[79.595,15.942],[79.579,15.94],[79.569,15.947],[79.561,16.006],[79.567,16.016],[79.583,16.021],[79.583,16.035],[79.57,16.064],[79.564,16.107],[79.566,16.122],[79.557,16.141],[79.559,16.162],[79.575,16.197],[79.562,16.252],[79.556,16.305],[79.533,16.318],[79.512,16.305],[79.498,16.301],[79.464,16.311],[79.446,16.302],[79.426,16.284],[79.408,16.275],[79.386,16.254],[79.368,16.243],[79.343,16.246],[79.304,16.23],[79.257,16.202],[79.226,16.181],[79.222,16.222],[79.2,16.23],[79.185,16.224],[79.171,16.227],[79.131,16.245],[79.076,16.245],[79.05,16.252],[79.028,16.251],[79,16.235],[78.967,16.224],[78.933,16.209],[78.916,16.198],[78.913,16.172],[78.928,16.14],[78.929,16.129],[78.921,16.116],[78.933,16.07],[78.927,16.026],[78.921,16],[78.902,15.964],[78.833,15.907],[78.813,15.875],[78.806,15.845],[78.792,15.737],[78.779,15.701],[78.773,15.663],[78.773,15.601],[78.777,15.577],[78.78,15.533],[78.772,15.453],[78.774,15.406],[78.754,15.363],[78.747,15.342],[78.744,15.305],[78.743,15.241],[78.75,15.182],[78.77,15.186],[78.797,15.205],[78.823,15.208],[78.906,15.198],[78.93,15.202],[78.945,15.235],[78.952,15.225],[78.955,15.203],[78.962,15.18],[78.979,15.169],[78.993,15.168],[79.007,15.182],[79.068,15.176],[79.058,15.142],[79.066,15.095],[79.076,15.055],[79.089,15.085],[79.109,15.09],[79.117,15.099],[79.131,15.102],[79.156,15.091],[79.199,15.088],[79.235,15.106],[79.256,15.108],[79.305,15.093],[79.318,15.116],[79.344,15.105],[79.36,15.086],[79.385,15.089],[79.392,15.076],[79.416,15.075],[79.421,15.056],[79.438,15.056],[79.467,15.064],[79.5,15.055],[79.516,15.038],[79.552,15.023],[79.563,15.043],[79.627,15.036],[79.693,15.034],[79.718,15.046],[79.744,15.032],[79.758,15.051],[79.781,15.061],[79.805,15.056],[79.8,15.035],[79.788,15.025],[79.801,15.015],[79.782,14.976],[79.805,14.965],[79.858,14.954],[79.868,14.955],[79.878,14.973],[79.895,14.985],[79.911,15.006],[79.947,15.02],[79.98,15.016],[80,14.987],[80.033,14.996],[80.033,15.008],[80.049,15.018],[80.046,15.05],[80.051,15.113],[80.065,15.164],[80.084,15.195],[80.087,15.216],[80.08,15.257],[80.091,15.291],[80.1,15.326],[80.109,15.346],[80.13,15.38],[80.154,15.406],[80.184,15.45],[80.197,15.463],[80.204,15.5],[80.212,15.519],[80.213,15.535],[80.186,15.56],[80.171,15.553],[80.14,15.55],[80.136,15.559],[80.169,15.561],[80.175,15.573],[80.207,15.547],[80.223,15.547],[80.24,15.614],[80.252,15.64],[80.277,15.682],[80.288,15.69],[80.311,15.717],[80.321,15.724],[80.345,15.752],[80.393,15.784],[80.439,15.806]]]},"properties":{"DISTRICT":"Prakasam","ST_NM":"Andhra Pradesh"}},
{"type":"Feature","geometry":{"type":"MultiPolygon","coordinates":[[[[78.871,10.706],[78.873,10.688],[78.821,10.693],[78.81,10.671],[78.79,10.647],[78.761,10.652],[78.745,10.646],[78.737,10.67],[78.747,10.687],[78.742,10.708],[78.724,10.713],[78.708,10.73],[78.688,10.727],[78.695,10.697],[78.683,10.686],[78.683,10.669],[78.668,10.672],[78.667,10.658],[78.654,10.656],[78.653,10.68],[78.659,10.703],[78.63,10.704],[78.623,10.676],[78.614,10.681],[78.596,10.657],[78.567,10.66],[78.57,10.679],[78.553,10.686],[78.548,10.675],[78.526,10.673],[78.519,10.65],[78.529,10.642],[78.528,10.627],[78.481,10.636],[78.451,10.605],[78.452,10.591],[78.465,10.574],[78.465,10.542],[78.483,10.539],[78.49,10.526],[78.485,10.511],[78.497,10.507],[78.498,10.484],[78.522,10.482],[78.53,10.486],[78.543,10.507],[78.569,10.515],[78.58,10.506],[78.571,10.487],[78.589,10.473],[78.588,10.456],[78.562,10.431],[78.525,10.436],[78.518,10.406],[78.53,10.4],[78.527,10.381],[78.508,10.375],[78.497,10.352],[78.512,10.343],[78.522,10.326],[78.517,10.305],[78.515,10.265],[78.489,10.263],[78.475,10.268],[78.454,10.265],[78.451,10.245],[78.466,10.24],[78.477,10.245],[78.489,10.232],[78.473,10.203],[78.489,10.189],[78.508,10.187],[78.517,10.212],[78.516,10.223],[78.537,10.253],[78.554,10.247],[78.573,10.256],[78.581,10.285],[78.613,10.269],[78.636,10.266],[78.647,10.258],[78.651,10.225],[78.672,10.205],[78.665,10.178],[78.672,10.154],[78.692,10.147],[78.708,10.174],[78.728,10.168],[78.731,10.159],[78.768,10.164],[78.768,10.193],[78.786,10.205],[78.811,10.211],[78.824,10.196],[78.817,10.169],[78.831,10.151],[78.833,10.138],[78.847,10.137],[78.847,10.125],[78.878,10.143],[78.884,10.153],[78.896,10.148],[78.907,10.152],[78.909,10.129],[78.928,10.114],[78.95,10.106],[78.972,10.121],[78.977,10.102],[78.986,10.088],[78.971,10.082],[78.962,10.095],[78.95,10.088],[78.935,10.072],[78.944,10.059],[78.929,10.046],[78.93,10.022],[78.956,10.007],[78.965,10.008],[78.975,9.99],[78.995,9.99],[79.014,9.983],[79.001,9.973],[79.001,9.954],[78.991,9.945],[79,9.926],[79.016,9.903],[79.023,9.902],[79.041,9.874],[79.046,9.86],[79.07,9.851],[79.1,9.856],[79.114,9.846],[79.123,9.858],[79.12,9.878],[79.125,9.889],[79.151,9.911],[79.157,9.93],[79.167,9.943],[79.195,9.964],[79.208,9.98],[79.222,10.007],[79.263,10.036],[79.251,10.05],[79.245,10.071],[79.233,10.076],[79.226,10.104],[79.233,10.124],[79.229,10.14],[79.21,10.145],[79.204,10.16],[79.183,10.161],[79.152,10.167],[79.16,10.181],[79.153,10.197],[79.164,10.205],[79.175,10.2],[79.181,10.218],[79.144,10.219],[79.146,10.236],[79.117,10.237],[79.117,10.251],[79.128,10.252],[79.132,10.273],[79.122,10.286],[79.122,10.307],[79.134,10.334],[79.15,10.343],[79.144,10.366],[79.146,10.383],[79.155,10.399],[79.132,10.426],[79.15,10.459],[79.159,10.446],[79.176,10.446],[79.175,10.458],[79.192,10.459],[79.173,10.477],[79.154,10.474],[79.14,10.498],[79.143,10.513],[79.16,10.531],[79.17,10.531],[79.187,10.54],[79.184,10.555],[79.192,10.561],[79.184,10.575],[79.165,10.587],[79.144,10.586],[79.146,10.603],[79.128,10.633],[79.104,10.622],[79.071,10.636],[79.064,10.668],[79.042,10.677],[79.018,10.674],[79.02,10.691],[79.01,10.698],[79,10.722],[78.99,10.718],[78.984,10.683],[78.971,10.679],[78.971,10.665],[78.958,10.663],[78.938,10.686],[78.908,10.671],[78.871,10.706]]],[[[79.241,10.497],[79.22,10.493],[79.223,10.479],[79.241,10.483],[79.241,10.497]]]]},"properties":{"DISTRICT":"Pudukkottai","ST_NM":"Tamil Nadu"}},
{"type":"Feature","geometry":{"type":"MultiPolygon","coordinates":[[[[87.886,22.509],[87.849,22.514],[87.805,22.491],[87.795,22.482],[87.761,22.476],[87.738,22.49],[87.712,22.493],[87.694,22.509],[87.689,22.488],[87.678,22.484],[87.674,22.463],[87.658,22.461],[87.648,22.431],[87.659,22.419],[87.658,22.394],[87.649,22.363],[87.648,22.341],[87.67,22.328],[87.705,22.332],[87.724,22.322],[87.706,22.283],[87.708,22.259],[87.701,22.229],[87.715,22.208],[87.73,22.205],[87.73,22.192],[87.708,22.178],[87.712,22.172],[87.705,22.147],[87.704,22.129],[87.694,22.126],[87.672,22.108],[87.623,22.103],[87.587,22.087],[87.583,22.097],[87.562,22.094],[87.539,22.084],[87.525,22.091],[87.497,22.09],[87.48,22.079],[87.482,22.05],[87.467,22.029],[87.464,22.007],[87.48,22.004],[87.486,21.984],[87.488,21.957],[87.504,21.957],[87.497,21.937],[87.483,21.934],[87.488,21.919],[87.481,21.901],[87.451,21.889],[87.46,21.864],[87.459,21.846],[87.444,21.837],[87.449,21.822],[87.441,21.804],[87.444,21.769],[87.448,21.766],[87.447,21.734],[87.458,21.734],[87.475,21.712],[87.473,21.682],[87.463,21.65],[87.472,21.651],[87.486,21.631],[87.49,21.603],[87.534,21.608],[87.585,21.62],[87.667,21.632],[87.707,21.645],[87.744,21.668],[87.759,21.684],[87.785,21.687],[87.815,21.701],[87.837,21.716],[87.87,21.746],[87.897,21.774],[87.897,21.782],[87.926,21.795],[87.961,21.826],[88.004,21.904],[88.021,21.95],[88.053,22.013],[88.033,22.025],[88.018,22.04],[88.011,22.07],[88.028,22.068],[88.027,22.048],[88.062,22.013],[88.083,22.021],[88.129,22.051],[88.149,22.06],[88.167,22.074],[88.189,22.099],[88.194,22.111],[88.146,22.168],[88.136,22.185],[88.106,22.192],[88.086,22.187],[88.066,22.19],[88.05,22.205],[88.035,22.209],[88.018,22.2],[87.99,22.209],[87.975,22.222],[87.972,22.237],[87.938,22.265],[87.933,22.314],[87.944,22.325],[87.947,22.34],[87.943,22.364],[87.93,22.404],[87.916,22.417],[87.905,22.422],[87.894,22.424],[87.883,22.441],[87.878,22.458],[87.899,22.479],[87.881,22.498],[87.886,22.509]]],[[[88.125,21.995],[88.143,22.021],[88.094,22.011],[88.07,21.991],[88.056,21.96],[88.046,21.916],[88.067,21.92],[88.066,21.928],[88.082,21.965],[88.125,21.995]]],[[[87.941,21.743],[87.96,21.756],[87.952,21.768],[87.935,21.747],[87.941,21.743]]],[[[88.012,22.23],[87.993,22.253],[87.971,22.264],[87.984,22.246],[88.012,22.23]]]]},"properties":{"DISTRICT":"Purba Medinipur","ST_NM":"West Bengal"}},
{"type":"Feature","geometry":{"type":"Polygon","coordinates":[[[86.083,20.106],[86.033,20.107],[86.021,20.102],[86.013,20.115],[85.989,20.111],[85.951,20.119],[85.927,20.114],[85.904,20.123],[85.9,20.113],[85.886,20.11],[85.876,20.122],[85.902,20.145],[85.889,20.176],[85.868,20.19],[85.845,20.175],[85.841,20.196],[85.827,20.158],[85.807,20.158],[85.8,20.15],[85.783,20.157],[85.781,20.167],[85.766,20.167],[85.763,20.152],[85.747,20.147],[85.733,20.151],[85.725,20.143],[85.689,20.149],[85.678,20.123],[85.677,20.112],[85.687,20.098],[85.678,20.087],[85.68,20.072],[85.654,20.066],[85.648,20.075],[85.624,20.066],[85.617,20.042],[85.631,20.025],[85.611,20.001],[85.597,20],[85.566,20.012],[85.57,19.969],[85.565,19.949],[85.548,19.956],[85.526,19.975],[85.51,19.946],[85.536,19.928],[85.567,19.917],[85.57,19.904],[85.565,19.855],[85.536,19.886],[85.503,19.889],[85.484,19.884],[85.476,19.892],[85.45,19.886],[85.429,19.893],[85.397,19.867],[85.396,19.859],[85.377,19.839],[85.344,19.828],[85.341,19.81],[85.328,19.801],[85.301,19.798],[85.253,19.781],[85.256,19.77],[85.243,19.762],[85.244,19.748],[85.22,19.746],[85.209,19.725],[85.195,19.718],[85.194,19.694],[85.206,19.684],[85.184,19.675],[85.177,19.558],[85.139,19.524],[85.141,19.513],[85.159,19.483],[85.178,19.464],[85.214,19.494],[85.255,19.522],[85.351,19.584],[85.445,19.632],[85.468,19.641],[85.563,19.682],[85.57,19.688],[85.63,19.714],[85.644,19.724],[85.696,19.751],[85.821,19.791],[85.886,19.811],[85.898,19.817],[85.974,19.833],[86.045,19.841],[86.068,19.852],[86.092,19.854],[86.167,19.878],[86.197,19.883],[86.229,19.895],[86.221,19.909],[86.223,19.925],[86.232,19.933],[86.256,19.912],[86.27,19.924],[86.299,19.934],[86.367,19.948],[86.368,19.975],[86.357,19.974],[86.345,19.984],[86.328,20.019],[86.317,20.028],[86.3,20.031],[86.283,20.044],[86.282,20.055],[86.257,20.054],[86.248,20.039],[86.226,20.038],[86.206,20.052],[86.189,20.053],[86.154,20.042],[86.122,20.042],[86.128,20.06],[86.104,20.067],[86.09,20.06],[86.077,20.082],[86.092,20.092],[86.083,20.106]]]},"properties":{"DISTRICT":"Puri","ST_NM":"Odisha"}},
{"type":"Feature","geometry":{"type":"Polygon","coordinates":[[[86.899,23.64],[86.89,23.653],[86.86,23.66],[86.85,23.678],[86.822,23.685],[86.801,23.695],[86.798,23.689],[86.764,23.68],[86.744,23.68],[86.737,23.696],[86.717,23.699],[86.655,23.685],[86.621,23.674],[86.597,23.673],[86.596,23.664],[86.571,23.648],[86.534,23.631],[86.487,23.637],[86.472,23.632],[86.451,23.633],[86.445,23.622],[86.419,23.603],[86.412,23.59],[86.387,23.586],[86.389,23.574],[86.371,23.559],[86.364,23.545],[86.373,23.525],[86.363,23.515],[86.358,23.466],[86.332,23.46],[86.306,23.446],[86.319,23.428],[86.306,23.422],[86.288,23.43],[86.287,23.442],[86.253,23.436],[86.252,23.421],[86.231,23.438],[86.245,23.472],[86.231,23.472],[86.227,23.458],[86.209,23.461],[86.185,23.477],[86.149,23.479],[86.151,23.496],[86.161,23.506],[86.161,23.521],[86.149,23.529],[86.159,23.553],[86.145,23.572],[86.108,23.576],[86.079,23.57],[86.077,23.58],[86.043,23.585],[86.017,23.563],[86.017,23.553],[86.039,23.52],[86.039,23.507],[86.047,23.492],[86.026,23.49],[85.959,23.462],[85.944,23.457],[85.924,23.464],[85.913,23.474],[85.884,23.478],[85.872,23.472],[85.866,23.453],[85.867,23.43],[85.869,23.412],[85.885,23.41],[85.891,23.389],[85.902,23.379],[85.872,23.367],[85.878,23.332],[85.867,23.317],[85.868,23.305],[85.84,23.283],[85.832,23.265],[85.837,23.245],[85.837,23.213],[85.841,23.194],[85.864,23.197],[85.883,23.175],[85.883,23.161],[85.895,23.154],[85.906,23.15],[85.921,23.132],[85.95,23.132],[85.958,23.141],[85.988,23.148],[86.043,23.146],[86.054,23.132],[86.05,23.114],[86.076,23.104],[86.087,23.107],[86.098,23.093],[86.122,23.096],[86.144,23.083],[86.14,23.065],[86.166,23.042],[86.181,23.016],[86.207,23.018],[86.212,22.997],[86.24,22.996],[86.267,22.998],[86.285,23.013],[86.306,23.015],[86.308,23.006],[86.338,22.992],[86.366,22.999],[86.386,22.994],[86.399,22.977],[86.422,22.998],[86.469,22.988],[86.503,22.993],[86.518,22.969],[86.54,22.984],[86.544,22.965],[86.533,22.961],[86.524,22.947],[86.504,22.951],[86.492,22.938],[86.476,22.949],[86.464,22.936],[86.443,22.93],[86.438,22.919],[86.454,22.905],[86.469,22.9],[86.457,22.886],[86.452,22.862],[86.438,22.863],[86.439,22.832],[86.427,22.812],[86.422,22.78],[86.445,22.766],[86.459,22.763],[86.471,22.75],[86.484,22.726],[86.493,22.726],[86.512,22.705],[86.515,22.719],[86.545,22.724],[86.56,22.711],[86.567,22.726],[86.595,22.763],[86.612,22.799],[86.62,22.826],[86.636,22.826],[86.657,22.838],[86.662,22.849],[86.68,22.862],[86.705,22.872],[86.708,22.901],[86.692,22.93],[86.703,22.951],[86.711,22.957],[86.733,23.026],[86.735,23.042],[86.728,23.051],[86.741,23.075],[86.745,23.094],[86.724,23.104],[86.716,23.121],[86.725,23.136],[86.725,23.151],[86.735,23.168],[86.748,23.166],[86.754,23.198],[86.776,23.202],[86.785,23.208],[86.775,23.231],[86.779,23.279],[86.773,23.291],[86.784,23.299],[86.778,23.31],[86.784,23.342],[86.803,23.344],[86.806,23.361],[86.829,23.366],[86.829,23.385],[86.842,23.382],[86.847,23.401],[86.844,23.42],[86.859,23.435],[86.849,23.442],[86.82,23.437],[86.82,23.467],[86.861,23.466],[86.864,23.488],[86.875,23.497],[86.897,23.493],[86.886,23.517],[86.887,23.536],[86.875,23.542],[86.878,23.556],[86.871,23.575],[86.882,23.576],[86.888,23.626],[86.899,23.64]]]},"properties":{"DISTRICT":"Puruliya","ST_NM":"West Bengal"}},
{"type":"Feature","geometry":{"type":"Polygon","coordinates":[[[78.991,9.945],[78.968,9.937],[78.957,9.921],[78.931,9.923],[78.917,9.916],[78.902,9.894],[78.904,9.88],[78.883,9.881],[78.873,9.861],[78.884,9.818],[78.884,9.799],[78.901,9.784],[78.884,9.754],[78.858,9.754],[78.849,9.74],[78.825,9.724],[78.817,9.74],[78.827,9.758],[78.823,9.774],[78.804,9.773],[78.776,9.79],[78.778,9.775],[78.762,9.772],[78.744,9.747],[78.716,9.749],[78.709,9.735],[78.721,9.731],[78.725,9.709],[78.746,9.709],[78.752,9.716],[78.776,9.719],[78.8,9.691],[78.793,9.686],[78.793,9.667],[78.785,9.651],[78.794,9.625],[78.823,9.615],[78.82,9.593],[78.786,9.584],[78.773,9.584],[78.754,9.577],[78.708,9.598],[78.679,9.598],[78.684,9.566],[78.675,9.555],[78.654,9.543],[78.656,9.519],[78.634,9.531],[78.617,9.536],[78.609,9.552],[78.598,9.554],[78.542,9.585],[78.517,9.582],[78.497,9.598],[78.503,9.608],[78.477,9.611],[78.451,9.619],[78.419,9.596],[78.377,9.566],[78.378,9.537],[78.388,9.536],[78.384,9.516],[78.349,9.515],[78.333,9.524],[78.33,9.479],[78.336,9.465],[78.318,9.466],[78.3,9.457],[78.303,9.441],[78.276,9.446],[78.22,9.444],[78.225,9.41],[78.244,9.405],[78.245,9.377],[78.258,9.374],[78.271,9.386],[78.297,9.389],[78.307,9.376],[78.323,9.375],[78.338,9.366],[78.342,9.351],[78.354,9.334],[78.377,9.318],[78.378,9.292],[78.369,9.28],[78.35,9.279],[78.332,9.261],[78.308,9.271],[78.3,9.268],[78.283,9.275],[78.277,9.263],[78.273,9.202],[78.299,9.203],[78.29,9.167],[78.276,9.141],[78.291,9.135],[78.324,9.131],[78.36,9.114],[78.36,9.098],[78.391,9.094],[78.422,9.113],[78.466,9.124],[78.477,9.131],[78.491,9.129],[78.527,9.136],[78.549,9.135],[78.574,9.128],[78.6,9.148],[78.63,9.157],[78.652,9.157],[78.646,9.175],[78.658,9.187],[78.673,9.194],[78.694,9.195],[78.721,9.187],[78.722,9.203],[78.777,9.222],[78.815,9.237],[78.878,9.257],[78.905,9.248],[78.915,9.259],[78.942,9.271],[78.988,9.275],[79.05,9.262],[79.094,9.26],[79.15,9.275],[79.184,9.278],[79.187,9.288],[79.148,9.288],[79.121,9.293],[79.101,9.289],[79.08,9.297],[79.063,9.295],[79.052,9.3],[78.988,9.354],[78.93,9.416],[78.9,9.457],[78.895,9.479],[78.898,9.489],[78.915,9.5],[78.92,9.547],[78.919,9.565],[78.925,9.586],[78.955,9.626],[78.971,9.661],[78.977,9.683],[78.992,9.713],[79.014,9.732],[79.029,9.752],[79.056,9.771],[79.075,9.793],[79.081,9.811],[79.114,9.846],[79.1,9.856],[79.07,9.851],[79.046,9.86],[79.041,9.874],[79.023,9.902],[79.016,9.903],[79,9.926],[78.991,9.945]]]},"properties":{"DISTRICT":"Ramanathapuram","ST_NM":"Tamil Nadu"}},
{"type":"Feature","geometry":{"type":"Polygon","coordinates":[[[78.72,17.667],[78.703,17.684],[78.683,17.693],[78.664,17.696],[78.652,17.677],[78.634,17.668],[78.616,17.669],[78.614,17.681],[78.599,17.701],[78.582,17.701],[78.572,17.687],[78.551,17.689],[78.527,17.7],[78.513,17.686],[78.473,17.695],[78.451,17.712],[78.44,17.699],[78.43,17.701],[78.42,17.67],[78.396,17.673],[78.387,17.665],[78.382,17.633],[78.36,17.623],[78.376,17.604],[78.372,17.583],[78.362,17.558],[78.349,17.544],[78.355,17.524],[78.336,17.505],[78.311,17.492],[78.297,17.492],[78.306,17.465],[78.289,17.433],[78.273,17.435],[78.263,17.419],[78.237,17.428],[78.23,17.44],[78.219,17.44],[78.219,17.463],[78.214,17.486],[78.194,17.48],[78.167,17.463],[78.146,17.473],[78.134,17.488],[78.111,17.483],[78.104,17.492],[78.085,17.497],[78.082,17.524],[78.071,17.521],[78.063,17.483],[78.054,17.46],[78.045,17.461],[78.02,17.475],[77.996,17.5],[77.983,17.486],[77.965,17.484],[77.966,17.505],[77.975,17.519],[77.964,17.535],[77.938,17.539],[77.94,17.552],[77.923,17.574],[77.874,17.581],[77.875,17.6],[77.861,17.622],[77.856,17.643],[77.828,17.646],[77.816,17.626],[77.78,17.628],[77.753,17.623],[77.774,17.602],[77.771,17.586],[77.762,17.581],[77.761,17.559],[77.707,17.528],[77.691,17.527],[77.69,17.509],[77.688,17.476],[77.652,17.484],[77.638,17.475],[77.615,17.473],[77.615,17.447],[77.6,17.446],[77.577,17.457],[77.577,17.433],[77.537,17.444],[77.514,17.43],[77.515,17.416],[77.537,17.402],[77.525,17.389],[77.532,17.375],[77.525,17.365],[77.503,17.357],[77.486,17.357],[77.479,17.371],[77.455,17.373],[77.454,17.353],[77.46,17.348],[77.453,17.318],[77.438,17.291],[77.457,17.29],[77.458,17.279],[77.426,17.256],[77.422,17.236],[77.409,17.241],[77.384,17.223],[77.397,17.215],[77.395,17.196],[77.374,17.193],[77.364,17.165],[77.379,17.152],[77.38,17.141],[77.403,17.135],[77.408,17.126],[77.438,17.114],[77.442,17.118],[77.467,17.107],[77.482,17.119],[77.486,17.134],[77.481,17.15],[77.479,17.175],[77.513,17.174],[77.54,17.166],[77.552,17.14],[77.58,17.13],[77.589,17.15],[77.613,17.149],[77.617,17.167],[77.645,17.174],[77.649,17.182],[77.666,17.182],[77.685,17.175],[77.698,17.18],[77.697,17.198],[77.728,17.206],[77.729,17.187],[77.742,17.181],[77.735,17.222],[77.739,17.23],[77.763,17.226],[77.78,17.234],[77.793,17.231],[77.789,17.218],[77.767,17.202],[77.779,17.178],[77.788,17.174],[77.788,17.154],[77.771,17.129],[77.78,17.111],[77.769,17.107],[77.764,17.082],[77.755,17.062],[77.775,17.059],[77.788,17.043],[77.778,17.018],[77.769,17.019],[77.758,16.988],[77.762,16.978],[77.74,16.938],[77.745,16.913],[77.738,16.881],[77.758,16.872],[77.773,16.879],[77.795,16.875],[77.81,16.889],[77.821,16.884],[77.821,16.865],[77.866,16.853],[77.91,16.861],[77.929,16.848],[77.938,16.862],[77.956,16.868],[77.968,16.852],[77.978,16.85],[77.991,16.874],[77.969,16.869],[77.97,16.889],[77.984,16.897],[78.011,16.902],[78.017,16.914],[78.009,16.935],[78.014,16.95],[77.989,16.96],[78.003,16.978],[77.979,17.008],[77.951,17.016],[77.94,17.024],[77.923,17.062],[77.939,17.071],[77.936,17.086],[77.956,17.097],[77.977,17.098],[77.991,17.103],[77.993,17.127],[78.009,17.139],[78.028,17.173],[78.043,17.177],[78.055,17.196],[78.086,17.195],[78.088,17.176],[78.095,17.171],[78.099,17.151],[78.085,17.125],[78.102,17.101],[78.132,17.112],[78.164,17.102],[78.183,17.1],[78.185,17.114],[78.18,17.133],[78.193,17.146],[78.172,17.156],[78.173,17.171],[78.214,17.186],[78.227,17.206],[78.262,17.206],[78.271,17.225],[78.294,17.224],[78.31,17.173],[78.308,17.151],[78.34,17.12],[78.354,17.092],[78.367,17.085],[78.366,17.069],[78.389,17.035],[78.426,17.018],[78.453,17],[78.461,16.982],[78.484,16.992],[78.496,17.009],[78.511,17.013],[78.517,17],[78.532,16.987],[78.562,16.981],[78.568,16.967],[78.585,16.952],[78.615,16.959],[78.65,16.955],[78.687,16.931],[78.702,16.933],[78.699,16.939],[78.707,16.962],[78.718,16.968],[78.755,16.966],[78.759,16.978],[78.79,16.973],[78.798,16.991],[78.831,17.018],[78.82,17.032],[78.846,17.052],[78.85,17.087],[78.825,17.106],[78.842,17.111],[78.839,17.125],[78.818,17.13],[78.796,17.141],[78.784,17.161],[78.795,17.173],[78.791,17.193],[78.781,17.196],[78.769,17.219],[78.814,17.209],[78.827,17.236],[78.806,17.249],[78.771,17.259],[78.756,17.272],[78.761,17.28],[78.747,17.297],[78.768,17.309],[78.747,17.326],[78.77,17.341],[78.77,17.349],[78.741,17.359],[78.748,17.386],[78.746,17.398],[78.762,17.428],[78.76,17.444],[78.713,17.439],[78.715,17.463],[78.727,17.477],[78.711,17.489],[78.713,17.524],[78.706,17.534],[78.699,17.56],[78.688,17.578],[78.697,17.589],[78.698,17.614],[78.71,17.635],[78.72,17.667]],[[78.512,17.454],[78.54,17.463],[78.537,17.44],[78.527,17.421],[78.522,17.39],[78.529,17.371],[78.515,17.35],[78.515,17.33],[78.482,17.304],[78.472,17.304],[78.45,17.324],[78.441,17.345],[78.411,17.349],[78.401,17.357],[78.391,17.389],[78.393,17.412],[78.411,17.433],[78.427,17.429],[78.445,17.405],[78.449,17.428],[78.464,17.446],[78.479,17.473],[78.491,17.476],[78.512,17.454]]]},"properties":{"DISTRICT":"Rangareddy","ST_NM":"Andhra Pradesh"}},
{"type":"Feature","geometry":{"type":"Polygon","coordinates":[[[83.496,19.96],[83.494,19.959],[83.485,19.961],[83.481,19.964],[83.475,19.964],[83.452,19.973],[83.449,19.969],[83.443,19.933],[83.409,19.923],[83.409,19.913],[83.431,19.87],[83.427,19.844],[83.44,19.834],[83.436,19.824],[83.443,19.8],[83.454,19.788],[83.456,19.74],[83.447,19.72],[83.437,19.714],[83.431,19.698],[83.415,19.684],[83.404,19.682],[83.386,19.667],[83.379,19.652],[83.373,19.62],[83.376,19.603],[83.355,19.605],[83.333,19.596],[83.303,19.591],[83.267,19.599],[83.27,19.579],[83.258,19.575],[83.264,19.552],[83.251,19.541],[83.256,19.529],[83.245,19.506],[83.229,19.503],[83.21,19.476],[83.205,19.463],[83.188,19.464],[83.186,19.426],[83.168,19.432],[83.15,19.474],[83.159,19.485],[83.135,19.509],[83.122,19.501],[83.094,19.542],[83.074,19.562],[83.047,19.557],[83.026,19.527],[83.027,19.512],[83,19.498],[82.991,19.475],[82.997,19.47],[82.992,19.447],[82.957,19.445],[82.939,19.45],[82.925,19.435],[82.933,19.429],[82.937,19.408],[82.953,19.391],[82.948,19.363],[82.958,19.351],[82.958,19.325],[82.938,19.311],[82.928,19.298],[82.919,19.305],[82.905,19.285],[82.899,19.26],[82.891,19.254],[82.902,19.229],[82.886,19.19],[82.879,19.184],[82.899,19.175],[82.905,19.159],[82.924,19.164],[82.951,19.155],[82.968,19.161],[82.981,19.153],[82.984,19.133],[83.01,19.115],[83.01,19.098],[83.015,19.094],[83.026,19.091],[83.031,19.08],[83.03,19.078],[83.024,19.073],[83.021,19.07],[83.032,19.057],[83.048,19.054],[83.064,19.044],[83.069,19.047],[83.071,19.049],[83.07,19.065],[83.076,19.081],[83.092,19.093],[83.1,19.109],[83.11,19.11],[83.121,19.091],[83.133,19.098],[83.138,19.137],[83.161,19.123],[83.173,19.141],[83.181,19.145],[83.185,19.141],[83.18,19.129],[83.175,19.125],[83.169,19.121],[83.186,19.114],[83.202,19.138],[83.199,19.164],[83.221,19.162],[83.232,19.171],[83.25,19.163],[83.252,19.149],[83.244,19.142],[83.244,19.126],[83.229,19.123],[83.22,19.135],[83.208,19.13],[83.177,19.092],[83.189,19.093],[83.195,19.075],[83.19,19.015],[83.201,19],[83.207,18.976],[83.242,18.973],[83.239,19.023],[83.26,19.035],[83.269,19.057],[83.263,19.07],[83.277,19.114],[83.299,19.121],[83.341,19.101],[83.347,19.051],[83.364,19.05],[83.351,19.029],[83.348,19.017],[83.349,19.017],[83.354,19.018],[83.363,19.017],[83.37,19.003],[83.397,19.008],[83.417,19.004],[83.423,18.986],[83.45,18.956],[83.463,18.954],[83.47,18.967],[83.458,18.99],[83.456,19.008],[83.482,19.008],[83.485,19.033],[83.473,19.044],[83.467,19.077],[83.485,19.083],[83.5,19.063],[83.513,19.073],[83.521,19.033],[83.501,19.035],[83.503,19.019],[83.523,19.013],[83.539,19.013],[83.541,19.02],[83.541,19.027],[83.543,19.037],[83.559,19.058],[83.586,19.058],[83.59,19.084],[83.612,19.101],[83.602,19.128],[83.627,19.15],[83.652,19.121],[83.665,19.096],[83.665,19.083],[83.692,19.052],[83.708,19.023],[83.725,19.023],[83.728,19.012],[83.713,19.008],[83.713,18.993],[83.734,18.984],[83.744,18.947],[83.754,18.927],[83.764,18.925],[83.778,18.91],[83.785,18.927],[83.769,18.953],[83.758,18.953],[83.749,18.975],[83.749,18.992],[83.775,19.007],[83.783,19.017],[83.796,19.016],[83.802,19.028],[83.814,19.031],[83.832,19.009],[83.853,19.001],[83.863,18.979],[83.898,18.984],[83.902,19.001],[83.913,19.017],[83.933,19.012],[83.952,18.989],[83.967,18.989],[83.97,19.001],[83.988,19.02],[83.966,19.043],[83.965,19.059],[83.983,19.071],[83.999,19.066],[84.009,19.053],[84.03,19.054],[84.014,19.093],[84.02,19.124],[84.032,19.131],[84.024,19.141],[84.012,19.141],[83.987,19.159],[83.991,19.184],[83.984,19.205],[83.997,19.245],[84.011,19.251],[84.022,19.285],[84.015,19.305],[84.027,19.324],[84.03,19.345],[84.017,19.374],[83.999,19.385],[83.989,19.38],[83.969,19.386],[83.964,19.394],[83.947,19.398],[83.944,19.42],[83.97,19.46],[83.979,19.485],[83.961,19.5],[83.977,19.53],[83.966,19.543],[83.947,19.547],[83.936,19.566],[83.935,19.594],[83.927,19.63],[83.943,19.635],[83.935,19.656],[83.938,19.669],[83.933,19.677],[83.921,19.679],[83.916,19.678],[83.913,19.674],[83.905,19.672],[83.881,19.672],[83.874,19.674],[83.855,19.688],[83.844,19.71],[83.814,19.717],[83.809,19.717],[83.793,19.712],[83.781,19.712],[83.773,19.714],[83.769,19.713],[83.768,19.708],[83.761,19.675],[83.751,19.666],[83.744,19.658],[83.741,19.655],[83.734,19.654],[83.729,19.659],[83.724,19.668],[83.701,19.686],[83.695,19.688],[83.69,19.687],[83.675,19.68],[83.663,19.664],[83.655,19.659],[83.649,19.658],[83.641,19.666],[83.638,19.672],[83.645,19.704],[83.634,19.718],[83.628,19.743],[83.614,19.749],[83.61,19.758],[83.622,19.778],[83.62,19.815],[83.608,19.818],[83.606,19.827],[83.604,19.831],[83.602,19.833],[83.598,19.828],[83.589,19.823],[83.58,19.828],[83.545,19.843],[83.531,19.856],[83.528,19.874],[83.542,19.899],[83.552,19.906],[83.562,19.925],[83.53,19.95],[83.496,19.96]]]},"properties":{"DISTRICT":"Rayagada","ST_NM":"Odisha"}},
{"type":"Feature","geometry":{"type":"Polygon","coordinates":[[[78.627,11.864],[78.608,11.846],[78.596,11.819],[78.575,11.815],[78.543,11.8],[78.523,11.81],[78.502,11.808],[78.477,11.813],[78.454,11.824],[78.442,11.837],[78.434,11.859],[78.438,11.868],[78.417,11.876],[78.404,11.87],[78.382,11.824],[78.356,11.792],[78.329,11.772],[78.314,11.779],[78.33,11.795],[78.351,11.834],[78.356,11.86],[78.368,11.877],[78.366,11.887],[78.354,11.906],[78.342,11.892],[78.327,11.895],[78.331,11.913],[78.321,11.927],[78.3,11.916],[78.294,11.902],[78.282,11.895],[78.279,11.928],[78.256,11.935],[78.245,11.965],[78.235,11.975],[78.173,11.963],[78.146,11.962],[78.099,11.948],[78.071,11.933],[78.062,11.935],[78.036,11.928],[78.029,11.915],[78.007,11.91],[77.974,11.893],[77.96,11.898],[77.905,11.9],[77.893,11.907],[77.867,11.913],[77.847,11.893],[77.81,11.908],[77.762,11.911],[77.738,11.937],[77.693,11.939],[77.676,11.949],[77.682,11.923],[77.68,11.902],[77.685,11.874],[77.663,11.875],[77.66,11.845],[77.649,11.82],[77.669,11.821],[77.711,11.807],[77.723,11.792],[77.71,11.764],[77.693,11.716],[77.699,11.689],[77.691,11.659],[77.692,11.645],[77.703,11.631],[77.719,11.639],[77.734,11.653],[77.75,11.659],[77.77,11.677],[77.762,11.645],[77.752,11.632],[77.739,11.602],[77.747,11.564],[77.73,11.541],[77.726,11.528],[77.734,11.511],[77.702,11.479],[77.696,11.458],[77.71,11.463],[77.739,11.441],[77.759,11.449],[77.77,11.479],[77.782,11.476],[77.795,11.463],[77.787,11.448],[77.805,11.446],[77.807,11.456],[77.83,11.464],[77.835,11.452],[77.824,11.44],[77.846,11.433],[77.847,11.42],[77.874,11.409],[77.879,11.42],[77.894,11.415],[77.912,11.43],[77.913,11.45],[77.927,11.459],[77.94,11.457],[77.948,11.469],[77.972,11.466],[77.977,11.5],[77.975,11.516],[77.982,11.526],[78.002,11.52],[78.019,11.527],[78.034,11.527],[78.039,11.519],[78.058,11.512],[78.079,11.521],[78.077,11.538],[78.095,11.543],[78.104,11.553],[78.121,11.536],[78.133,11.54],[78.159,11.535],[78.168,11.545],[78.202,11.549],[78.207,11.561],[78.246,11.552],[78.267,11.556],[78.273,11.575],[78.305,11.585],[78.309,11.561],[78.329,11.555],[78.324,11.541],[78.332,11.53],[78.345,11.536],[78.345,11.545],[78.368,11.574],[78.383,11.573],[78.387,11.582],[78.418,11.586],[78.435,11.593],[78.452,11.593],[78.45,11.561],[78.461,11.556],[78.454,11.538],[78.472,11.515],[78.464,11.494],[78.441,11.493],[78.428,11.465],[78.444,11.45],[78.447,11.438],[78.446,11.398],[78.469,11.405],[78.486,11.403],[78.498,11.403],[78.525,11.371],[78.552,11.357],[78.556,11.315],[78.578,11.315],[78.609,11.336],[78.619,11.334],[78.643,11.342],[78.665,11.372],[78.651,11.404],[78.652,11.42],[78.675,11.425],[78.688,11.432],[78.7,11.453],[78.716,11.454],[78.741,11.447],[78.758,11.434],[78.786,11.39],[78.799,11.383],[78.822,11.425],[78.818,11.437],[78.791,11.452],[78.8,11.48],[78.81,11.481],[78.816,11.507],[78.835,11.505],[78.845,11.52],[78.836,11.538],[78.816,11.546],[78.817,11.556],[78.829,11.576],[78.817,11.588],[78.779,11.604],[78.79,11.622],[78.785,11.645],[78.804,11.657],[78.804,11.685],[78.782,11.699],[78.766,11.691],[78.735,11.687],[78.715,11.681],[78.707,11.686],[78.69,11.683],[78.678,11.667],[78.68,11.641],[78.66,11.644],[78.66,11.657],[78.651,11.664],[78.653,11.712],[78.638,11.718],[78.641,11.76],[78.663,11.776],[78.673,11.796],[78.69,11.799],[78.695,11.846],[78.687,11.852],[78.66,11.853],[78.651,11.862],[78.627,11.864]]]},"properties":{"DISTRICT":"Salem","ST_NM":"Tamil Nadu"}},
{"type":"Feature","geometry":{"type":"Polygon","coordinates":[[[84.68,21.735],[84.678,21.754],[84.655,21.767],[84.634,21.76],[84.614,21.765],[84.594,21.758],[84.573,21.767],[84.565,21.792],[84.529,21.813],[84.527,21.827],[84.531,21.85],[84.539,21.86],[84.527,21.873],[84.529,21.888],[84.515,21.9],[84.498,21.904],[84.497,21.915],[84.523,21.923],[84.523,21.956],[84.529,21.974],[84.504,21.978],[84.51,21.991],[84.508,22.011],[84.53,22.045],[84.514,22.053],[84.51,22.068],[84.513,22.086],[84.502,22.087],[84.497,22.136],[84.483,22.166],[84.478,22.189],[84.421,22.172],[84.384,22.147],[84.366,22.149],[84.326,22.124],[84.299,22.116],[84.278,22.121],[84.279,22.108],[84.267,22.076],[84.274,22.058],[84.268,22.043],[84.27,22.014],[84.29,22.017],[84.296,22.032],[84.322,22.037],[84.338,22.031],[84.358,22.037],[84.369,22.027],[84.389,22.024],[84.389,22],[84.393,21.992],[84.376,21.975],[84.377,21.954],[84.356,21.924],[84.347,21.896],[84.327,21.857],[84.33,21.841],[84.315,21.826],[84.311,21.81],[84.297,21.796],[84.296,21.778],[84.287,21.762],[84.273,21.759],[84.247,21.769],[84.238,21.763],[84.221,21.766],[84.212,21.759],[84.19,21.754],[84.145,21.779],[84.115,21.789],[84.09,21.776],[84.064,21.774],[84.039,21.759],[84.028,21.781],[84.015,21.786],[83.995,21.756],[83.969,21.755],[83.953,21.743],[83.944,21.728],[83.949,21.72],[83.973,21.709],[83.969,21.691],[83.981,21.595],[83.974,21.577],[83.964,21.571],[83.941,21.577],[83.901,21.574],[83.886,21.575],[83.86,21.587],[83.846,21.586],[83.823,21.594],[83.815,21.591],[83.8,21.566],[83.815,21.54],[83.847,21.527],[83.873,21.476],[83.877,21.454],[83.887,21.439],[83.884,21.428],[83.85,21.416],[83.852,21.405],[83.881,21.39],[83.883,21.35],[83.878,21.323],[83.872,21.311],[83.878,21.294],[83.892,21.297],[83.892,21.281],[83.913,21.246],[83.911,21.223],[83.896,21.178],[83.907,21.177],[83.935,21.159],[83.986,21.135],[83.985,21.118],[83.995,21.102],[83.991,21.079],[84.018,21.06],[84.035,21.055],[84.048,21.044],[84.071,21.051],[84.114,21.039],[84.148,21.036],[84.147,21.013],[84.156,21.001],[84.161,20.976],[84.195,20.977],[84.213,20.964],[84.228,20.935],[84.242,20.926],[84.275,20.924],[84.283,20.927],[84.332,20.952],[84.365,20.959],[84.407,20.979],[84.416,21.002],[84.43,21.009],[84.435,21.02],[84.411,21.031],[84.43,21.041],[84.442,21.035],[84.458,21.056],[84.485,21.083],[84.507,21.088],[84.535,21.089],[84.556,21.071],[84.572,21.066],[84.6,21.067],[84.631,21.083],[84.652,21.084],[84.679,21.064],[84.684,21.072],[84.671,21.086],[84.672,21.107],[84.686,21.149],[84.702,21.155],[84.726,21.149],[84.734,21.165],[84.745,21.171],[84.749,21.181],[84.741,21.197],[84.722,21.206],[84.728,21.224],[84.744,21.232],[84.761,21.233],[84.772,21.252],[84.758,21.258],[84.766,21.272],[84.741,21.29],[84.717,21.315],[84.692,21.32],[84.666,21.312],[84.632,21.276],[84.616,21.272],[84.602,21.259],[84.574,21.262],[84.57,21.321],[84.555,21.352],[84.549,21.372],[84.538,21.381],[84.5,21.363],[84.491,21.368],[84.496,21.383],[84.483,21.393],[84.493,21.412],[84.482,21.424],[84.494,21.445],[84.488,21.462],[84.492,21.486],[84.5,21.501],[84.484,21.506],[84.505,21.537],[84.512,21.559],[84.539,21.566],[84.54,21.579],[84.553,21.592],[84.528,21.623],[84.517,21.619],[84.491,21.638],[84.502,21.672],[84.513,21.683],[84.538,21.676],[84.559,21.683],[84.57,21.699],[84.579,21.7],[84.628,21.695],[84.639,21.704],[84.643,21.724],[84.652,21.74],[84.68,21.735]]]},"properties":{"DISTRICT":"Sambalpur","ST_NM":"Odisha"}},
{"type":"Feature","geometry":{"type":"Polygon","coordinates":[[[78.508,10.375],[78.508,10.387],[78.458,10.407],[78.446,10.407],[78.44,10.387],[78.447,10.372],[78.437,10.363],[78.416,10.362],[78.391,10.316],[78.381,10.309],[78.388,10.269],[78.404,10.275],[78.424,10.268],[78.423,10.257],[78.396,10.246],[78.399,10.226],[78.413,10.213],[78.396,10.178],[78.4,10.165],[78.415,10.159],[78.404,10.137],[78.427,10.131],[78.434,10.134],[78.452,10.119],[78.47,10.118],[78.469,10.108],[78.458,10.1],[78.458,10.082],[78.452,10.06],[78.429,10.052],[78.432,10.037],[78.446,10.033],[78.462,10.011],[78.455,9.982],[78.458,9.968],[78.394,9.953],[78.378,9.963],[78.373,9.933],[78.356,9.938],[78.34,9.935],[78.32,9.923],[78.314,9.899],[78.318,9.882],[78.313,9.865],[78.299,9.861],[78.289,9.869],[78.254,9.872],[78.265,9.857],[78.26,9.834],[78.24,9.846],[78.248,9.858],[78.224,9.864],[78.204,9.875],[78.18,9.867],[78.167,9.875],[78.156,9.873],[78.154,9.85],[78.14,9.855],[78.127,9.843],[78.14,9.811],[78.158,9.827],[78.173,9.828],[78.193,9.807],[78.177,9.771],[78.171,9.782],[78.171,9.798],[78.143,9.806],[78.146,9.784],[78.14,9.761],[78.139,9.762],[78.153,9.752],[78.173,9.748],[78.199,9.767],[78.21,9.78],[78.239,9.757],[78.276,9.739],[78.272,9.722],[78.28,9.714],[78.274,9.701],[78.276,9.685],[78.285,9.678],[78.303,9.676],[78.296,9.691],[78.309,9.715],[78.323,9.731],[78.328,9.723],[78.321,9.703],[78.344,9.673],[78.365,9.654],[78.376,9.657],[78.393,9.649],[78.389,9.631],[78.416,9.618],[78.419,9.596],[78.451,9.619],[78.477,9.611],[78.503,9.608],[78.497,9.598],[78.517,9.582],[78.542,9.585],[78.598,9.554],[78.609,9.552],[78.617,9.536],[78.634,9.531],[78.656,9.519],[78.654,9.543],[78.675,9.555],[78.684,9.566],[78.679,9.598],[78.708,9.598],[78.754,9.577],[78.773,9.584],[78.786,9.584],[78.82,9.593],[78.823,9.615],[78.794,9.625],[78.785,9.651],[78.793,9.667],[78.793,9.686],[78.8,9.691],[78.776,9.719],[78.752,9.716],[78.746,9.709],[78.725,9.709],[78.721,9.731],[78.709,9.735],[78.716,9.749],[78.744,9.747],[78.762,9.772],[78.778,9.775],[78.776,9.79],[78.804,9.773],[78.823,9.774],[78.827,9.758],[78.817,9.74],[78.825,9.724],[78.849,9.74],[78.858,9.754],[78.884,9.754],[78.901,9.784],[78.884,9.799],[78.884,9.818],[78.873,9.861],[78.883,9.881],[78.904,9.88],[78.902,9.894],[78.917,9.916],[78.931,9.923],[78.957,9.921],[78.968,9.937],[78.991,9.945],[79.001,9.954],[79.001,9.973],[79.014,9.983],[78.995,9.99],[78.975,9.99],[78.965,10.008],[78.956,10.007],[78.93,10.022],[78.929,10.046],[78.944,10.059],[78.935,10.072],[78.95,10.088],[78.962,10.095],[78.971,10.082],[78.986,10.088],[78.977,10.102],[78.972,10.121],[78.95,10.106],[78.928,10.114],[78.909,10.129],[78.907,10.152],[78.896,10.148],[78.884,10.153],[78.878,10.143],[78.847,10.125],[78.847,10.137],[78.833,10.138],[78.831,10.151],[78.817,10.169],[78.824,10.196],[78.811,10.211],[78.786,10.205],[78.768,10.193],[78.768,10.164],[78.731,10.159],[78.728,10.168],[78.708,10.174],[78.692,10.147],[78.672,10.154],[78.665,10.178],[78.672,10.205],[78.651,10.225],[78.647,10.258],[78.636,10.266],[78.613,10.269],[78.581,10.285],[78.573,10.256],[78.554,10.247],[78.537,10.253],[78.516,10.223],[78.517,10.212],[78.508,10.187],[78.489,10.189],[78.473,10.203],[78.489,10.232],[78.477,10.245],[78.466,10.24],[78.451,10.245],[78.454,10.265],[78.475,10.268],[78.489,10.263],[78.515,10.265],[78.517,10.305],[78.522,10.326],[78.512,10.343],[78.497,10.352],[78.508,10.375]]]},"properties":{"DISTRICT":"Sivaganga","ST_NM":"Tamil Nadu"}},
{"type":"Feature","geometry":{"type":"Polygon","coordinates":[[[83.896,21.178],[83.888,21.177],[83.874,21.158],[83.852,21.106],[83.845,21.097],[83.827,21.101],[83.8,21.116],[83.787,21.135],[83.782,21.155],[83.77,21.155],[83.764,21.144],[83.749,21.141],[83.718,21.121],[83.688,21.117],[83.681,21.125],[83.655,21.13],[83.614,21.129],[83.6,21.111],[83.552,21.077],[83.515,21.06],[83.498,21.062],[83.493,21.042],[83.466,21.06],[83.459,21.055],[83.451,21.019],[83.471,20.998],[83.489,20.997],[83.509,20.983],[83.536,20.985],[83.575,20.975],[83.626,20.985],[83.642,20.98],[83.638,20.969],[83.62,20.947],[83.616,20.918],[83.621,20.904],[83.58,20.873],[83.576,20.847],[83.62,20.832],[83.624,20.816],[83.597,20.822],[83.599,20.801],[83.618,20.804],[83.636,20.797],[83.638,20.772],[83.659,20.77],[83.652,20.756],[83.659,20.746],[83.678,20.742],[83.669,20.712],[83.653,20.689],[83.64,20.68],[83.63,20.658],[83.622,20.631],[83.596,20.604],[83.603,20.573],[83.596,20.55],[83.606,20.53],[83.611,20.528],[83.653,20.54],[83.673,20.555],[83.689,20.561],[83.713,20.59],[83.731,20.606],[83.733,20.625],[83.719,20.64],[83.739,20.675],[83.744,20.697],[83.759,20.716],[83.761,20.742],[83.765,20.754],[83.763,20.775],[83.776,20.794],[83.788,20.803],[83.852,20.823],[83.87,20.814],[83.891,20.814],[83.905,20.819],[83.935,20.839],[83.991,20.842],[84.027,20.836],[84.038,20.827],[84.061,20.835],[84.113,20.846],[84.13,20.854],[84.151,20.87],[84.218,20.902],[84.248,20.898],[84.268,20.889],[84.271,20.914],[84.283,20.927],[84.275,20.924],[84.242,20.926],[84.228,20.935],[84.213,20.964],[84.195,20.977],[84.161,20.976],[84.156,21.001],[84.147,21.013],[84.148,21.036],[84.114,21.039],[84.071,21.051],[84.048,21.044],[84.035,21.055],[84.018,21.06],[83.991,21.079],[83.995,21.102],[83.985,21.118],[83.986,21.135],[83.935,21.159],[83.907,21.177],[83.896,21.178]]]},"properties":{"DISTRICT":"Subarnapur","ST_NM":"Odisha"}},
{"type":"Feature","geometry":{"type":"MultiPolygon","coordinates":[[[[88.822,22.362],[88.822,22.374],[88.807,22.376],[88.789,22.37],[88.765,22.396],[88.744,22.404],[88.733,22.424],[88.707,22.432],[88.711,22.448],[88.706,22.458],[88.668,22.491],[88.659,22.506],[88.655,22.523],[88.629,22.559],[88.629,22.574],[88.597,22.596],[88.597,22.614],[88.583,22.615],[88.56,22.626],[88.558,22.612],[88.542,22.576],[88.527,22.561],[88.511,22.556],[88.489,22.558],[88.476,22.575],[88.448,22.564],[88.416,22.58],[88.411,22.56],[88.383,22.527],[88.375,22.526],[88.368,22.499],[88.35,22.499],[88.332,22.507],[88.292,22.518],[88.29,22.536],[88.274,22.555],[88.247,22.561],[88.237,22.544],[88.245,22.527],[88.228,22.517],[88.212,22.515],[88.195,22.504],[88.166,22.48],[88.128,22.474],[88.12,22.464],[88.141,22.422],[88.142,22.408],[88.099,22.376],[88.093,22.357],[88.1,22.349],[88.098,22.302],[88.105,22.296],[88.089,22.263],[88.083,22.231],[88.073,22.21],[88.117,22.209],[88.129,22.203],[88.164,22.198],[88.188,22.187],[88.211,22.149],[88.211,22.132],[88.224,22.09],[88.222,22.068],[88.214,22.035],[88.196,22.004],[88.179,21.982],[88.154,21.96],[88.161,21.945],[88.174,21.934],[88.176,21.92],[88.164,21.879],[88.178,21.849],[88.201,21.819],[88.218,21.777],[88.217,21.764],[88.282,21.755],[88.279,21.77],[88.265,21.786],[88.258,21.801],[88.26,21.81],[88.269,21.818],[88.306,21.831],[88.314,21.845],[88.311,21.855],[88.326,21.862],[88.339,21.861],[88.355,21.856],[88.356,21.82],[88.364,21.798],[88.382,21.792],[88.392,21.803],[88.386,21.839],[88.394,21.852],[88.397,21.886],[88.412,21.887],[88.416,21.901],[88.424,21.908],[88.432,21.903],[88.442,21.911],[88.462,21.918],[88.458,21.898],[88.474,21.895],[88.483,21.91],[88.502,21.915],[88.521,21.912],[88.509,21.905],[88.495,21.885],[88.499,21.874],[88.528,21.853],[88.548,21.882],[88.539,21.899],[88.545,21.906],[88.578,21.89],[88.602,21.907],[88.615,21.938],[88.598,21.968],[88.6,21.983],[88.614,22.02],[88.635,22.043],[88.627,22.057],[88.619,22.105],[88.626,22.13],[88.64,22.143],[88.638,22.155],[88.664,22.185],[88.673,22.205],[88.642,22.207],[88.631,22.223],[88.657,22.25],[88.665,22.273],[88.671,22.273],[88.658,22.239],[88.637,22.224],[88.639,22.213],[88.671,22.216],[88.681,22.21],[88.699,22.21],[88.734,22.196],[88.75,22.22],[88.744,22.229],[88.772,22.251],[88.79,22.259],[88.796,22.275],[88.807,22.283],[88.808,22.285],[88.814,22.319],[88.806,22.332],[88.82,22.36],[88.822,22.362]]],[[[88.137,21.875],[88.122,21.866],[88.072,21.778],[88.061,21.734],[88.044,21.718],[88.037,21.674],[88.042,21.649],[88.062,21.638],[88.09,21.629],[88.116,21.626],[88.135,21.629],[88.155,21.653],[88.154,21.693],[88.171,21.745],[88.171,21.765],[88.164,21.8],[88.17,21.817],[88.157,21.83],[88.137,21.875]]],[[[88.705,22.207],[88.685,22.208],[88.678,22.184],[88.653,22.163],[88.65,22.147],[88.638,22.122],[88.634,22.106],[88.652,22.081],[88.662,22.052],[88.663,22.024],[88.674,22.023],[88.702,22.007],[88.72,22.006],[88.74,22.02],[88.729,22.038],[88.702,22.049],[88.688,22.06],[88.683,22.08],[88.689,22.09],[88.723,22.113],[88.736,22.133],[88.754,22.145],[88.766,22.146],[88.789,22.169],[88.769,22.18],[88.765,22.192],[88.74,22.197],[88.732,22.194],[88.705,22.207]]],[[[88.227,21.762],[88.217,21.762],[88.212,21.72],[88.221,21.702],[88.201,21.691],[88.209,21.674],[88.226,21.675],[88.233,21.669],[88.235,21.635],[88.217,21.62],[88.233,21.608],[88.246,21.591],[88.241,21.575],[88.248,21.564],[88.271,21.558],[88.292,21.563],[88.306,21.58],[88.289,21.596],[88.288,21.613],[88.293,21.637],[88.312,21.672],[88.284,21.707],[88.272,21.728],[88.261,21.732],[88.272,21.752],[88.227,21.762]]],[[[88.337,21.86],[88.324,21.86],[88.312,21.854],[88.315,21.845],[88.308,21.83],[88.266,21.814],[88.26,21.807],[88.264,21.794],[88.282,21.791],[88.304,21.761],[88.31,21.731],[88.306,21.718],[88.317,21.709],[88.332,21.711],[88.345,21.722],[88.34,21.751],[88.343,21.76],[88.357,21.767],[88.378,21.769],[88.38,21.787],[88.361,21.796],[88.352,21.82],[88.351,21.855],[88.337,21.86]]],[[[88.445,21.905],[88.436,21.902],[88.42,21.903],[88.417,21.887],[88.4,21.873],[88.401,21.857],[88.393,21.833],[88.403,21.798],[88.418,21.812],[88.424,21.812],[88.427,21.81],[88.431,21.8],[88.443,21.802],[88.454,21.822],[88.491,21.85],[88.484,21.885],[88.461,21.894],[88.445,21.905]]],[[[88.545,21.81],[88.529,21.802],[88.505,21.773],[88.504,21.751],[88.525,21.718],[88.533,21.731],[88.542,21.738],[88.553,21.737],[88.561,21.731],[88.573,21.736],[88.562,21.76],[88.569,21.794],[88.545,21.81]]],[[[88.679,22.017],[88.653,22.019],[88.635,21.996],[88.628,21.968],[88.632,21.953],[88.657,21.954],[88.678,21.943],[88.692,21.956],[88.692,21.97],[88.716,22.001],[88.679,22.017]]],[[[88.414,21.729],[88.402,21.738],[88.386,21.726],[88.402,21.72],[88.399,21.699],[88.38,21.681],[88.387,21.647],[88.383,21.63],[88.387,21.613],[88.402,21.596],[88.413,21.621],[88.432,21.628],[88.411,21.66],[88.413,21.691],[88.429,21.703],[88.414,21.729]]],[[[88.55,21.736],[88.535,21.732],[88.526,21.717],[88.517,21.712],[88.527,21.692],[88.533,21.666],[88.528,21.656],[88.541,21.64],[88.568,21.665],[88.566,21.693],[88.586,21.699],[88.586,21.711],[88.571,21.733],[88.559,21.73],[88.55,21.736]]],[[[88.537,21.639],[88.52,21.644],[88.524,21.627],[88.51,21.601],[88.537,21.588],[88.55,21.564],[88.576,21.574],[88.587,21.588],[88.584,21.611],[88.558,21.632],[88.537,21.639]]],[[[88.622,21.898],[88.603,21.876],[88.595,21.856],[88.606,21.846],[88.62,21.824],[88.612,21.818],[88.622,21.793],[88.639,21.785],[88.649,21.833],[88.653,21.869],[88.646,21.871],[88.632,21.872],[88.635,21.877],[88.627,21.887],[88.627,21.894],[88.622,21.898]]],[[[88.306,21.708],[88.317,21.665],[88.306,21.629],[88.312,21.608],[88.337,21.621],[88.354,21.649],[88.346,21.662],[88.351,21.678],[88.329,21.705],[88.306,21.708]]],[[[88.458,21.789],[88.443,21.794],[88.436,21.777],[88.423,21.766],[88.423,21.742],[88.433,21.704],[88.441,21.71],[88.455,21.711],[88.457,21.726],[88.467,21.737],[88.47,21.773],[88.475,21.791],[88.458,21.789]]],[[[88.455,21.709],[88.437,21.706],[88.42,21.69],[88.421,21.651],[88.451,21.621],[88.471,21.674],[88.455,21.709]]],[[[88.205,21.72],[88.188,21.708],[88.181,21.689],[88.183,21.672],[88.195,21.633],[88.205,21.61],[88.214,21.625],[88.232,21.641],[88.225,21.671],[88.2,21.675],[88.198,21.694],[88.217,21.701],[88.205,21.72]]],[[[88.424,21.811],[88.419,21.811],[88.383,21.78],[88.401,21.753],[88.404,21.738],[88.421,21.744],[88.423,21.771],[88.44,21.789],[88.441,21.801],[88.43,21.8],[88.424,21.811]]],[[[88.562,21.897],[88.548,21.904],[88.55,21.881],[88.541,21.87],[88.543,21.856],[88.531,21.849],[88.534,21.834],[88.545,21.826],[88.563,21.831],[88.573,21.859],[88.576,21.884],[88.562,21.897]]],[[[88.503,21.594],[88.486,21.588],[88.481,21.555],[88.506,21.541],[88.531,21.542],[88.53,21.583],[88.503,21.594]]],[[[88.364,21.764],[88.352,21.764],[88.343,21.754],[88.349,21.727],[88.338,21.71],[88.358,21.687],[88.385,21.701],[88.398,21.713],[88.365,21.722],[88.36,21.734],[88.36,21.745],[88.364,21.764]]],[[[88.61,21.79],[88.593,21.785],[88.589,21.78],[88.586,21.757],[88.621,21.74],[88.631,21.741],[88.623,21.773],[88.61,21.79]]],[[[88.577,21.691],[88.568,21.689],[88.571,21.666],[88.555,21.647],[88.558,21.635],[88.573,21.631],[88.592,21.618],[88.603,21.621],[88.599,21.641],[88.586,21.658],[88.577,21.691]]],[[[88.592,21.85],[88.581,21.839],[88.576,21.817],[88.585,21.802],[88.613,21.798],[88.605,21.836],[88.592,21.85]]],[[[88.64,21.922],[88.623,21.901],[88.629,21.894],[88.629,21.884],[88.636,21.879],[88.633,21.872],[88.653,21.873],[88.653,21.881],[88.667,21.913],[88.64,21.922]]],[[[88.302,21.724],[88.306,21.732],[88.299,21.767],[88.285,21.753],[88.278,21.728],[88.295,21.707],[88.302,21.724]]],[[[88.49,21.835],[88.45,21.811],[88.46,21.801],[88.486,21.799],[88.5,21.813],[88.49,21.835]]],[[[88.067,21.92],[88.088,21.933],[88.094,21.949],[88.125,21.995],[88.082,21.965],[88.066,21.928],[88.067,21.92]]],[[[88.582,21.778],[88.569,21.769],[88.584,21.745],[88.58,21.726],[88.592,21.719],[88.616,21.727],[88.616,21.741],[88.587,21.752],[88.584,21.761],[88.582,21.778]]],[[[88.386,21.764],[88.373,21.764],[88.361,21.747],[88.361,21.735],[88.381,21.737],[88.387,21.742],[88.386,21.764]]],[[[88.592,21.694],[88.581,21.684],[88.589,21.657],[88.604,21.671],[88.606,21.68],[88.592,21.694]]],[[[88.136,21.926],[88.122,21.924],[88.117,21.914],[88.129,21.899],[88.145,21.915],[88.136,21.926]]],[[[88.178,21.601],[88.17,21.6],[88.174,21.567],[88.186,21.577],[88.178,21.601]]],[[[88.505,21.913],[88.489,21.91],[88.477,21.898],[88.49,21.889],[88.499,21.896],[88.509,21.91],[88.505,21.913]]]]},"properties":{"DISTRICT":"South 24 Parganas","ST_NM":"West Bengal"}},
{"type":"Feature","geometry":{"type":"Polygon","coordinates":[[[84.769,19.08],[84.705,19.118],[84.701,19.128],[84.714,19.152],[84.709,19.16],[84.688,19.159],[84.672,19.165],[84.673,19.144],[84.668,19.131],[84.648,19.131],[84.617,19.126],[84.602,19.132],[84.61,19.105],[84.622,19.101],[84.627,19.085],[84.639,19.082],[84.652,19.093],[84.667,19.08],[84.662,19.061],[84.644,19.066],[84.62,19.064],[84.604,19.029],[84.585,19.028],[84.581,19.044],[84.585,19.071],[84.567,19.068],[84.561,19.056],[84.517,19.046],[84.485,19.017],[84.479,18.99],[84.437,19.01],[84.435,18.992],[84.448,18.976],[84.428,18.958],[84.423,18.947],[84.437,18.923],[84.417,18.9],[84.393,18.892],[84.391,18.878],[84.379,18.876],[84.37,18.86],[84.342,18.873],[84.345,18.845],[84.352,18.842],[84.352,18.821],[84.337,18.818],[84.34,18.801],[84.308,18.791],[84.291,18.8],[84.266,18.784],[84.254,18.783],[84.224,18.796],[84.187,18.778],[84.167,18.784],[84.143,18.776],[84.131,18.757],[84.122,18.764],[84.099,18.754],[84.073,18.761],[84.056,18.792],[84.015,18.813],[83.99,18.809],[83.963,18.812],[83.947,18.805],[83.941,18.816],[83.915,18.825],[83.878,18.827],[83.872,18.848],[83.851,18.86],[83.844,18.881],[83.85,18.897],[83.843,18.918],[83.825,18.918],[83.829,18.93],[83.821,18.942],[83.824,18.957],[83.81,18.99],[83.799,19.001],[83.796,19.016],[83.783,19.017],[83.775,19.007],[83.749,18.992],[83.749,18.975],[83.758,18.953],[83.769,18.953],[83.785,18.927],[83.778,18.91],[83.798,18.881],[83.82,18.862],[83.823,18.854],[83.824,18.833],[83.821,18.829],[83.809,18.827],[83.8,18.826],[83.77,18.824],[83.766,18.82],[83.761,18.814],[83.757,18.802],[83.756,18.79],[83.748,18.775],[83.685,18.804],[83.672,18.805],[83.653,18.784],[83.647,18.78],[83.64,18.776],[83.585,18.755],[83.572,18.74],[83.543,18.725],[83.526,18.7],[83.545,18.671],[83.541,18.62],[83.521,18.593],[83.52,18.559],[83.528,18.549],[83.541,18.549],[83.561,18.567],[83.584,18.561],[83.606,18.562],[83.61,18.55],[83.608,18.53],[83.609,18.52],[83.602,18.515],[83.594,18.511],[83.585,18.509],[83.563,18.505],[83.562,18.493],[83.59,18.471],[83.593,18.462],[83.571,18.453],[83.573,18.431],[83.56,18.431],[83.553,18.436],[83.547,18.438],[83.536,18.442],[83.53,18.433],[83.492,18.436],[83.48,18.442],[83.468,18.437],[83.455,18.443],[83.435,18.438],[83.414,18.415],[83.43,18.399],[83.441,18.402],[83.445,18.385],[83.429,18.379],[83.433,18.366],[83.43,18.346],[83.439,18.332],[83.441,18.313],[83.456,18.316],[83.458,18.312],[83.463,18.305],[83.466,18.299],[83.488,18.288],[83.5,18.298],[83.525,18.28],[83.532,18.265],[83.524,18.269],[83.521,18.266],[83.519,18.262],[83.521,18.242],[83.544,18.24],[83.559,18.225],[83.577,18.227],[83.575,18.202],[83.577,18.199],[83.58,18.197],[83.595,18.197],[83.611,18.19],[83.611,18.173],[83.604,18.168],[83.609,18.149],[83.626,18.134],[83.619,18.127],[83.634,18.111],[83.645,18.111],[83.67,18.083],[83.68,18.084],[83.703,18.102],[83.739,18.118],[83.777,18.139],[83.869,18.171],[83.881,18.188],[83.898,18.197],[83.933,18.208],[83.932,18.225],[83.954,18.214],[83.977,18.23],[84.006,18.244],[84.058,18.263],[84.075,18.279],[84.118,18.301],[84.126,18.313],[84.127,18.332],[84.112,18.341],[84.091,18.336],[84.073,18.326],[84.059,18.325],[84.029,18.34],[83.993,18.35],[83.996,18.36],[84.02,18.349],[84.061,18.336],[84.117,18.35],[84.135,18.35],[84.149,18.369],[84.222,18.442],[84.25,18.463],[84.283,18.495],[84.349,18.548],[84.304,18.532],[84.28,18.512],[84.274,18.519],[84.309,18.542],[84.31,18.554],[84.334,18.574],[84.363,18.576],[84.379,18.601],[84.412,18.636],[84.437,18.65],[84.437,18.664],[84.454,18.688],[84.493,18.734],[84.517,18.756],[84.555,18.786],[84.571,18.836],[84.58,18.843],[84.581,18.867],[84.598,18.875],[84.633,18.916],[84.669,18.946],[84.692,18.969],[84.718,19.01],[84.732,19.022],[84.723,19.038],[84.728,19.051],[84.743,19.059],[84.755,19.055],[84.769,19.08]]]},"properties":{"DISTRICT":"Srikakulam","ST_NM":"Andhra Pradesh"}},
{"type":"Feature","geometry":{"type":"Polygon","coordinates":[[[84.01,22.523],[84.001,22.531],[83.984,22.52],[83.983,22.504],[84.02,22.487],[84.029,22.474],[84.049,22.466],[84.047,22.435],[84.021,22.406],[84.009,22.383],[84.008,22.372],[83.985,22.367],[83.974,22.36],[83.959,22.363],[83.937,22.358],[83.923,22.362],[83.904,22.342],[83.879,22.341],[83.868,22.346],[83.85,22.329],[83.83,22.318],[83.828,22.298],[83.805,22.292],[83.786,22.277],[83.778,22.26],[83.753,22.243],[83.7,22.248],[83.686,22.243],[83.665,22.227],[83.653,22.227],[83.626,22.199],[83.613,22.16],[83.564,22.102],[83.607,22.068],[83.591,22.057],[83.546,22.058],[83.541,22.025],[83.556,22.009],[83.542,21.979],[83.542,21.966],[83.565,21.946],[83.56,21.935],[83.595,21.929],[83.608,21.913],[83.579,21.875],[83.591,21.856],[83.581,21.832],[83.593,21.826],[83.613,21.835],[83.613,21.846],[83.63,21.848],[83.643,21.817],[83.687,21.804],[83.696,21.791],[83.722,21.786],[83.761,21.836],[83.801,21.869],[83.811,21.861],[83.817,21.883],[83.83,21.878],[83.841,21.895],[83.865,21.911],[83.854,21.923],[83.881,21.924],[83.897,21.946],[83.928,21.942],[83.961,21.941],[83.973,21.913],[83.981,21.906],[84.007,21.924],[84.029,21.953],[84.049,21.948],[84.056,21.939],[84.079,21.937],[84.082,21.956],[84.089,21.961],[84.086,21.981],[84.094,21.999],[84.11,21.993],[84.116,22.009],[84.149,21.998],[84.172,21.999],[84.199,21.987],[84.207,21.978],[84.233,21.975],[84.247,21.983],[84.27,22.014],[84.268,22.043],[84.274,22.058],[84.267,22.076],[84.279,22.108],[84.278,22.121],[84.299,22.116],[84.326,22.124],[84.366,22.149],[84.384,22.147],[84.421,22.172],[84.478,22.189],[84.483,22.166],[84.497,22.136],[84.502,22.087],[84.513,22.086],[84.51,22.068],[84.514,22.053],[84.53,22.045],[84.508,22.011],[84.51,21.991],[84.504,21.978],[84.529,21.974],[84.523,21.956],[84.523,21.923],[84.497,21.915],[84.498,21.904],[84.515,21.9],[84.529,21.888],[84.527,21.873],[84.539,21.86],[84.531,21.85],[84.527,21.827],[84.529,21.813],[84.565,21.792],[84.573,21.767],[84.594,21.758],[84.614,21.765],[84.634,21.76],[84.655,21.767],[84.678,21.754],[84.68,21.735],[84.698,21.707],[84.721,21.715],[84.731,21.695],[84.749,21.681],[84.756,21.647],[84.756,21.628],[84.783,21.625],[84.793,21.668],[84.811,21.663],[84.866,21.652],[84.902,21.659],[84.909,21.669],[84.926,21.669],[84.943,21.66],[84.955,21.665],[84.96,21.683],[84.98,21.673],[85,21.682],[85.028,21.672],[85.03,21.632],[85.04,21.622],[85.037,21.607],[85.052,21.589],[85.088,21.603],[85.108,21.593],[85.131,21.598],[85.151,21.594],[85.155,21.605],[85.177,21.62],[85.192,21.624],[85.195,21.643],[85.184,21.654],[85.194,21.663],[85.189,21.679],[85.194,21.692],[85.187,21.708],[85.19,21.717],[85.214,21.738],[85.205,21.768],[85.214,21.791],[85.227,21.81],[85.244,21.804],[85.274,21.819],[85.282,21.834],[85.317,21.819],[85.349,21.834],[85.36,21.852],[85.36,21.879],[85.377,21.91],[85.374,21.934],[85.347,21.951],[85.316,21.958],[85.3,21.952],[85.273,21.962],[85.266,21.972],[85.237,21.997],[85.237,22.004],[85.221,22.014],[85.217,22.047],[85.19,22.059],[85.185,22.068],[85.171,22.069],[85.147,22.077],[85.125,22.07],[85.106,22.088],[85.105,22.1],[85.076,22.111],[85.05,22.114],[85.026,22.107],[85.009,22.083],[84.994,22.08],[84.987,22.095],[85.03,22.115],[85.038,22.141],[85.032,22.157],[85.054,22.178],[85.053,22.189],[85.076,22.234],[85.081,22.254],[85.077,22.275],[85.112,22.294],[85.121,22.294],[85.12,22.317],[85.092,22.32],[85.099,22.344],[85.08,22.352],[85.09,22.381],[85.081,22.416],[85.07,22.426],[85.063,22.448],[85.078,22.459],[85.08,22.476],[85.069,22.481],[85.058,22.482],[85.038,22.473],[85.001,22.461],[84.967,22.447],[84.959,22.456],[84.924,22.437],[84.914,22.422],[84.887,22.42],[84.884,22.445],[84.862,22.435],[84.842,22.43],[84.819,22.434],[84.808,22.446],[84.759,22.445],[84.75,22.417],[84.733,22.419],[84.698,22.415],[84.668,22.417],[84.639,22.431],[84.579,22.426],[84.55,22.42],[84.509,22.418],[84.481,22.404],[84.48,22.385],[84.462,22.378],[84.455,22.382],[84.434,22.367],[84.433,22.355],[84.401,22.346],[84.379,22.352],[84.331,22.341],[84.296,22.34],[84.273,22.35],[84.253,22.376],[84.201,22.374],[84.19,22.386],[84.159,22.403],[84.143,22.423],[84.14,22.448],[84.144,22.469],[84.136,22.476],[84.113,22.476],[84.086,22.491],[84.065,22.512],[84.04,22.514],[84.026,22.523],[84.01,22.523]]]},"properties":{"DISTRICT":"Sundargarh","ST_NM":"Odisha"}},
{"type":"Feature","geometry":{"type":"Polygon","coordinates":[[[79.515,10.968],[79.512,10.986],[79.535,11.009],[79.534,11.025],[79.519,11.025],[79.515,11.04],[79.537,11.067],[79.552,11.079],[79.542,11.086],[79.546,11.107],[79.562,11.135],[79.574,11.145],[79.545,11.158],[79.538,11.177],[79.525,11.182],[79.502,11.174],[79.482,11.162],[79.461,11.154],[79.432,11.117],[79.413,11.08],[79.395,11.062],[79.363,11.049],[79.313,11.015],[79.295,11.014],[79.275,10.988],[79.239,10.96],[79.222,10.943],[79.205,10.946],[79.18,10.938],[79.145,10.938],[79.108,10.922],[79.084,10.923],[79.07,10.911],[79.057,10.888],[79.035,10.883],[79.007,10.889],[79,10.892],[78.944,10.887],[78.928,10.867],[78.855,10.844],[78.818,10.836],[78.797,10.837],[78.801,10.823],[78.864,10.826],[78.871,10.815],[78.864,10.802],[78.87,10.786],[78.879,10.787],[78.865,10.734],[78.871,10.706],[78.908,10.671],[78.938,10.686],[78.958,10.663],[78.971,10.665],[78.971,10.679],[78.984,10.683],[78.99,10.718],[79,10.722],[79.01,10.698],[79.02,10.691],[79.018,10.674],[79.042,10.677],[79.064,10.668],[79.071,10.636],[79.104,10.622],[79.128,10.633],[79.146,10.603],[79.144,10.586],[79.165,10.587],[79.184,10.575],[79.192,10.561],[79.184,10.555],[79.187,10.54],[79.17,10.531],[79.16,10.531],[79.143,10.513],[79.14,10.498],[79.154,10.474],[79.173,10.477],[79.192,10.459],[79.175,10.458],[79.176,10.446],[79.159,10.446],[79.15,10.459],[79.132,10.426],[79.155,10.399],[79.146,10.383],[79.144,10.366],[79.15,10.343],[79.134,10.334],[79.122,10.307],[79.122,10.286],[79.132,10.273],[79.128,10.252],[79.117,10.251],[79.117,10.237],[79.146,10.236],[79.144,10.219],[79.181,10.218],[79.175,10.2],[79.164,10.205],[79.153,10.197],[79.16,10.181],[79.152,10.167],[79.183,10.161],[79.204,10.16],[79.21,10.145],[79.229,10.14],[79.24,10.175],[79.25,10.189],[79.262,10.194],[79.278,10.214],[79.272,10.226],[79.276,10.238],[79.299,10.264],[79.318,10.272],[79.329,10.286],[79.353,10.29],[79.388,10.322],[79.402,10.325],[79.439,10.325],[79.473,10.319],[79.475,10.345],[79.503,10.347],[79.505,10.369],[79.491,10.373],[79.462,10.375],[79.48,10.398],[79.46,10.418],[79.46,10.433],[79.475,10.444],[79.484,10.487],[79.455,10.493],[79.469,10.51],[79.453,10.521],[79.442,10.522],[79.427,10.541],[79.448,10.549],[79.427,10.56],[79.421,10.548],[79.399,10.555],[79.4,10.572],[79.389,10.582],[79.363,10.578],[79.35,10.585],[79.345,10.624],[79.353,10.628],[79.351,10.646],[79.341,10.657],[79.317,10.66],[79.318,10.686],[79.306,10.708],[79.306,10.725],[79.3,10.735],[79.312,10.745],[79.319,10.737],[79.341,10.738],[79.363,10.752],[79.36,10.765],[79.345,10.765],[79.345,10.781],[79.369,10.808],[79.33,10.808],[79.308,10.818],[79.293,10.839],[79.297,10.85],[79.293,10.871],[79.277,10.871],[79.274,10.897],[79.284,10.899],[79.289,10.923],[79.304,10.937],[79.33,10.929],[79.33,10.915],[79.35,10.908],[79.372,10.893],[79.391,10.895],[79.413,10.883],[79.467,10.862],[79.481,10.868],[79.49,10.884],[79.508,10.895],[79.493,10.905],[79.489,10.922],[79.5,10.937],[79.516,10.939],[79.515,10.968]],[[79.241,10.497],[79.241,10.483],[79.223,10.479],[79.22,10.493],[79.241,10.497]]]},"properties":{"DISTRICT":"Thanjavur","ST_NM":"Tamil Nadu"}},
{"type":"Feature","geometry":{"type":"Polygon","coordinates":[[[76.847,11.582],[76.845,11.592],[76.826,11.605],[76.761,11.614],[76.634,11.611],[76.617,11.608],[76.583,11.613],[76.562,11.62],[76.549,11.678],[76.521,11.701],[76.512,11.705],[76.493,11.689],[76.482,11.685],[76.459,11.662],[76.431,11.666],[76.442,11.641],[76.429,11.632],[76.388,11.629],[76.379,11.6],[76.343,11.585],[76.336,11.595],[76.306,11.571],[76.298,11.587],[76.278,11.6],[76.233,11.571],[76.25,11.531],[76.241,11.525],[76.252,11.501],[76.248,11.466],[76.266,11.48],[76.286,11.481],[76.329,11.452],[76.342,11.466],[76.37,11.455],[76.399,11.435],[76.419,11.441],[76.417,11.422],[76.457,11.389],[76.482,11.383],[76.519,11.368],[76.518,11.354],[76.547,11.359],[76.549,11.328],[76.54,11.317],[76.54,11.303],[76.523,11.269],[76.497,11.259],[76.455,11.238],[76.452,11.207],[76.447,11.202],[76.462,11.187],[76.476,11.193],[76.475,11.206],[76.515,11.209],[76.531,11.198],[76.587,11.204],[76.612,11.203],[76.633,11.193],[76.688,11.226],[76.689,11.235],[76.707,11.239],[76.701,11.255],[76.713,11.257],[76.734,11.245],[76.769,11.261],[76.767,11.283],[76.773,11.288],[76.79,11.277],[76.8,11.291],[76.843,11.286],[76.856,11.292],[76.863,11.306],[76.851,11.338],[76.892,11.365],[76.909,11.348],[76.964,11.383],[76.984,11.4],[76.979,11.411],[76.984,11.438],[77,11.431],[77.012,11.433],[77.014,11.451],[76.994,11.478],[76.997,11.509],[77.011,11.515],[77.007,11.544],[76.975,11.556],[76.973,11.564],[76.941,11.576],[76.909,11.576],[76.89,11.57],[76.877,11.577],[76.859,11.575],[76.847,11.582]]]},"properties":{"DISTRICT":"The Nilgiris","ST_NM":"Tamil Nadu"}},
{"type":"Feature","geometry":{"type":"Polygon","coordinates":[[[77.711,10.02],[77.71,10.079],[77.699,10.086],[77.701,10.103],[77.675,10.116],[77.673,10.144],[77.691,10.145],[77.696,10.136],[77.717,10.129],[77.724,10.139],[77.723,10.161],[77.701,10.19],[77.692,10.196],[77.67,10.196],[77.659,10.189],[77.636,10.206],[77.612,10.212],[77.602,10.199],[77.569,10.18],[77.568,10.191],[77.551,10.2],[77.547,10.186],[77.513,10.159],[77.5,10.16],[77.489,10.146],[77.474,10.144],[77.465,10.128],[77.437,10.13],[77.411,10.143],[77.408,10.154],[77.394,10.159],[77.372,10.136],[77.362,10.147],[77.343,10.132],[77.33,10.138],[77.325,10.125],[77.304,10.135],[77.284,10.116],[77.268,10.121],[77.239,10.127],[77.202,10.105],[77.209,10.083],[77.219,10.077],[77.264,10.025],[77.255,10.012],[77.265,9.982],[77.276,9.973],[77.265,9.952],[77.255,9.952],[77.237,9.932],[77.232,9.915],[77.219,9.903],[77.221,9.887],[77.214,9.875],[77.239,9.852],[77.224,9.823],[77.234,9.822],[77.248,9.806],[77.249,9.798],[77.225,9.789],[77.228,9.764],[77.221,9.746],[77.223,9.731],[77.205,9.724],[77.207,9.695],[77.195,9.669],[77.181,9.657],[77.17,9.623],[77.171,9.61],[77.19,9.606],[77.201,9.615],[77.239,9.582],[77.246,9.585],[77.266,9.574],[77.277,9.576],[77.302,9.596],[77.32,9.602],[77.337,9.577],[77.357,9.587],[77.361,9.577],[77.352,9.566],[77.363,9.558],[77.367,9.536],[77.387,9.518],[77.403,9.526],[77.429,9.546],[77.457,9.54],[77.477,9.549],[77.478,9.563],[77.464,9.579],[77.487,9.606],[77.488,9.614],[77.506,9.636],[77.505,9.649],[77.526,9.661],[77.537,9.676],[77.546,9.704],[77.569,9.748],[77.6,9.777],[77.607,9.794],[77.625,9.823],[77.618,9.838],[77.623,9.863],[77.637,9.873],[77.65,9.891],[77.657,9.919],[77.667,9.915],[77.681,9.934],[77.675,9.955],[77.683,9.969],[77.693,9.968],[77.698,10.013],[77.711,10.02]]]},"properties":{"DISTRICT":"Theni","ST_NM":"Tamil Nadu"}},
{"type":"Feature","geometry":{"type":"Polygon","coordinates":[[[80.303,13.141],[80.315,13.178],[80.333,13.245],[80.342,13.27],[80.346,13.312],[80.333,13.402],[80.328,13.385],[80.289,13.403],[80.291,13.421],[80.287,13.44],[80.311,13.432],[80.318,13.452],[80.302,13.476],[80.293,13.498],[80.284,13.534],[80.27,13.563],[80.265,13.56],[80.253,13.506],[80.242,13.468],[80.225,13.483],[80.18,13.488],[80.148,13.494],[80.147,13.504],[80.113,13.508],[80.111,13.492],[80.08,13.491],[80.08,13.526],[80.09,13.537],[80.085,13.547],[80.063,13.544],[80.058,13.535],[80.042,13.537],[80.02,13.545],[80.002,13.54],[80.003,13.523],[80.019,13.528],[80.032,13.515],[80.05,13.512],[80.049,13.498],[80.018,13.501],[79.986,13.48],[79.974,13.464],[79.976,13.431],[79.963,13.421],[79.945,13.417],[79.948,13.398],[79.966,13.387],[79.938,13.349],[79.923,13.357],[79.917,13.346],[79.883,13.325],[79.872,13.327],[79.864,13.316],[79.813,13.317],[79.8,13.297],[79.792,13.295],[79.767,13.315],[79.759,13.293],[79.734,13.285],[79.734,13.278],[79.765,13.257],[79.796,13.241],[79.757,13.208],[79.745,13.228],[79.728,13.227],[79.712,13.215],[79.702,13.224],[79.708,13.236],[79.684,13.248],[79.697,13.269],[79.681,13.294],[79.666,13.287],[79.645,13.286],[79.633,13.271],[79.614,13.28],[79.601,13.273],[79.598,13.26],[79.578,13.262],[79.554,13.291],[79.548,13.323],[79.535,13.328],[79.51,13.327],[79.491,13.334],[79.467,13.336],[79.429,13.334],[79.387,13.315],[79.418,13.297],[79.434,13.299],[79.431,13.278],[79.42,13.25],[79.423,13.224],[79.448,13.242],[79.458,13.229],[79.434,13.221],[79.433,13.197],[79.397,13.197],[79.381,13.188],[79.374,13.168],[79.36,13.175],[79.359,13.147],[79.362,13.138],[79.329,13.131],[79.32,13.109],[79.31,13.109],[79.311,13.127],[79.297,13.135],[79.286,13.133],[79.286,13.12],[79.301,13.09],[79.323,13.079],[79.347,13.061],[79.383,13.079],[79.417,13.083],[79.422,13.098],[79.402,13.106],[79.412,13.12],[79.412,13.136],[79.424,13.144],[79.437,13.125],[79.453,13.092],[79.476,13.113],[79.482,13.138],[79.505,13.137],[79.517,13.143],[79.529,13.136],[79.57,13.134],[79.572,13.122],[79.595,13.122],[79.592,13.142],[79.63,13.144],[79.636,13.147],[79.632,13.169],[79.645,13.178],[79.655,13.208],[79.671,13.201],[79.671,13.181],[79.692,13.19],[79.692,13.165],[79.704,13.16],[79.736,13.164],[79.74,13.136],[79.735,13.116],[79.717,13.105],[79.732,13.095],[79.741,13.074],[79.726,13.067],[79.749,13.05],[79.771,13.059],[79.787,13.053],[79.786,13.022],[79.799,13.027],[79.821,13],[79.825,12.963],[79.854,12.95],[79.896,12.946],[79.917,12.977],[79.901,12.988],[79.913,13.003],[79.929,12.991],[79.941,12.995],[79.944,13.007],[79.924,13.014],[79.905,13.015],[79.898,13.034],[79.904,13.051],[79.922,13.048],[79.922,13.037],[79.946,13.033],[79.971,13.047],[79.992,13.031],[79.998,13.052],[79.98,13.065],[79.988,13.091],[80.013,13.107],[80.015,13.132],[80.031,13.13],[80.06,13.135],[80.08,13.143],[80.113,13.132],[80.127,13.108],[80.123,13.092],[80.125,13.06],[80.131,13.051],[80.149,13.041],[80.148,13.03],[80.167,13.031],[80.19,13.025],[80.204,13.028],[80.214,13.027],[80.209,13.051],[80.212,13.064],[80.208,13.081],[80.215,13.104],[80.228,13.126],[80.255,13.122],[80.269,13.126],[80.277,13.14],[80.303,13.141]]]},"properties":{"DISTRICT":"Thiruvallur","ST_NM":"Tamil Nadu"}},
{"type":"Feature","geometry":{"type":"Polygon","coordinates":[[[79.747,10.997],[79.735,10.995],[79.703,11.013],[79.679,11.016],[79.643,11.008],[79.631,10.985],[79.608,10.98],[79.59,10.981],[79.559,10.974],[79.553,10.965],[79.532,10.964],[79.515,10.968],[79.516,10.939],[79.5,10.937],[79.489,10.922],[79.493,10.905],[79.508,10.895],[79.49,10.884],[79.481,10.868],[79.467,10.862],[79.413,10.883],[79.391,10.895],[79.372,10.893],[79.35,10.908],[79.33,10.915],[79.33,10.929],[79.304,10.937],[79.289,10.923],[79.284,10.899],[79.274,10.897],[79.277,10.871],[79.293,10.871],[79.297,10.85],[79.293,10.839],[79.308,10.818],[79.33,10.808],[79.369,10.808],[79.345,10.781],[79.345,10.765],[79.36,10.765],[79.363,10.752],[79.341,10.738],[79.319,10.737],[79.312,10.745],[79.3,10.735],[79.306,10.725],[79.306,10.708],[79.318,10.686],[79.317,10.66],[79.341,10.657],[79.351,10.646],[79.353,10.628],[79.345,10.624],[79.35,10.585],[79.363,10.578],[79.389,10.582],[79.4,10.572],[79.399,10.555],[79.421,10.548],[79.427,10.56],[79.448,10.549],[79.427,10.541],[79.442,10.522],[79.453,10.521],[79.469,10.51],[79.455,10.493],[79.484,10.487],[79.475,10.444],[79.46,10.433],[79.46,10.418],[79.48,10.398],[79.462,10.375],[79.491,10.373],[79.505,10.369],[79.503,10.347],[79.475,10.345],[79.473,10.319],[79.519,10.312],[79.538,10.327],[79.538,10.341],[79.55,10.349],[79.582,10.342],[79.6,10.348],[79.613,10.34],[79.611,10.33],[79.598,10.328],[79.556,10.33],[79.545,10.309],[79.564,10.308],[79.617,10.302],[79.652,10.29],[79.666,10.291],[79.72,10.28],[79.769,10.273],[79.773,10.282],[79.751,10.289],[79.748,10.3],[79.723,10.289],[79.7,10.295],[79.681,10.307],[79.648,10.316],[79.613,10.318],[79.638,10.338],[79.677,10.325],[79.638,10.359],[79.63,10.392],[79.633,10.411],[79.631,10.435],[79.641,10.445],[79.664,10.451],[79.69,10.451],[79.699,10.456],[79.682,10.477],[79.703,10.486],[79.697,10.509],[79.717,10.518],[79.729,10.534],[79.721,10.551],[79.697,10.554],[79.686,10.573],[79.695,10.59],[79.679,10.59],[79.666,10.611],[79.675,10.618],[79.677,10.634],[79.657,10.645],[79.67,10.657],[79.685,10.688],[79.66,10.709],[79.692,10.717],[79.691,10.737],[79.708,10.752],[79.701,10.764],[79.707,10.78],[79.731,10.798],[79.727,10.828],[79.705,10.824],[79.688,10.828],[79.687,10.815],[79.66,10.816],[79.65,10.801],[79.64,10.814],[79.654,10.825],[79.662,10.842],[79.653,10.853],[79.656,10.884],[79.671,10.902],[79.673,10.915],[79.692,10.931],[79.705,10.926],[79.708,10.912],[79.733,10.907],[79.742,10.909],[79.744,10.913],[79.746,10.918],[79.743,10.919],[79.743,10.922],[79.741,10.923],[79.738,10.92],[79.737,10.921],[79.738,10.926],[79.726,10.928],[79.727,10.933],[79.728,10.934],[79.721,10.934],[79.726,10.942],[79.73,10.943],[79.738,10.951],[79.736,10.956],[79.726,10.951],[79.721,10.95],[79.721,10.967],[79.729,10.967],[79.744,10.968],[79.757,10.959],[79.763,10.959],[79.763,10.965],[79.757,10.971],[79.755,10.974],[79.757,10.981],[79.755,10.985],[79.747,10.986],[79.747,10.997]]]},"properties":{"DISTRICT":"Thiruvarur","ST_NM":"Tamil Nadu"}},
{"type":"Feature","geometry":{"type":"Polygon","coordinates":[[[78.283,9.275],[78.284,9.286],[78.27,9.291],[78.225,9.296],[78.215,9.303],[78.211,9.325],[78.176,9.337],[78.168,9.353],[78.17,9.368],[78.15,9.371],[78.133,9.365],[78.078,9.357],[78.06,9.361],[78.053,9.343],[78.036,9.331],[78.045,9.305],[78.013,9.305],[78.011,9.273],[77.989,9.266],[77.985,9.254],[77.957,9.25],[77.945,9.219],[77.931,9.222],[77.922,9.202],[77.912,9.199],[77.881,9.206],[77.877,9.226],[77.882,9.243],[77.858,9.247],[77.848,9.242],[77.861,9.195],[77.855,9.182],[77.843,9.184],[77.842,9.167],[77.819,9.17],[77.811,9.175],[77.787,9.164],[77.746,9.161],[77.738,9.185],[77.708,9.186],[77.706,9.169],[77.693,9.157],[77.702,9.136],[77.676,9.136],[77.679,9.105],[77.69,9.1],[77.741,9.103],[77.746,9.076],[77.737,9.07],[77.709,9.071],[77.703,9.061],[77.713,9.044],[77.695,9.031],[77.699,9.001],[77.724,9],[77.73,8.981],[77.721,8.964],[77.705,8.968],[77.699,8.978],[77.682,8.966],[77.692,8.956],[77.695,8.929],[77.732,8.921],[77.747,8.932],[77.763,8.923],[77.763,8.888],[77.774,8.88],[77.797,8.882],[77.806,8.872],[77.822,8.844],[77.84,8.815],[77.854,8.801],[77.848,8.786],[77.818,8.771],[77.828,8.732],[77.813,8.68],[77.826,8.672],[77.809,8.656],[77.82,8.649],[77.82,8.631],[77.806,8.613],[77.786,8.616],[77.783,8.582],[77.808,8.57],[77.821,8.551],[77.813,8.53],[77.823,8.517],[77.832,8.488],[77.843,8.47],[77.833,8.454],[77.841,8.45],[77.834,8.431],[77.85,8.421],[77.861,8.399],[77.85,8.363],[77.886,8.349],[77.892,8.324],[77.914,8.322],[77.928,8.33],[77.95,8.335],[77.976,8.335],[78.041,8.358],[78.063,8.37],[78.06,8.381],[78.067,8.416],[78.105,8.463],[78.129,8.484],[78.133,8.499],[78.127,8.513],[78.125,8.536],[78.135,8.553],[78.142,8.591],[78.126,8.635],[78.139,8.677],[78.141,8.693],[78.16,8.716],[78.17,8.743],[78.19,8.762],[78.175,8.766],[78.165,8.758],[78.165,8.793],[78.172,8.88],[78.183,8.896],[78.192,8.928],[78.213,8.962],[78.268,9.001],[78.282,9.022],[78.307,9.029],[78.309,9.039],[78.341,9.055],[78.348,9.065],[78.391,9.094],[78.36,9.098],[78.36,9.114],[78.324,9.131],[78.291,9.135],[78.276,9.141],[78.29,9.167],[78.299,9.203],[78.273,9.202],[78.277,9.263],[78.283,9.275]]]},"properties":{"DISTRICT":"Thoothukkudi","ST_NM":"Tamil Nadu"}},
{"type":"Feature","geometry":{"type":"Polygon","coordinates":[[[78.665,11.372],[78.643,11.342],[78.619,11.334],[78.609,11.336],[78.578,11.315],[78.556,11.315],[78.552,11.357],[78.525,11.371],[78.498,11.403],[78.486,11.403],[78.481,11.386],[78.471,11.385],[78.456,11.35],[78.452,11.328],[78.466,11.311],[78.456,11.3],[78.451,11.277],[78.439,11.267],[78.44,11.256],[78.43,11.238],[78.421,11.21],[78.409,11.195],[78.381,11.187],[78.378,11.175],[78.382,11.138],[78.349,11.135],[78.343,11.111],[78.326,11.098],[78.338,11.081],[78.363,11.063],[78.36,11.045],[78.35,11.046],[78.345,11.024],[78.329,11.03],[78.324,11.056],[78.297,11.07],[78.275,11.076],[78.265,11.067],[78.248,11.091],[78.23,11.093],[78.236,11.066],[78.22,11.063],[78.204,11.072],[78.196,11.061],[78.183,11.067],[78.165,11.043],[78.184,11.039],[78.197,11.044],[78.195,11.021],[78.168,11.011],[78.168,11],[78.199,10.959],[78.219,10.958],[78.246,10.966],[78.28,10.966],[78.299,10.961],[78.329,10.958],[78.382,10.965],[78.427,10.947],[78.442,10.931],[78.478,10.908],[78.469,10.885],[78.478,10.881],[78.489,10.892],[78.533,10.877],[78.549,10.876],[78.577,10.85],[78.571,10.833],[78.587,10.829],[78.577,10.808],[78.554,10.812],[78.546,10.792],[78.57,10.775],[78.564,10.767],[78.567,10.737],[78.553,10.722],[78.526,10.708],[78.514,10.692],[78.474,10.704],[78.458,10.689],[78.433,10.692],[78.427,10.676],[78.416,10.672],[78.402,10.681],[78.403,10.692],[78.378,10.725],[78.347,10.72],[78.341,10.706],[78.33,10.709],[78.317,10.702],[78.294,10.702],[78.293,10.729],[78.283,10.744],[78.264,10.615],[78.256,10.606],[78.261,10.58],[78.246,10.558],[78.223,10.549],[78.198,10.547],[78.192,10.541],[78.172,10.502],[78.191,10.496],[78.208,10.472],[78.224,10.463],[78.235,10.468],[78.255,10.458],[78.297,10.449],[78.315,10.438],[78.307,10.408],[78.289,10.401],[78.28,10.387],[78.281,10.37],[78.305,10.35],[78.318,10.348],[78.338,10.326],[78.334,10.3],[78.365,10.293],[78.381,10.309],[78.391,10.316],[78.416,10.362],[78.437,10.363],[78.447,10.372],[78.44,10.387],[78.446,10.407],[78.458,10.407],[78.508,10.387],[78.508,10.375],[78.527,10.381],[78.53,10.4],[78.518,10.406],[78.525,10.436],[78.562,10.431],[78.588,10.456],[78.589,10.473],[78.571,10.487],[78.58,10.506],[78.569,10.515],[78.543,10.507],[78.53,10.486],[78.522,10.482],[78.498,10.484],[78.497,10.507],[78.485,10.511],[78.49,10.526],[78.483,10.539],[78.465,10.542],[78.465,10.574],[78.452,10.591],[78.451,10.605],[78.481,10.636],[78.528,10.627],[78.529,10.642],[78.519,10.65],[78.526,10.673],[78.548,10.675],[78.553,10.686],[78.57,10.679],[78.567,10.66],[78.596,10.657],[78.614,10.681],[78.623,10.676],[78.63,10.704],[78.659,10.703],[78.653,10.68],[78.654,10.656],[78.667,10.658],[78.668,10.672],[78.683,10.669],[78.683,10.686],[78.695,10.697],[78.688,10.727],[78.708,10.73],[78.724,10.713],[78.742,10.708],[78.747,10.687],[78.737,10.67],[78.745,10.646],[78.761,10.652],[78.79,10.647],[78.81,10.671],[78.821,10.693],[78.873,10.688],[78.871,10.706],[78.865,10.734],[78.879,10.787],[78.87,10.786],[78.864,10.802],[78.871,10.815],[78.864,10.826],[78.801,10.823],[78.797,10.837],[78.818,10.836],[78.855,10.844],[78.928,10.867],[78.944,10.887],[79,10.892],[79.007,10.889],[79,10.92],[78.98,10.933],[78.966,10.948],[78.953,10.949],[78.939,10.958],[78.953,10.969],[78.978,10.966],[78.986,10.976],[78.984,10.99],[79.01,11.007],[79.012,11.015],[79.009,11.057],[79.002,11.069],[78.987,11.075],[78.985,11.086],[78.966,11.094],[78.933,11.095],[78.884,11.101],[78.873,11.093],[78.846,11.088],[78.841,11.076],[78.809,11.08],[78.811,11.112],[78.762,11.122],[78.737,11.107],[78.734,11.098],[78.741,11.074],[78.72,11.073],[78.709,11.064],[78.701,11.071],[78.699,11.09],[78.68,11.129],[78.68,11.145],[78.673,11.164],[78.654,11.163],[78.679,11.193],[78.701,11.192],[78.709,11.21],[78.712,11.248],[78.725,11.258],[78.73,11.27],[78.751,11.284],[78.739,11.294],[78.733,11.321],[78.709,11.323],[78.687,11.319],[78.654,11.331],[78.651,11.338],[78.66,11.354],[78.674,11.359],[78.665,11.372]]]},"properties":{"DISTRICT":"Tiruchirappalli","ST_NM":"Tamil Nadu"}},
{"type":"Feature","geometry":{"type":"Polygon","coordinates":[[[77.848,9.242],[77.818,9.243],[77.798,9.256],[77.797,9.273],[77.776,9.277],[77.79,9.251],[77.773,9.236],[77.759,9.256],[77.759,9.266],[77.743,9.267],[77.735,9.28],[77.713,9.289],[77.661,9.284],[77.636,9.293],[77.625,9.292],[77.594,9.315],[77.592,9.344],[77.575,9.343],[77.561,9.353],[77.547,9.372],[77.531,9.376],[77.525,9.338],[77.497,9.334],[77.476,9.34],[77.473,9.328],[77.459,9.333],[77.466,9.349],[77.441,9.354],[77.452,9.37],[77.434,9.391],[77.411,9.394],[77.389,9.391],[77.361,9.41],[77.341,9.417],[77.344,9.403],[77.336,9.385],[77.337,9.36],[77.317,9.334],[77.301,9.336],[77.303,9.317],[77.283,9.3],[77.291,9.272],[77.284,9.271],[77.276,9.233],[77.284,9.218],[77.267,9.199],[77.269,9.152],[77.255,9.139],[77.25,9.127],[77.229,9.115],[77.213,9.097],[77.207,9.084],[77.209,9.071],[77.197,9.053],[77.171,9.045],[77.164,9.03],[77.149,9.02],[77.151,9.008],[77.176,8.987],[77.181,8.971],[77.198,8.955],[77.198,8.924],[77.211,8.93],[77.224,8.902],[77.242,8.894],[77.245,8.88],[77.258,8.877],[77.265,8.84],[77.235,8.806],[77.233,8.784],[77.201,8.769],[77.202,8.756],[77.195,8.743],[77.173,8.746],[77.185,8.716],[77.197,8.708],[77.209,8.679],[77.205,8.671],[77.217,8.649],[77.247,8.621],[77.247,8.606],[77.27,8.579],[77.287,8.568],[77.339,8.552],[77.363,8.541],[77.374,8.52],[77.39,8.523],[77.425,8.513],[77.448,8.498],[77.447,8.474],[77.463,8.468],[77.472,8.456],[77.465,8.428],[77.475,8.4],[77.493,8.38],[77.508,8.386],[77.54,8.388],[77.532,8.318],[77.541,8.315],[77.564,8.28],[77.563,8.265],[77.576,8.253],[77.567,8.246],[77.546,8.243],[77.55,8.223],[77.544,8.209],[77.553,8.193],[77.539,8.176],[77.552,8.158],[77.584,8.155],[77.591,8.142],[77.655,8.159],[77.673,8.156],[77.733,8.169],[77.753,8.179],[77.766,8.193],[77.787,8.203],[77.787,8.226],[77.814,8.246],[77.87,8.261],[77.89,8.271],[77.91,8.291],[77.948,8.306],[77.976,8.335],[77.95,8.335],[77.928,8.33],[77.914,8.322],[77.892,8.324],[77.886,8.349],[77.85,8.363],[77.861,8.399],[77.85,8.421],[77.834,8.431],[77.841,8.45],[77.833,8.454],[77.843,8.47],[77.832,8.488],[77.823,8.517],[77.813,8.53],[77.821,8.551],[77.808,8.57],[77.783,8.582],[77.786,8.616],[77.806,8.613],[77.82,8.631],[77.82,8.649],[77.809,8.656],[77.826,8.672],[77.813,8.68],[77.828,8.732],[77.818,8.771],[77.848,8.786],[77.854,8.801],[77.84,8.815],[77.822,8.844],[77.806,8.872],[77.797,8.882],[77.774,8.88],[77.763,8.888],[77.763,8.923],[77.747,8.932],[77.732,8.921],[77.695,8.929],[77.692,8.956],[77.682,8.966],[77.699,8.978],[77.705,8.968],[77.721,8.964],[77.73,8.981],[77.724,9],[77.699,9.001],[77.695,9.031],[77.713,9.044],[77.703,9.061],[77.709,9.071],[77.737,9.07],[77.746,9.076],[77.741,9.103],[77.69,9.1],[77.679,9.105],[77.676,9.136],[77.702,9.136],[77.693,9.157],[77.706,9.169],[77.708,9.186],[77.738,9.185],[77.746,9.161],[77.787,9.164],[77.811,9.175],[77.819,9.17],[77.842,9.167],[77.843,9.184],[77.855,9.182],[77.861,9.195],[77.848,9.242]]]},"properties":{"DISTRICT":"Tirunelveli","ST_NM":"Tamil Nadu"}},
{"type":"Feature","geometry":{"type":"Polygon","coordinates":[[[77.778,11.051],[77.732,11.079],[77.721,11.077],[77.693,11.096],[77.679,11.1],[77.655,11.115],[77.631,11.12],[77.603,11.114],[77.583,11.118],[77.566,11.11],[77.518,11.105],[77.5,11.114],[77.488,11.138],[77.479,11.14],[77.479,11.159],[77.467,11.158],[77.469,11.175],[77.51,11.181],[77.511,11.198],[77.502,11.2],[77.495,11.219],[77.47,11.246],[77.463,11.259],[77.467,11.27],[77.457,11.284],[77.458,11.304],[77.45,11.308],[77.408,11.314],[77.4,11.311],[77.365,11.337],[77.364,11.316],[77.334,11.309],[77.347,11.287],[77.332,11.255],[77.31,11.262],[77.297,11.271],[77.306,11.282],[77.285,11.288],[77.284,11.315],[77.292,11.328],[77.28,11.333],[77.267,11.317],[77.241,11.322],[77.22,11.337],[77.225,11.35],[77.198,11.341],[77.196,11.333],[77.176,11.339],[77.181,11.312],[77.166,11.313],[77.16,11.327],[77.15,11.333],[77.144,11.334],[77.144,11.303],[77.119,11.302],[77.111,11.292],[77.119,11.281],[77.141,11.281],[77.165,11.272],[77.158,11.26],[77.163,11.25],[77.142,11.214],[77.158,11.183],[77.156,11.162],[77.169,11.161],[77.169,11.144],[77.182,11.148],[77.197,11.141],[77.213,11.125],[77.233,11.135],[77.257,11.112],[77.213,11.088],[77.163,11.065],[77.159,11.055],[77.174,11.036],[77.168,11.01],[77.153,10.989],[77.161,10.977],[77.169,10.941],[77.175,10.923],[77.188,10.921],[77.204,10.905],[77.224,10.905],[77.253,10.89],[77.254,10.862],[77.273,10.851],[77.289,10.849],[77.289,10.812],[77.277,10.802],[77.28,10.787],[77.241,10.775],[77.224,10.778],[77.209,10.789],[77.215,10.803],[77.184,10.797],[77.165,10.8],[77.153,10.79],[77.15,10.766],[77.138,10.741],[77.137,10.706],[77.144,10.671],[77.164,10.648],[77.174,10.63],[77.165,10.605],[77.151,10.583],[77.122,10.584],[77.1,10.582],[77.081,10.57],[77.079,10.546],[77.082,10.515],[77.065,10.486],[77.071,10.462],[77.055,10.417],[77.079,10.381],[77.084,10.328],[77.095,10.308],[77.128,10.319],[77.176,10.355],[77.236,10.349],[77.236,10.338],[77.228,10.315],[77.246,10.286],[77.265,10.263],[77.259,10.254],[77.265,10.233],[77.289,10.23],[77.297,10.251],[77.309,10.244],[77.326,10.262],[77.343,10.261],[77.35,10.276],[77.339,10.303],[77.329,10.309],[77.327,10.325],[77.336,10.353],[77.315,10.355],[77.315,10.389],[77.321,10.421],[77.327,10.434],[77.325,10.45],[77.344,10.454],[77.353,10.446],[77.385,10.449],[77.383,10.494],[77.401,10.498],[77.405,10.522],[77.378,10.525],[77.369,10.536],[77.388,10.595],[77.418,10.625],[77.433,10.631],[77.447,10.629],[77.455,10.64],[77.482,10.649],[77.501,10.642],[77.51,10.625],[77.51,10.605],[77.533,10.605],[77.544,10.612],[77.549,10.634],[77.572,10.657],[77.585,10.682],[77.597,10.675],[77.64,10.668],[77.656,10.674],[77.665,10.715],[77.689,10.73],[77.702,10.73],[77.709,10.707],[77.71,10.687],[77.702,10.675],[77.701,10.658],[77.719,10.636],[77.73,10.63],[77.756,10.65],[77.752,10.663],[77.768,10.679],[77.789,10.684],[77.809,10.679],[77.808,10.694],[77.824,10.715],[77.821,10.732],[77.825,10.75],[77.812,10.757],[77.784,10.756],[77.769,10.766],[77.776,10.789],[77.793,10.789],[77.801,10.805],[77.836,10.784],[77.87,10.775],[77.891,10.773],[77.891,10.782],[77.875,10.787],[77.867,10.798],[77.875,10.807],[77.869,10.822],[77.869,10.839],[77.859,10.847],[77.839,10.832],[77.83,10.834],[77.816,10.855],[77.798,10.863],[77.792,10.877],[77.772,10.87],[77.772,10.888],[77.76,10.899],[77.761,10.922],[77.769,10.955],[77.753,10.963],[77.75,10.975],[77.779,10.994],[77.791,11.03],[77.781,11.038],[77.778,11.051]]]},"properties":{"DISTRICT":"Tiruppur","ST_NM":"Tamil Nadu"}},
{"type":"Feature","geometry":{"type":"Polygon","coordinates":[[[79.56,12.85],[79.54,12.86],[79.515,12.854],[79.49,12.872],[79.474,12.871],[79.474,12.85],[79.46,12.846],[79.462,12.828],[79.457,12.81],[79.465,12.786],[79.477,12.776],[79.457,12.755],[79.457,12.736],[79.477,12.727],[79.467,12.715],[79.462,12.684],[79.452,12.67],[79.431,12.66],[79.413,12.656],[79.409,12.648],[79.384,12.627],[79.369,12.633],[79.355,12.645],[79.364,12.656],[79.357,12.672],[79.37,12.68],[79.393,12.686],[79.382,12.708],[79.394,12.712],[79.397,12.725],[79.381,12.733],[79.377,12.721],[79.359,12.718],[79.358,12.697],[79.346,12.693],[79.345,12.728],[79.324,12.743],[79.298,12.746],[79.286,12.76],[79.288,12.78],[79.266,12.789],[79.255,12.822],[79.241,12.796],[79.209,12.784],[79.215,12.76],[79.206,12.74],[79.188,12.748],[79.176,12.744],[79.141,12.757],[79.075,12.752],[79.058,12.736],[79.056,12.718],[79.034,12.693],[79.024,12.69],[79.014,12.699],[78.996,12.703],[78.981,12.666],[78.947,12.68],[78.927,12.676],[78.915,12.684],[78.898,12.687],[78.886,12.66],[78.868,12.631],[78.86,12.634],[78.831,12.565],[78.819,12.53],[78.801,12.498],[78.792,12.498],[78.778,12.476],[78.782,12.467],[78.764,12.446],[78.771,12.424],[78.753,12.384],[78.736,12.377],[78.717,12.326],[78.712,12.305],[78.697,12.295],[78.692,12.283],[78.652,12.258],[78.653,12.239],[78.67,12.23],[78.67,12.209],[78.659,12.196],[78.644,12.204],[78.635,12.175],[78.649,12.162],[78.636,12.143],[78.636,12.127],[78.652,12.128],[78.667,12.113],[78.664,12.102],[78.688,12.107],[78.692,12.113],[78.741,12.134],[78.747,12.125],[78.726,12.091],[78.719,12.062],[78.706,12.027],[78.699,11.988],[78.718,11.98],[78.733,11.981],[78.761,12.009],[78.773,12.007],[78.807,12.017],[78.82,12.008],[78.842,12.009],[78.865,12.015],[78.88,12.025],[78.901,12.015],[78.918,12.014],[78.943,12.043],[78.946,12.052],[78.961,12.067],[79.019,12.065],[79.024,12.047],[79.054,12.037],[79.066,12.07],[79.087,12.08],[79.099,12.065],[79.089,12.044],[79.1,12.023],[79.114,12.025],[79.128,12.02],[79.14,12.039],[79.15,12.042],[79.167,12.032],[79.177,12.049],[79.191,12.049],[79.201,12.069],[79.235,12.062],[79.239,12.076],[79.261,12.081],[79.278,12.106],[79.279,12.123],[79.26,12.13],[79.248,12.146],[79.214,12.166],[79.216,12.183],[79.235,12.183],[79.235,12.197],[79.219,12.213],[79.239,12.234],[79.238,12.25],[79.247,12.277],[79.262,12.276],[79.276,12.304],[79.287,12.319],[79.251,12.322],[79.223,12.33],[79.241,12.351],[79.238,12.367],[79.249,12.378],[79.241,12.397],[79.227,12.401],[79.238,12.44],[79.248,12.445],[79.276,12.446],[79.308,12.439],[79.327,12.449],[79.348,12.442],[79.355,12.445],[79.402,12.435],[79.412,12.417],[79.43,12.402],[79.442,12.407],[79.45,12.395],[79.45,12.378],[79.475,12.366],[79.495,12.369],[79.492,12.35],[79.502,12.346],[79.522,12.355],[79.532,12.368],[79.557,12.364],[79.592,12.349],[79.604,12.37],[79.623,12.37],[79.62,12.351],[79.645,12.345],[79.647,12.359],[79.663,12.365],[79.664,12.383],[79.688,12.398],[79.696,12.398],[79.706,12.413],[79.706,12.426],[79.717,12.436],[79.736,12.428],[79.739,12.454],[79.75,12.455],[79.747,12.483],[79.734,12.493],[79.752,12.504],[79.757,12.518],[79.736,12.54],[79.717,12.549],[79.721,12.565],[79.707,12.571],[79.726,12.588],[79.692,12.6],[79.671,12.592],[79.646,12.61],[79.647,12.625],[79.634,12.631],[79.648,12.668],[79.684,12.668],[79.707,12.675],[79.745,12.694],[79.737,12.7],[79.739,12.716],[79.721,12.729],[79.742,12.732],[79.747,12.743],[79.729,12.756],[79.712,12.758],[79.703,12.776],[79.679,12.791],[79.673,12.777],[79.649,12.774],[79.639,12.785],[79.645,12.807],[79.64,12.816],[79.588,12.834],[79.583,12.841],[79.56,12.85]]]},"properties":{"DISTRICT":"Tiruvannamalai","ST_NM":"Tamil Nadu"}},
{"type":"Feature","geometry":{"type":"Polygon","coordinates":[[[88.461,25.593],[88.456,25.611],[88.46,25.64],[88.456,25.663],[88.435,25.668],[88.421,25.663],[88.408,25.68],[88.375,25.7],[88.376,25.714],[88.301,25.759],[88.289,25.773],[88.272,25.779],[88.278,25.789],[88.271,25.808],[88.237,25.803],[88.212,25.786],[88.185,25.794],[88.173,25.784],[88.158,25.783],[88.144,25.791],[88.116,25.796],[88.108,25.812],[88.106,25.845],[88.119,25.855],[88.099,25.872],[88.103,25.884],[88.094,25.894],[88.1,25.926],[88.126,25.943],[88.125,25.968],[88.149,25.997],[88.146,26.014],[88.18,26.022],[88.174,26.052],[88.186,26.063],[88.177,26.076],[88.163,26.079],[88.163,26.105],[88.176,26.118],[88.183,26.147],[88.218,26.173],[88.238,26.18],[88.253,26.193],[88.274,26.192],[88.311,26.207],[88.33,26.205],[88.354,26.222],[88.359,26.235],[88.351,26.264],[88.364,26.293],[88.398,26.318],[88.422,26.317],[88.418,26.333],[88.442,26.338],[88.453,26.36],[88.495,26.357],[88.513,26.361],[88.523,26.383],[88.495,26.425],[88.494,26.444],[88.487,26.46],[88.464,26.466],[88.448,26.462],[88.436,26.473],[88.419,26.466],[88.409,26.482],[88.398,26.476],[88.378,26.484],[88.364,26.48],[88.364,26.451],[88.346,26.468],[88.34,26.487],[88.345,26.497],[88.317,26.497],[88.298,26.49],[88.292,26.479],[88.271,26.486],[88.264,26.471],[88.243,26.449],[88.274,26.422],[88.262,26.416],[88.236,26.39],[88.244,26.375],[88.28,26.377],[88.296,26.351],[88.279,26.33],[88.268,26.338],[88.251,26.316],[88.233,26.304],[88.231,26.289],[88.201,26.274],[88.19,26.275],[88.183,26.262],[88.151,26.253],[88.145,26.231],[88.126,26.228],[88.081,26.181],[88.059,26.172],[88.044,26.178],[88.033,26.163],[88.018,26.155],[88.005,26.14],[87.989,26.159],[87.976,26.154],[87.976,26.109],[87.965,26.109],[87.966,26.084],[87.944,26.084],[87.929,26.072],[87.919,26.091],[87.87,26.056],[87.849,26.044],[87.847,26.02],[87.833,25.984],[87.837,25.962],[87.824,25.933],[87.81,25.921],[87.823,25.913],[87.82,25.9],[87.825,25.882],[87.826,25.881],[87.829,25.872],[87.878,25.86],[87.887,25.859],[87.891,25.865],[87.917,25.852],[87.894,25.833],[87.917,25.815],[87.904,25.799],[87.907,25.78],[87.925,25.774],[87.944,25.759],[87.95,25.744],[87.986,25.719],[88.033,25.699],[88.046,25.698],[88.057,25.686],[88.049,25.674],[88.052,25.645],[88.042,25.641],[88.041,25.617],[88.047,25.606],[88.028,25.583],[88.04,25.566],[88.033,25.554],[88.075,25.513],[88.074,25.497],[88.076,25.481],[88.083,25.453],[88.103,25.441],[88.1,25.42],[88.114,25.39],[88.106,25.379],[88.128,25.363],[88.115,25.328],[88.114,25.323],[88.129,25.306],[88.132,25.291],[88.112,25.291],[88.114,25.279],[88.126,25.27],[88.132,25.251],[88.148,25.254],[88.152,25.266],[88.146,25.28],[88.166,25.298],[88.183,25.29],[88.185,25.286],[88.191,25.307],[88.212,25.327],[88.248,25.38],[88.243,25.405],[88.267,25.425],[88.261,25.451],[88.263,25.466],[88.256,25.487],[88.278,25.493],[88.288,25.512],[88.313,25.526],[88.33,25.55],[88.347,25.551],[88.364,25.567],[88.377,25.56],[88.391,25.566],[88.392,25.581],[88.413,25.591],[88.45,25.585],[88.461,25.593]]]},"properties":{"DISTRICT":"Uttar Dinajpur","ST_NM":"West Bengal"}},
{"type":"Feature","geometry":{"type":"Polygon","coordinates":[[[79.786,13.022],[79.787,13.053],[79.771,13.059],[79.749,13.05],[79.726,13.067],[79.741,13.074],[79.732,13.095],[79.717,13.105],[79.735,13.116],[79.74,13.136],[79.736,13.164],[79.704,13.16],[79.692,13.165],[79.692,13.19],[79.671,13.181],[79.671,13.201],[79.655,13.208],[79.645,13.178],[79.632,13.169],[79.636,13.147],[79.63,13.144],[79.592,13.142],[79.595,13.122],[79.572,13.122],[79.57,13.134],[79.529,13.136],[79.517,13.143],[79.505,13.137],[79.482,13.138],[79.476,13.113],[79.453,13.092],[79.437,13.125],[79.424,13.144],[79.412,13.136],[79.412,13.12],[79.402,13.106],[79.422,13.098],[79.417,13.083],[79.383,13.079],[79.347,13.061],[79.323,13.079],[79.301,13.09],[79.286,13.12],[79.286,13.133],[79.284,13.15],[79.256,13.145],[79.239,13.146],[79.227,13.139],[79.235,13.128],[79.226,13.109],[79.205,13.101],[79.182,13.065],[79.189,13.05],[79.183,13.027],[79.165,13.019],[79.131,13.034],[79.117,13.036],[79.095,13.024],[79.081,13.026],[79.066,13.04],[79.065,13.05],[79.038,13.061],[79.035,13.068],[79.012,13.069],[78.994,13.088],[78.958,13.075],[78.926,13.079],[78.913,13.063],[78.905,13.046],[78.929,13.044],[78.939,13.035],[78.894,13.031],[78.891,13.037],[78.892,13.081],[78.895,13.093],[78.876,13.096],[78.87,13.082],[78.844,13.081],[78.812,13.086],[78.789,13.064],[78.751,13.056],[78.737,13.064],[78.714,13.067],[78.705,13.015],[78.663,13.029],[78.653,13.012],[78.632,12.993],[78.632,12.985],[78.658,12.93],[78.636,12.925],[78.618,12.884],[78.616,12.868],[78.603,12.849],[78.609,12.822],[78.6,12.816],[78.592,12.778],[78.57,12.762],[78.557,12.739],[78.557,12.718],[78.564,12.708],[78.553,12.696],[78.536,12.69],[78.528,12.714],[78.506,12.741],[78.491,12.741],[78.505,12.722],[78.521,12.716],[78.505,12.704],[78.505,12.68],[78.486,12.67],[78.469,12.673],[78.471,12.628],[78.437,12.626],[78.43,12.631],[78.409,12.624],[78.408,12.601],[78.42,12.568],[78.415,12.526],[78.421,12.511],[78.417,12.486],[78.434,12.462],[78.451,12.449],[78.455,12.429],[78.436,12.396],[78.46,12.384],[78.467,12.39],[78.49,12.387],[78.493,12.404],[78.507,12.399],[78.516,12.404],[78.545,12.397],[78.57,12.385],[78.575,12.373],[78.592,12.357],[78.613,12.351],[78.617,12.337],[78.601,12.323],[78.615,12.294],[78.605,12.271],[78.607,12.263],[78.641,12.266],[78.652,12.258],[78.692,12.283],[78.697,12.295],[78.712,12.305],[78.717,12.326],[78.736,12.377],[78.753,12.384],[78.771,12.424],[78.764,12.446],[78.782,12.467],[78.778,12.476],[78.792,12.498],[78.801,12.498],[78.819,12.53],[78.831,12.565],[78.86,12.634],[78.868,12.631],[78.886,12.66],[78.898,12.687],[78.915,12.684],[78.927,12.676],[78.947,12.68],[78.981,12.666],[78.996,12.703],[79.014,12.699],[79.024,12.69],[79.034,12.693],[79.056,12.718],[79.058,12.736],[79.075,12.752],[79.141,12.757],[79.176,12.744],[79.188,12.748],[79.206,12.74],[79.215,12.76],[79.209,12.784],[79.241,12.796],[79.255,12.822],[79.266,12.789],[79.288,12.78],[79.286,12.76],[79.298,12.746],[79.324,12.743],[79.345,12.728],[79.346,12.693],[79.358,12.697],[79.359,12.718],[79.377,12.721],[79.381,12.733],[79.397,12.725],[79.394,12.712],[79.382,12.708],[79.393,12.686],[79.37,12.68],[79.357,12.672],[79.364,12.656],[79.355,12.645],[79.369,12.633],[79.384,12.627],[79.409,12.648],[79.413,12.656],[79.431,12.66],[79.452,12.67],[79.462,12.684],[79.467,12.715],[79.477,12.727],[79.457,12.736],[79.457,12.755],[79.477,12.776],[79.465,12.786],[79.457,12.81],[79.462,12.828],[79.46,12.846],[79.474,12.85],[79.474,12.871],[79.49,12.872],[79.515,12.854],[79.54,12.86],[79.56,12.85],[79.568,12.856],[79.56,12.874],[79.573,12.899],[79.622,12.912],[79.662,12.93],[79.661,12.948],[79.68,12.956],[79.691,12.967],[79.735,12.985],[79.761,13.01],[79.786,13.022]]]},"properties":{"DISTRICT":"Vellore","ST_NM":"Tamil Nadu"}},
{"type":"Feature","geometry":{"type":"Polygon","coordinates":[[[79.645,12.345],[79.62,12.351],[79.623,12.37],[79.604,12.37],[79.592,12.349],[79.557,12.364],[79.532,12.368],[79.522,12.355],[79.502,12.346],[79.492,12.35],[79.495,12.369],[79.475,12.366],[79.45,12.378],[79.45,12.395],[79.442,12.407],[79.43,12.402],[79.412,12.417],[79.402,12.435],[79.355,12.445],[79.348,12.442],[79.327,12.449],[79.308,12.439],[79.276,12.446],[79.248,12.445],[79.238,12.44],[79.227,12.401],[79.241,12.397],[79.249,12.378],[79.238,12.367],[79.241,12.351],[79.223,12.33],[79.251,12.322],[79.287,12.319],[79.276,12.304],[79.262,12.276],[79.247,12.277],[79.238,12.25],[79.239,12.234],[79.219,12.213],[79.235,12.197],[79.235,12.183],[79.216,12.183],[79.214,12.166],[79.248,12.146],[79.26,12.13],[79.279,12.123],[79.278,12.106],[79.261,12.081],[79.239,12.076],[79.235,12.062],[79.201,12.069],[79.191,12.049],[79.177,12.049],[79.167,12.032],[79.15,12.042],[79.14,12.039],[79.128,12.02],[79.114,12.025],[79.1,12.023],[79.089,12.044],[79.099,12.065],[79.087,12.08],[79.066,12.07],[79.054,12.037],[79.024,12.047],[79.019,12.065],[78.961,12.067],[78.946,12.052],[78.943,12.043],[78.918,12.014],[78.901,12.015],[78.88,12.025],[78.865,12.015],[78.842,12.009],[78.82,12.008],[78.807,12.017],[78.773,12.007],[78.761,12.009],[78.733,11.981],[78.718,11.98],[78.711,11.96],[78.713,11.946],[78.705,11.934],[78.724,11.915],[78.706,11.89],[78.688,11.898],[78.641,11.882],[78.627,11.864],[78.651,11.862],[78.66,11.853],[78.687,11.852],[78.695,11.846],[78.69,11.799],[78.673,11.796],[78.663,11.776],[78.641,11.76],[78.638,11.718],[78.653,11.712],[78.651,11.664],[78.66,11.657],[78.66,11.644],[78.68,11.641],[78.678,11.667],[78.69,11.683],[78.707,11.686],[78.715,11.681],[78.735,11.687],[78.766,11.691],[78.782,11.699],[78.804,11.685],[78.804,11.657],[78.785,11.645],[78.79,11.622],[78.779,11.604],[78.817,11.588],[78.829,11.576],[78.817,11.556],[78.816,11.546],[78.836,11.538],[78.845,11.52],[78.859,11.519],[78.876,11.505],[78.905,11.502],[78.913,11.523],[78.923,11.565],[78.945,11.57],[78.992,11.571],[79.007,11.576],[79.018,11.592],[79.018,11.604],[79.048,11.598],[79.055,11.586],[79.068,11.596],[79.072,11.61],[79.07,11.629],[79.087,11.63],[79.102,11.613],[79.115,11.613],[79.117,11.598],[79.146,11.588],[79.154,11.597],[79.185,11.586],[79.2,11.611],[79.213,11.621],[79.211,11.634],[79.239,11.64],[79.253,11.651],[79.279,11.645],[79.29,11.648],[79.297,11.634],[79.329,11.65],[79.337,11.66],[79.363,11.66],[79.361,11.671],[79.383,11.679],[79.43,11.666],[79.445,11.664],[79.442,11.69],[79.436,11.698],[79.433,11.733],[79.454,11.734],[79.463,11.743],[79.463,11.768],[79.45,11.762],[79.435,11.767],[79.443,11.808],[79.485,11.807],[79.47,11.832],[79.451,11.855],[79.456,11.87],[79.476,11.869],[79.515,11.855],[79.527,11.856],[79.568,11.838],[79.587,11.841],[79.619,11.822],[79.636,11.8],[79.647,11.798],[79.662,11.808],[79.675,11.806],[79.676,11.814],[79.682,11.813],[79.683,11.812],[79.687,11.821],[79.691,11.82],[79.689,11.828],[79.703,11.831],[79.696,11.843],[79.695,11.859],[79.69,11.867],[79.69,11.882],[79.688,11.884],[79.686,11.881],[79.674,11.886],[79.695,11.894],[79.695,11.9],[79.695,11.908],[79.698,11.919],[79.718,11.917],[79.707,11.912],[79.707,11.893],[79.717,11.891],[79.73,11.889],[79.731,11.901],[79.733,11.904],[79.719,11.927],[79.711,11.934],[79.713,11.931],[79.693,11.954],[79.716,11.966],[79.71,11.975],[79.71,11.989],[79.657,11.99],[79.659,12],[79.659,12.007],[79.662,12.011],[79.691,12.027],[79.707,12.025],[79.706,12.01],[79.717,12],[79.718,11.994],[79.74,11.992],[79.75,12.009],[79.765,12],[79.767,11.99],[79.757,11.981],[79.729,11.97],[79.749,11.962],[79.752,11.942],[79.752,11.922],[79.756,11.922],[79.756,11.924],[79.763,11.943],[79.779,11.949],[79.787,11.961],[79.803,11.953],[79.807,11.962],[79.807,11.972],[79.82,11.978],[79.823,11.961],[79.833,11.955],[79.84,11.957],[79.858,12.005],[79.841,12.013],[79.844,12.032],[79.85,12.05],[79.875,12.043],[79.895,12.081],[79.99,12.227],[80.005,12.256],[79.993,12.253],[79.979,12.238],[79.955,12.231],[79.945,12.242],[79.926,12.246],[79.916,12.234],[79.904,12.229],[79.871,12.244],[79.862,12.263],[79.843,12.278],[79.843,12.289],[79.825,12.31],[79.803,12.326],[79.799,12.336],[79.783,12.34],[79.753,12.324],[79.718,12.336],[79.685,12.316],[79.67,12.32],[79.651,12.334],[79.645,12.345]],[[79.628,12.03],[79.654,12.024],[79.64,11.99],[79.642,11.973],[79.649,11.96],[79.649,11.953],[79.643,11.945],[79.658,11.948],[79.659,11.944],[79.661,11.94],[79.661,11.938],[79.671,11.933],[79.672,11.922],[79.672,11.915],[79.663,11.914],[79.642,11.901],[79.627,11.902],[79.628,11.904],[79.63,11.916],[79.629,11.919],[79.627,11.922],[79.62,11.924],[79.62,11.94],[79.621,11.944],[79.629,11.944],[79.629,11.954],[79.629,11.968],[79.618,11.97],[79.619,11.987],[79.625,11.988],[79.62,12],[79.62,12.009],[79.622,12.014],[79.628,12.03]],[[79.6,11.88],[79.609,11.877],[79.631,11.888],[79.636,11.881],[79.637,11.887],[79.643,11.886],[79.65,11.88],[79.649,11.875],[79.657,11.871],[79.664,11.86],[79.65,11.849],[79.627,11.852],[79.62,11.863],[79.602,11.857],[79.601,11.875],[79.6,11.88]],[[79.663,11.968],[79.689,11.972],[79.685,11.953],[79.66,11.949],[79.654,11.959],[79.661,11.962],[79.663,11.968]],[[79.641,11.823],[79.649,11.844],[79.661,11.839],[79.66,11.826],[79.671,11.823],[79.67,11.815],[79.646,11.816],[79.641,11.823]]]},"properties":{"DISTRICT":"Viluppuram","ST_NM":"Tamil Nadu"}},
{"type":"Feature","geometry":{"type":"MultiPolygon","coordinates":[[[[78.134,9.765],[78.109,9.785],[78.091,9.777],[78.104,9.766],[78.102,9.755],[78.085,9.759],[78.063,9.741],[78.081,9.706],[78.089,9.675],[78.079,9.66],[78.061,9.66],[78.062,9.671],[78.041,9.676],[78.016,9.639],[78.003,9.649],[77.975,9.63],[77.964,9.645],[77.954,9.648],[77.926,9.646],[77.902,9.625],[77.891,9.642],[77.848,9.65],[77.844,9.635],[77.807,9.642],[77.776,9.64],[77.766,9.661],[77.765,9.68],[77.725,9.693],[77.696,9.692],[77.669,9.677],[77.653,9.687],[77.644,9.705],[77.631,9.707],[77.611,9.698],[77.594,9.68],[77.587,9.666],[77.545,9.646],[77.544,9.66],[77.52,9.638],[77.517,9.612],[77.5,9.588],[77.499,9.577],[77.478,9.563],[77.477,9.549],[77.457,9.54],[77.429,9.546],[77.403,9.526],[77.404,9.5],[77.399,9.47],[77.389,9.455],[77.368,9.459],[77.351,9.44],[77.341,9.417],[77.361,9.41],[77.389,9.391],[77.411,9.394],[77.434,9.391],[77.452,9.37],[77.441,9.354],[77.466,9.349],[77.459,9.333],[77.473,9.328],[77.476,9.34],[77.497,9.334],[77.525,9.338],[77.531,9.376],[77.547,9.372],[77.561,9.353],[77.575,9.343],[77.592,9.344],[77.594,9.315],[77.625,9.292],[77.636,9.293],[77.661,9.284],[77.713,9.289],[77.735,9.28],[77.743,9.267],[77.759,9.266],[77.759,9.256],[77.773,9.236],[77.79,9.251],[77.776,9.277],[77.797,9.273],[77.798,9.256],[77.818,9.243],[77.848,9.242],[77.858,9.247],[77.882,9.243],[77.877,9.226],[77.881,9.206],[77.912,9.199],[77.922,9.202],[77.931,9.222],[77.945,9.219],[77.957,9.25],[77.985,9.254],[77.989,9.266],[78.011,9.273],[78.013,9.305],[78.045,9.305],[78.036,9.331],[78.053,9.343],[78.06,9.361],[78.078,9.357],[78.133,9.365],[78.15,9.371],[78.17,9.368],[78.168,9.353],[78.176,9.337],[78.211,9.325],[78.215,9.303],[78.225,9.296],[78.27,9.291],[78.284,9.286],[78.283,9.275],[78.3,9.268],[78.308,9.271],[78.332,9.261],[78.35,9.279],[78.369,9.28],[78.378,9.292],[78.377,9.318],[78.354,9.334],[78.342,9.351],[78.338,9.366],[78.323,9.375],[78.307,9.376],[78.297,9.389],[78.271,9.386],[78.258,9.374],[78.245,9.377],[78.244,9.405],[78.225,9.41],[78.22,9.444],[78.276,9.446],[78.303,9.441],[78.3,9.457],[78.318,9.466],[78.336,9.465],[78.33,9.479],[78.333,9.524],[78.349,9.515],[78.384,9.516],[78.388,9.536],[78.378,9.537],[78.377,9.566],[78.419,9.596],[78.416,9.618],[78.389,9.631],[78.393,9.649],[78.376,9.657],[78.365,9.654],[78.344,9.673],[78.321,9.703],[78.328,9.723],[78.323,9.731],[78.309,9.715],[78.296,9.691],[78.303,9.676],[78.285,9.678],[78.276,9.685],[78.274,9.701],[78.28,9.714],[78.272,9.722],[78.276,9.739],[78.239,9.757],[78.21,9.78],[78.199,9.767],[78.173,9.748],[78.153,9.752],[78.139,9.762],[78.134,9.765]]],[[[79.327,9.297],[79.333,9.313],[79.317,9.325],[79.29,9.316],[79.271,9.293],[79.233,9.294],[79.211,9.289],[79.22,9.258],[79.262,9.261],[79.309,9.243],[79.331,9.231],[79.362,9.208],[79.401,9.183],[79.417,9.184],[79.355,9.231],[79.317,9.275],[79.327,9.297]]],[[[78.939,9.187],[78.917,9.186],[78.919,9.176],[78.939,9.187]]]]},"properties":{"DISTRICT":"Virudunagar","ST_NM":"Tamil Nadu"}},
{"type":"Feature","geometry":{"type":"Polygon","coordinates":[[[83.147,18.177],[83.163,18.184],[83.152,18.206],[83.156,18.226],[83.138,18.249],[83.136,18.255],[83.138,18.26],[83.143,18.26],[83.148,18.259],[83.159,18.252],[83.183,18.229],[83.201,18.195],[83.218,18.19],[83.222,18.211],[83.247,18.201],[83.249,18.225],[83.254,18.227],[83.259,18.226],[83.268,18.216],[83.274,18.225],[83.27,18.239],[83.268,18.275],[83.236,18.289],[83.223,18.298],[83.219,18.313],[83.228,18.331],[83.213,18.333],[83.173,18.309],[83.167,18.311],[83.155,18.341],[83.131,18.353],[83.102,18.359],[83.087,18.321],[83.082,18.317],[83.077,18.323],[83.074,18.335],[83.078,18.35],[83.073,18.369],[83.075,18.381],[83.097,18.405],[83.09,18.414],[83.074,18.402],[83.064,18.386],[83.048,18.379],[83.02,18.387],[83,18.384],[82.985,18.364],[82.968,18.366],[82.941,18.36],[82.936,18.37],[82.911,18.365],[82.893,18.387],[82.899,18.401],[82.893,18.421],[82.888,18.423],[82.885,18.42],[82.878,18.415],[82.857,18.423],[82.827,18.442],[82.807,18.448],[82.784,18.428],[82.796,18.399],[82.786,18.379],[82.793,18.363],[82.775,18.34],[82.759,18.337],[82.743,18.322],[82.726,18.323],[82.719,18.321],[82.711,18.317],[82.709,18.308],[82.706,18.305],[82.702,18.306],[82.699,18.306],[82.69,18.301],[82.673,18.299],[82.653,18.266],[82.656,18.253],[82.64,18.237],[82.622,18.248],[82.618,18.258],[82.598,18.265],[82.594,18.289],[82.598,18.328],[82.612,18.329],[82.605,18.349],[82.617,18.359],[82.606,18.371],[82.597,18.385],[82.586,18.385],[82.564,18.397],[82.543,18.398],[82.544,18.416],[82.553,18.425],[82.562,18.446],[82.538,18.451],[82.524,18.464],[82.536,18.476],[82.531,18.512],[82.506,18.514],[82.49,18.523],[82.484,18.537],[82.486,18.539],[82.494,18.541],[82.49,18.546],[82.482,18.545],[82.462,18.525],[82.445,18.505],[82.437,18.493],[82.435,18.485],[82.406,18.459],[82.386,18.43],[82.37,18.418],[82.381,18.406],[82.384,18.391],[82.393,18.38],[82.385,18.361],[82.368,18.352],[82.354,18.33],[82.351,18.315],[82.366,18.316],[82.374,18.324],[82.393,18.327],[82.401,18.315],[82.391,18.292],[82.375,18.279],[82.352,18.28],[82.345,18.274],[82.339,18.239],[82.341,18.224],[82.328,18.209],[82.315,18.204],[82.319,18.183],[82.341,18.172],[82.357,18.17],[82.374,18.148],[82.366,18.134],[82.342,18.151],[82.339,18.127],[82.341,18.103],[82.352,18.091],[82.345,18.056],[82.33,18.059],[82.313,18.048],[82.296,18.069],[82.275,18.057],[82.267,18.043],[82.279,18.019],[82.276,17.995],[82.25,17.988],[82.246,18.001],[82.227,18.003],[82.205,18.017],[82.186,18.019],[82.185,18.029],[82.172,18.05],[82.141,18.044],[82.138,18.057],[82.116,18.062],[82.101,18.061],[82.081,18.074],[82.068,18.053],[82.054,18.054],[82.033,18.066],[82.01,18.053],[82.01,18.032],[81.997,18.028],[81.982,18.014],[82.002,17.986],[82.014,17.956],[82.031,17.937],[82.027,17.923],[82.01,17.902],[82.003,17.886],[82.021,17.856],[82.019,17.842],[81.992,17.851],[81.978,17.842],[81.967,17.82],[81.932,17.809],[81.924,17.801],[81.887,17.775],[81.868,17.754],[81.883,17.741],[81.898,17.745],[81.937,17.74],[81.97,17.744],[81.967,17.761],[81.985,17.768],[82.017,17.76],[82.015,17.75],[82.03,17.729],[82.034,17.713],[82.031,17.687],[82.01,17.654],[82.003,17.636],[82.02,17.617],[82.031,17.632],[82.047,17.639],[82.066,17.638],[82.091,17.653],[82.128,17.654],[82.141,17.636],[82.163,17.615],[82.186,17.614],[82.199,17.629],[82.217,17.638],[82.229,17.637],[82.244,17.625],[82.268,17.623],[82.32,17.588],[82.337,17.59],[82.347,17.579],[82.336,17.57],[82.332,17.549],[82.338,17.532],[82.335,17.511],[82.352,17.498],[82.365,17.518],[82.372,17.515],[82.372,17.489],[82.397,17.483],[82.412,17.473],[82.44,17.477],[82.456,17.487],[82.457,17.513],[82.469,17.52],[82.484,17.509],[82.5,17.515],[82.514,17.509],[82.56,17.52],[82.561,17.508],[82.574,17.492],[82.599,17.475],[82.604,17.463],[82.59,17.439],[82.568,17.422],[82.554,17.392],[82.564,17.369],[82.56,17.344],[82.542,17.334],[82.527,17.31],[82.523,17.292],[82.539,17.275],[82.55,17.248],[82.56,17.256],[82.63,17.299],[82.68,17.325],[82.708,17.342],[82.753,17.366],[82.81,17.39],[82.84,17.4],[82.866,17.415],[82.909,17.434],[82.945,17.453],[82.993,17.471],[83.005,17.482],[83.007,17.495],[83.045,17.517],[83.086,17.53],[83.099,17.547],[83.106,17.539],[83.14,17.547],[83.168,17.56],[83.174,17.567],[83.217,17.59],[83.232,17.608],[83.197,17.627],[83.198,17.638],[83.216,17.647],[83.228,17.629],[83.241,17.625],[83.26,17.643],[83.284,17.656],[83.295,17.671],[83.3,17.69],[83.33,17.707],[83.346,17.721],[83.347,17.733],[83.358,17.755],[83.378,17.768],[83.388,17.781],[83.416,17.807],[83.419,17.816],[83.414,17.841],[83.453,17.88],[83.455,17.892],[83.446,17.92],[83.475,17.911],[83.491,17.919],[83.48,17.934],[83.468,17.937],[83.453,17.932],[83.429,17.941],[83.406,17.922],[83.405,17.904],[83.384,17.913],[83.379,17.922],[83.387,17.944],[83.399,17.955],[83.399,17.969],[83.417,17.987],[83.418,18.006],[83.407,18.019],[83.409,18.039],[83.397,18.052],[83.359,18.056],[83.337,18.044],[83.315,18.022],[83.323,18.001],[83.31,17.983],[83.282,17.971],[83.233,17.945],[83.234,17.927],[83.255,17.912],[83.24,17.902],[83.231,17.884],[83.231,17.869],[83.212,17.872],[83.2,17.845],[83.172,17.846],[83.161,17.84],[83.144,17.844],[83.139,17.87],[83.126,17.876],[83.124,17.901],[83.105,17.932],[83.072,17.941],[83.053,17.955],[83.029,17.965],[83.009,17.968],[83.002,17.981],[83,18],[83.015,18.033],[83.035,18.053],[83.043,18.069],[83.058,18.087],[83.08,18.089],[83.101,18.102],[83.098,18.12],[83.101,18.133],[83.152,18.154],[83.155,18.163],[83.153,18.165],[83.141,18.167],[83.118,18.156],[83.108,18.16],[83.112,18.187],[83.103,18.206],[83.108,18.223],[83.126,18.214],[83.126,18.187],[83.131,18.179],[83.147,18.177]]]},"properties":{"DISTRICT":"Visakhapatnam","ST_NM":"Andhra Pradesh"}},
{"type":"Feature","geometry":{"type":"Polygon","coordinates":[[[83.147,18.177],[83.131,18.179],[83.126,18.187],[83.126,18.214],[83.108,18.223],[83.103,18.206],[83.112,18.187],[83.108,18.16],[83.118,18.156],[83.141,18.167],[83.152,18.154],[83.101,18.133],[83.098,18.12],[83.101,18.102],[83.08,18.089],[83.058,18.087],[83.043,18.069],[83.035,18.053],[83.015,18.033],[83,18],[83.002,17.981],[83.009,17.968],[83.029,17.965],[83.053,17.955],[83.072,17.941],[83.105,17.932],[83.124,17.901],[83.126,17.876],[83.139,17.87],[83.144,17.844],[83.161,17.84],[83.172,17.846],[83.2,17.845],[83.212,17.872],[83.231,17.869],[83.231,17.884],[83.24,17.902],[83.255,17.912],[83.234,17.927],[83.233,17.945],[83.282,17.971],[83.31,17.983],[83.323,18.001],[83.315,18.022],[83.337,18.044],[83.359,18.056],[83.397,18.052],[83.409,18.039],[83.407,18.019],[83.418,18.006],[83.417,17.987],[83.399,17.969],[83.399,17.955],[83.387,17.944],[83.379,17.922],[83.384,17.913],[83.405,17.904],[83.406,17.922],[83.429,17.941],[83.453,17.932],[83.468,17.937],[83.48,17.934],[83.491,17.919],[83.516,17.935],[83.554,17.963],[83.561,17.973],[83.566,18.002],[83.557,18.012],[83.587,18.015],[83.605,18.033],[83.63,18.052],[83.668,18.073],[83.664,18.085],[83.645,18.111],[83.634,18.111],[83.619,18.127],[83.626,18.134],[83.609,18.149],[83.604,18.168],[83.611,18.173],[83.611,18.19],[83.595,18.197],[83.58,18.197],[83.577,18.199],[83.575,18.202],[83.577,18.227],[83.559,18.225],[83.544,18.24],[83.521,18.242],[83.519,18.262],[83.524,18.269],[83.532,18.265],[83.525,18.28],[83.5,18.298],[83.488,18.288],[83.466,18.299],[83.463,18.305],[83.458,18.312],[83.456,18.316],[83.441,18.313],[83.439,18.332],[83.43,18.346],[83.433,18.366],[83.429,18.379],[83.445,18.385],[83.441,18.402],[83.43,18.399],[83.414,18.415],[83.435,18.438],[83.455,18.443],[83.468,18.437],[83.48,18.442],[83.492,18.436],[83.53,18.433],[83.534,18.442],[83.536,18.442],[83.553,18.436],[83.56,18.431],[83.573,18.431],[83.571,18.453],[83.593,18.462],[83.59,18.471],[83.562,18.493],[83.563,18.505],[83.585,18.509],[83.602,18.515],[83.609,18.52],[83.61,18.55],[83.606,18.562],[83.584,18.561],[83.561,18.567],[83.553,18.564],[83.541,18.549],[83.528,18.549],[83.52,18.559],[83.521,18.593],[83.541,18.62],[83.545,18.671],[83.526,18.7],[83.543,18.725],[83.572,18.74],[83.585,18.755],[83.64,18.776],[83.647,18.78],[83.653,18.784],[83.672,18.805],[83.685,18.804],[83.748,18.775],[83.756,18.79],[83.757,18.802],[83.761,18.814],[83.766,18.82],[83.77,18.824],[83.8,18.826],[83.809,18.827],[83.821,18.829],[83.824,18.833],[83.823,18.854],[83.82,18.862],[83.798,18.881],[83.778,18.91],[83.764,18.925],[83.754,18.927],[83.744,18.947],[83.734,18.984],[83.713,18.993],[83.713,19.008],[83.728,19.012],[83.731,19.02],[83.725,19.023],[83.708,19.023],[83.692,19.052],[83.665,19.083],[83.665,19.096],[83.652,19.121],[83.627,19.15],[83.602,19.128],[83.612,19.101],[83.59,19.084],[83.586,19.058],[83.559,19.058],[83.543,19.037],[83.541,19.027],[83.541,19.02],[83.539,19.013],[83.523,19.013],[83.503,19.019],[83.501,19.035],[83.521,19.033],[83.513,19.073],[83.5,19.063],[83.485,19.083],[83.467,19.077],[83.473,19.044],[83.485,19.033],[83.482,19.008],[83.456,19.008],[83.458,18.99],[83.47,18.967],[83.463,18.954],[83.45,18.956],[83.423,18.986],[83.417,19.004],[83.397,19.008],[83.37,19.003],[83.363,19.017],[83.354,19.018],[83.349,19.017],[83.348,19.017],[83.337,18.996],[83.316,18.999],[83.321,18.974],[83.335,18.965],[83.339,18.946],[83.327,18.936],[83.337,18.925],[83.349,18.926],[83.353,18.964],[83.369,18.961],[83.371,18.938],[83.356,18.929],[83.364,18.913],[83.375,18.908],[83.396,18.879],[83.419,18.868],[83.405,18.857],[83.407,18.842],[83.381,18.829],[83.37,18.84],[83.336,18.819],[83.331,18.806],[83.312,18.807],[83.287,18.798],[83.274,18.765],[83.248,18.767],[83.231,18.774],[83.231,18.756],[83.215,18.726],[83.192,18.734],[83.172,18.722],[83.176,18.71],[83.155,18.701],[83.15,18.675],[83.125,18.66],[83.092,18.664],[83.087,18.655],[83.094,18.63],[83.088,18.616],[83.058,18.622],[83.049,18.605],[83.062,18.595],[83.045,18.586],[83.034,18.573],[83.041,18.556],[83.059,18.543],[83.08,18.551],[83.097,18.541],[83.081,18.523],[83.077,18.511],[83.06,18.486],[83.025,18.456],[83.026,18.449],[83.046,18.443],[83.051,18.427],[83.074,18.402],[83.09,18.414],[83.097,18.405],[83.075,18.381],[83.073,18.369],[83.078,18.35],[83.074,18.335],[83.087,18.321],[83.102,18.359],[83.131,18.353],[83.155,18.341],[83.167,18.311],[83.173,18.309],[83.213,18.333],[83.228,18.331],[83.219,18.313],[83.223,18.298],[83.236,18.289],[83.268,18.275],[83.27,18.239],[83.274,18.225],[83.268,18.216],[83.259,18.226],[83.249,18.225],[83.25,18.212],[83.247,18.201],[83.222,18.211],[83.218,18.19],[83.201,18.195],[83.183,18.229],[83.159,18.252],[83.148,18.259],[83.143,18.26],[83.138,18.26],[83.136,18.255],[83.138,18.249],[83.156,18.226],[83.152,18.206],[83.163,18.184],[83.147,18.177]]]},"properties":{"DISTRICT":"Vizianagaram","ST_NM":"Andhra Pradesh"}},
{"type":"Feature","geometry":{"type":"MultiPolygon","coordinates":[[[[80.389,18.598],[80.374,18.609],[80.363,18.599],[80.344,18.595],[80.307,18.589],[80.269,18.588],[80.229,18.553],[80.225,18.42],[80.219,18.39],[80.175,18.349],[80.154,18.363],[80.147,18.373],[80.153,18.413],[80.099,18.432],[80.084,18.422],[80.077,18.387],[80.06,18.401],[80.031,18.401],[80.025,18.417],[80.04,18.431],[80.062,18.426],[80.079,18.428],[80.105,18.458],[80.077,18.476],[80.053,18.482],[80.086,18.518],[80.041,18.516],[80.032,18.48],[80.025,18.469],[80.009,18.475],[79.993,18.49],[79.97,18.477],[79.959,18.507],[79.914,18.514],[79.886,18.511],[79.888,18.499],[79.907,18.47],[79.926,18.459],[79.923,18.424],[79.897,18.433],[79.881,18.445],[79.867,18.463],[79.857,18.485],[79.833,18.501],[79.817,18.496],[79.813,18.476],[79.827,18.436],[79.829,18.42],[79.814,18.419],[79.792,18.431],[79.775,18.451],[79.763,18.472],[79.743,18.487],[79.72,18.495],[79.685,18.497],[79.658,18.473],[79.638,18.477],[79.597,18.47],[79.596,18.447],[79.58,18.425],[79.586,18.409],[79.581,18.376],[79.587,18.351],[79.58,18.331],[79.583,18.315],[79.574,18.311],[79.576,18.28],[79.593,18.25],[79.624,18.182],[79.614,18.169],[79.61,18.145],[79.587,18.145],[79.594,18.124],[79.577,18.126],[79.564,18.106],[79.513,18.101],[79.496,18.104],[79.479,18.115],[79.461,18.078],[79.421,18.049],[79.389,18.031],[79.375,18.02],[79.358,18.025],[79.311,18.022],[79.292,18.017],[79.257,18],[79.258,17.981],[79.234,17.98],[79.218,17.989],[79.193,17.995],[79.151,17.986],[79.149,18.004],[79.103,18.019],[79.096,18.025],[79.077,18.02],[79.051,18.033],[79.035,18.025],[79,18],[78.987,18.019],[78.972,18.032],[78.954,18.018],[78.95,17.994],[78.93,17.993],[78.908,17.959],[78.881,17.963],[78.873,17.946],[78.856,17.92],[78.852,17.905],[78.833,17.894],[78.828,17.879],[78.841,17.871],[78.872,17.867],[78.876,17.829],[78.87,17.809],[78.888,17.804],[78.932,17.798],[78.935,17.792],[78.977,17.787],[78.989,17.788],[79.015,17.72],[79.025,17.709],[79.052,17.722],[79.075,17.712],[79.085,17.689],[79.097,17.679],[79.124,17.668],[79.127,17.652],[79.139,17.629],[79.152,17.62],[79.148,17.593],[79.162,17.579],[79.173,17.583],[79.179,17.6],[79.207,17.625],[79.216,17.607],[79.212,17.591],[79.223,17.578],[79.227,17.564],[79.257,17.562],[79.269,17.581],[79.275,17.579],[79.289,17.557],[79.308,17.556],[79.318,17.529],[79.359,17.518],[79.384,17.505],[79.403,17.5],[79.422,17.516],[79.468,17.516],[79.486,17.509],[79.492,17.501],[79.519,17.495],[79.524,17.513],[79.538,17.524],[79.559,17.502],[79.586,17.497],[79.594,17.501],[79.629,17.492],[79.655,17.504],[79.655,17.472],[79.684,17.456],[79.704,17.453],[79.715,17.438],[79.728,17.431],[79.759,17.431],[79.763,17.408],[79.787,17.388],[79.767,17.375],[79.783,17.353],[79.793,17.32],[79.819,17.337],[79.841,17.329],[79.852,17.336],[79.872,17.333],[79.879,17.359],[79.892,17.355],[79.896,17.372],[79.906,17.376],[79.931,17.375],[79.936,17.391],[79.97,17.405],[79.987,17.401],[79.99,17.374],[80,17.363],[80.055,17.347],[80.081,17.367],[80.103,17.36],[80.121,17.381],[80.143,17.393],[80.161,17.394],[80.168,17.433],[80.169,17.455],[80.129,17.447],[80.128,17.482],[80.1,17.497],[80.084,17.528],[80.087,17.548],[80.08,17.556],[80.087,17.576],[80.054,17.596],[80.076,17.652],[80.09,17.659],[80.076,17.682],[80.045,17.697],[80.052,17.715],[80.076,17.711],[80.136,17.734],[80.144,17.746],[80.164,17.753],[80.173,17.712],[80.214,17.739],[80.239,17.752],[80.246,17.736],[80.26,17.749],[80.262,17.769],[80.258,17.783],[80.254,17.828],[80.273,17.86],[80.28,17.882],[80.284,17.909],[80.273,17.933],[80.277,17.968],[80.3,17.968],[80.314,17.977],[80.332,18.006],[80.345,18.017],[80.349,18.037],[80.395,18.082],[80.436,18.059],[80.457,18.067],[80.48,18.126],[80.468,18.135],[80.49,18.142],[80.5,18.139],[80.531,18.104],[80.547,18.097],[80.566,18.103],[80.598,18.082],[80.61,18.09],[80.62,18.113],[80.639,18.111],[80.644,18.125],[80.627,18.127],[80.632,18.14],[80.657,18.134],[80.666,18.171],[80.634,18.192],[80.629,18.204],[80.613,18.213],[80.538,18.261],[80.505,18.266],[80.474,18.307],[80.47,18.324],[80.472,18.341],[80.468,18.355],[80.476,18.386],[80.458,18.405],[80.467,18.438],[80.465,18.447],[80.441,18.46],[80.404,18.458],[80.381,18.474],[80.379,18.501],[80.384,18.506],[80.376,18.528],[80.381,18.543],[80.397,18.557],[80.402,18.572],[80.389,18.598]]],[[[80.687,18.118],[80.699,18.126],[80.684,18.146],[80.674,18.113],[80.687,18.118]]]]},"properties":{"DISTRICT":"Warangal","ST_NM":"Andhra Pradesh"}},
{"type":"Feature","geometry":{"type":"Polygon","coordinates":[[[81.72,16.328],[81.723,16.367],[81.719,16.395],[81.706,16.439],[81.713,16.459],[81.731,16.459],[81.752,16.436],[81.773,16.449],[81.793,16.479],[81.819,16.504],[81.853,16.525],[81.864,16.548],[81.868,16.616],[81.861,16.634],[81.846,16.657],[81.829,16.673],[81.799,16.706],[81.789,16.733],[81.792,16.753],[81.786,16.765],[81.761,16.783],[81.749,16.813],[81.754,16.866],[81.737,16.897],[81.729,16.937],[81.733,16.971],[81.742,17],[81.736,17.045],[81.726,17.07],[81.692,17.113],[81.673,17.145],[81.665,17.188],[81.652,17.216],[81.648,17.253],[81.653,17.268],[81.659,17.322],[81.65,17.334],[81.625,17.349],[81.618,17.359],[81.607,17.401],[81.613,17.425],[81.586,17.43],[81.567,17.452],[81.533,17.463],[81.515,17.481],[81.507,17.498],[81.502,17.486],[81.502,17.457],[81.481,17.428],[81.466,17.414],[81.45,17.39],[81.429,17.381],[81.425,17.37],[81.394,17.364],[81.381,17.366],[81.359,17.377],[81.352,17.394],[81.331,17.398],[81.298,17.346],[81.276,17.328],[81.266,17.331],[81.228,17.33],[81.199,17.336],[81.181,17.314],[81.18,17.275],[81.189,17.263],[81.172,17.241],[81.154,17.24],[81.093,17.222],[81.071,17.212],[81.053,17.213],[81.035,17.195],[80.994,17.188],[80.965,17.196],[80.939,17.213],[80.914,17.209],[80.917,17.186],[80.924,17.178],[80.922,17.154],[80.898,17.149],[80.879,17.154],[80.876,17.133],[80.864,17.12],[80.873,17.104],[80.865,17.077],[80.868,17.059],[80.881,17.067],[80.899,17.063],[80.943,17.064],[80.964,17.041],[80.962,17.019],[80.942,16.991],[80.936,16.964],[80.94,16.947],[80.959,16.924],[80.964,16.907],[80.989,16.874],[81,16.87],[81.009,16.84],[81.036,16.816],[81.039,16.798],[81.014,16.764],[81.013,16.743],[81,16.722],[80.983,16.717],[80.992,16.681],[81.01,16.674],[81.019,16.664],[81.016,16.651],[80.993,16.642],[80.97,16.669],[80.964,16.653],[80.972,16.633],[81.004,16.598],[81.011,16.561],[81.021,16.559],[81.044,16.573],[81.06,16.576],[81.091,16.591],[81.082,16.599],[81.092,16.612],[81.112,16.598],[81.135,16.606],[81.15,16.597],[81.164,16.621],[81.186,16.623],[81.222,16.578],[81.237,16.578],[81.239,16.592],[81.266,16.606],[81.285,16.667],[81.308,16.691],[81.334,16.678],[81.325,16.624],[81.334,16.613],[81.353,16.605],[81.345,16.571],[81.355,16.567],[81.345,16.541],[81.331,16.523],[81.34,16.514],[81.361,16.518],[81.371,16.509],[81.369,16.488],[81.372,16.473],[81.387,16.454],[81.397,16.451],[81.408,16.432],[81.421,16.431],[81.438,16.413],[81.455,16.418],[81.478,16.407],[81.485,16.392],[81.501,16.384],[81.529,16.393],[81.548,16.387],[81.557,16.385],[81.573,16.357],[81.573,16.348],[81.593,16.342],[81.65,16.338],[81.683,16.328],[81.716,16.312],[81.72,16.328]]]},"properties":{"DISTRICT":"West Godavari","ST_NM":"Andhra Pradesh"}},
{"type":"Feature","geometry":{"type":"MultiPolygon","coordinates":[[[[79.744,10.913],[79.742,10.909],[79.733,10.907],[79.708,10.912],[79.705,10.926],[79.692,10.931],[79.673,10.915],[79.671,10.902],[79.656,10.884],[79.653,10.853],[79.662,10.842],[79.654,10.825],[79.64,10.814],[79.65,10.801],[79.66,10.816],[79.687,10.815],[79.688,10.828],[79.705,10.824],[79.727,10.828],[79.731,10.798],[79.707,10.78],[79.701,10.764],[79.708,10.752],[79.691,10.737],[79.692,10.717],[79.66,10.709],[79.685,10.688],[79.67,10.657],[79.657,10.645],[79.677,10.634],[79.675,10.618],[79.666,10.611],[79.679,10.59],[79.695,10.59],[79.686,10.573],[79.697,10.554],[79.721,10.551],[79.729,10.534],[79.717,10.518],[79.697,10.509],[79.703,10.486],[79.682,10.477],[79.699,10.456],[79.69,10.451],[79.664,10.451],[79.641,10.445],[79.631,10.435],[79.633,10.411],[79.63,10.392],[79.638,10.359],[79.677,10.325],[79.706,10.312],[79.729,10.33],[79.739,10.316],[79.759,10.311],[79.786,10.29],[79.798,10.271],[79.849,10.281],[79.879,10.29],[79.871,10.34],[79.866,10.418],[79.864,10.467],[79.862,10.493],[79.858,10.569],[79.857,10.669],[79.853,10.681],[79.851,10.716],[79.851,10.764],[79.85,10.809],[79.847,10.817],[79.85,10.823],[79.849,10.827],[79.837,10.827],[79.831,10.844],[79.814,10.851],[79.826,10.864],[79.82,10.887],[79.793,10.891],[79.79,10.905],[79.766,10.905],[79.76,10.897],[79.759,10.906],[79.759,10.91],[79.762,10.912],[79.76,10.915],[79.744,10.913]]],[[[79.852,10.992],[79.857,11.013],[79.858,11.091],[79.857,11.151],[79.854,11.195],[79.846,11.247],[79.838,11.283],[79.834,11.328],[79.838,11.355],[79.825,11.367],[79.814,11.421],[79.805,11.382],[79.785,11.372],[79.77,11.382],[79.759,11.372],[79.761,11.351],[79.734,11.349],[79.72,11.342],[79.677,11.306],[79.652,11.3],[79.644,11.283],[79.649,11.25],[79.633,11.246],[79.622,11.255],[79.613,11.25],[79.607,11.225],[79.599,11.217],[79.555,11.201],[79.525,11.182],[79.538,11.177],[79.545,11.158],[79.574,11.145],[79.562,11.135],[79.546,11.107],[79.542,11.086],[79.552,11.079],[79.537,11.067],[79.515,11.04],[79.519,11.025],[79.534,11.025],[79.535,11.009],[79.512,10.986],[79.515,10.968],[79.532,10.964],[79.553,10.965],[79.559,10.974],[79.59,10.981],[79.608,10.98],[79.631,10.985],[79.643,11.008],[79.679,11.016],[79.703,11.013],[79.735,10.995],[79.747,10.997],[79.747,11],[79.754,11.004],[79.76,11],[79.791,10.993],[79.791,10.986],[79.794,10.983],[79.819,11.002],[79.842,11],[79.842,10.995],[79.852,10.992]]]]},"properties":{"DISTRICT":"Nagappattinam","ST_NM":"Tamil Nadu"}},
{"type":"Feature","geometry":{"type":"MultiPolygon","coordinates":[[[[93.849,7.241],[93.821,7.237],[93.81,7.229],[93.808,7.212],[93.802,7.203],[93.785,7.216],[93.771,7.207],[93.76,7.214],[93.739,7.191],[93.725,7.184],[93.714,7.192],[93.691,7.191],[93.674,7.176],[93.679,7.155],[93.675,7.139],[93.656,7.127],[93.658,7.094],[93.669,7.066],[93.665,7.043],[93.678,7.016],[93.691,7.017],[93.703,7.008],[93.707,6.991],[93.719,6.994],[93.733,6.979],[93.737,6.96],[93.747,6.962],[93.752,6.931],[93.742,6.926],[93.751,6.91],[93.765,6.917],[93.766,6.897],[93.775,6.894],[93.774,6.866],[93.794,6.848],[93.787,6.838],[93.81,6.804],[93.807,6.764],[93.835,6.757],[93.849,6.791],[93.846,6.801],[93.854,6.816],[93.87,6.814],[93.887,6.798],[93.903,6.815],[93.91,6.833],[93.894,6.847],[93.894,6.869],[93.902,6.88],[93.897,6.894],[93.901,6.908],[93.916,6.914],[93.91,6.931],[93.927,6.955],[93.928,6.988],[93.915,6.996],[93.917,7.006],[93.931,7.01],[93.927,7.027],[93.917,7.026],[93.915,7.054],[93.903,7.077],[93.887,7.087],[93.886,7.127],[93.888,7.156],[93.88,7.177],[93.883,7.204],[93.868,7.217],[93.847,7.218],[93.843,7.228],[93.849,7.241]]],[[[93.39,8.02],[93.379,8.025],[93.354,8.008],[93.336,8.012],[93.326,8],[93.323,7.973],[93.311,7.962],[93.32,7.932],[93.334,7.936],[93.347,7.927],[93.346,7.901],[93.352,7.893],[93.378,7.884],[93.396,7.901],[93.426,7.907],[93.442,7.899],[93.462,7.873],[93.475,7.893],[93.466,7.915],[93.463,7.934],[93.436,7.956],[93.433,7.966],[93.415,7.959],[93.396,7.969],[93.404,7.982],[93.407,8.01],[93.39,8.02]]],[[[93.713,7.443],[93.707,7.444],[93.708,7.394],[93.684,7.387],[93.672,7.373],[93.664,7.381],[93.65,7.368],[93.633,7.371],[93.632,7.359],[93.636,7.32],[93.628,7.305],[93.634,7.288],[93.629,7.269],[93.647,7.244],[93.67,7.26],[93.679,7.282],[93.7,7.303],[93.724,7.308],[93.736,7.327],[93.739,7.342],[93.757,7.358],[93.756,7.374],[93.735,7.39],[93.721,7.405],[93.72,7.431],[93.713,7.443]]],[[[93.525,8.232],[93.492,8.22],[93.491,8.2],[93.478,8.185],[93.455,8.175],[93.457,8.144],[93.462,8.119],[93.483,8.081],[93.486,8.052],[93.514,8.084],[93.524,8.084],[93.524,8.058],[93.516,8.059],[93.5,8.039],[93.486,8.044],[93.487,8.016],[93.492,8.002],[93.507,8.002],[93.508,8.034],[93.526,8.034],[93.529,8.047],[93.547,8.047],[93.552,8.074],[93.548,8.089],[93.535,8.096],[93.513,8.139],[93.507,8.141],[93.511,8.169],[93.538,8.186],[93.546,8.205],[93.545,8.22],[93.525,8.232]]],[[[92.789,9.243],[92.779,9.247],[92.772,9.221],[92.765,9.215],[92.725,9.219],[92.721,9.212],[92.72,9.146],[92.733,9.123],[92.774,9.126],[92.787,9.118],[92.803,9.12],[92.827,9.139],[92.832,9.164],[92.825,9.179],[92.825,9.195],[92.818,9.215],[92.789,9.243]]],[[[93.127,8.356],[93.096,8.339],[93.095,8.324],[93.086,8.307],[93.085,8.276],[93.102,8.246],[93.121,8.224],[93.189,8.194],[93.202,8.197],[93.205,8.215],[93.194,8.225],[93.153,8.244],[93.131,8.266],[93.126,8.277],[93.131,8.31],[93.141,8.33],[93.143,8.347],[93.127,8.356]]],[[[93.548,8.026],[93.552,8.002],[93.531,8.009],[93.508,7.985],[93.522,7.971],[93.553,7.949],[93.573,7.931],[93.579,7.934],[93.582,7.992],[93.563,8.025],[93.548,8.026]]],[[[93.588,8.107],[93.579,8.125],[93.563,8.12],[93.573,8.106],[93.571,8.093],[93.582,8.081],[93.572,8.068],[93.592,8.039],[93.6,8.044],[93.592,8.064],[93.588,8.107]]],[[[93.614,8.575],[93.611,8.544],[93.623,8.526],[93.626,8.508],[93.629,8.47],[93.642,8.468],[93.637,8.498],[93.632,8.506],[93.636,8.523],[93.622,8.533],[93.621,8.56],[93.614,8.575]]],[[[93.235,8.264],[93.222,8.256],[93.22,8.246],[93.237,8.224],[93.251,8.228],[93.249,8.241],[93.235,8.264]]],[[[93.044,8.471],[93.036,8.454],[93.044,8.442],[93.059,8.441],[93.056,8.461],[93.044,8.471]]]]},"properties":{"DISTRICT":"Nicobar","ST_NM":"Andaman & Nicobar Island"}},
{"type":"Feature","geometry":{"type":"MultiPolygon","coordinates":[[[[92.698,12.24],[92.685,12.222],[92.663,12.218],[92.644,12.177],[92.638,12.144],[92.625,12.107],[92.619,12.065],[92.626,12.048],[92.612,12.009],[92.613,11.959],[92.611,11.943],[92.606,11.924],[92.612,11.914],[92.611,11.871],[92.602,11.873],[92.602,11.896],[92.594,11.899],[92.563,11.947],[92.556,11.929],[92.542,11.922],[92.538,11.904],[92.526,11.896],[92.522,11.87],[92.514,11.85],[92.525,11.827],[92.549,11.817],[92.553,11.797],[92.554,11.767],[92.552,11.723],[92.562,11.694],[92.573,11.699],[92.575,11.716],[92.595,11.711],[92.598,11.679],[92.591,11.671],[92.608,11.637],[92.626,11.628],[92.609,11.621],[92.606,11.608],[92.618,11.586],[92.647,11.572],[92.642,11.561],[92.648,11.522],[92.672,11.504],[92.685,11.512],[92.712,11.489],[92.727,11.519],[92.724,11.532],[92.735,11.553],[92.753,11.609],[92.752,11.633],[92.757,11.665],[92.745,11.676],[92.72,11.685],[92.716,11.676],[92.72,11.653],[92.699,11.65],[92.673,11.627],[92.665,11.645],[92.684,11.651],[92.702,11.673],[92.703,11.697],[92.716,11.706],[92.732,11.699],[92.755,11.718],[92.766,11.752],[92.769,11.799],[92.776,11.834],[92.786,11.867],[92.78,11.897],[92.788,11.919],[92.785,11.936],[92.765,11.94],[92.747,11.933],[92.733,11.905],[92.717,11.946],[92.719,11.963],[92.736,11.985],[92.755,11.982],[92.763,11.999],[92.75,12.005],[92.737,12.021],[92.747,12.036],[92.762,12.021],[92.777,12.024],[92.772,12.047],[92.755,12.058],[92.753,12.071],[92.736,12.084],[92.736,12.104],[92.756,12.153],[92.758,12.177],[92.736,12.182],[92.718,12.177],[92.709,12.2],[92.706,12.229],[92.698,12.24]]],[[[92.518,10.897],[92.507,10.89],[92.493,10.889],[92.479,10.871],[92.457,10.862],[92.46,10.844],[92.428,10.818],[92.419,10.796],[92.396,10.778],[92.378,10.785],[92.382,10.763],[92.378,10.738],[92.383,10.722],[92.381,10.694],[92.383,10.668],[92.394,10.666],[92.41,10.645],[92.421,10.616],[92.415,10.608],[92.41,10.583],[92.401,10.572],[92.394,10.553],[92.382,10.539],[92.402,10.531],[92.419,10.548],[92.434,10.548],[92.463,10.535],[92.482,10.518],[92.499,10.511],[92.531,10.518],[92.544,10.549],[92.568,10.576],[92.564,10.586],[92.545,10.592],[92.54,10.615],[92.546,10.629],[92.568,10.651],[92.579,10.654],[92.579,10.676],[92.597,10.681],[92.598,10.7],[92.583,10.741],[92.587,10.788],[92.563,10.804],[92.563,10.828],[92.556,10.844],[92.558,10.863],[92.518,10.897]]],[[[92.641,11.51],[92.636,11.517],[92.621,11.498],[92.612,11.459],[92.624,11.442],[92.625,11.409],[92.62,11.402],[92.588,11.401],[92.593,11.38],[92.582,11.367],[92.598,11.348],[92.62,11.35],[92.638,11.347],[92.649,11.357],[92.664,11.355],[92.691,11.371],[92.692,11.386],[92.662,11.397],[92.658,11.412],[92.671,11.416],[92.672,11.427],[92.686,11.436],[92.671,11.486],[92.644,11.501],[92.641,11.51]]],[[[92.984,12.042],[92.965,12.039],[92.951,12.014],[92.929,12],[92.935,11.985],[92.96,11.982],[92.974,11.949],[92.995,11.941],[93.006,11.929],[93.033,11.884],[93.045,11.884],[93.053,11.904],[93.035,11.949],[93.007,12.001],[93.01,12.017],[92.998,12.034],[92.984,12.042]]],[[[93.074,12.21],[93.066,12.211],[93.057,12.193],[93.041,12.152],[93.037,12.133],[93.045,12.128],[93.053,12.11],[93.075,12.084],[93.085,12.089],[93.093,12.113],[93.088,12.13],[93.095,12.142],[93.085,12.154],[93.09,12.177],[93.086,12.196],[93.074,12.21]]],[[[92.216,11.595],[92.208,11.586],[92.215,11.572],[92.208,11.55],[92.213,11.535],[92.232,11.527],[92.27,11.523],[92.275,11.537],[92.27,11.548],[92.27,11.585],[92.241,11.592],[92.23,11.588],[92.216,11.595]]],[[[93.029,12.166],[93.007,12.147],[93.002,12.133],[93.009,12.102],[93.008,12.076],[93.025,12.07],[93.045,12.046],[93.053,12.06],[93.049,12.084],[93.034,12.1],[93.036,12.124],[93.026,12.141],[93.029,12.166]]],[[[92.991,12.109],[92.972,12.104],[92.96,12.106],[92.964,12.069],[92.974,12.066],[92.992,12.044],[93.005,12.104],[92.991,12.109]]],[[[92.964,12.151],[92.956,12.143],[92.962,12.124],[92.983,12.112],[93.001,12.12],[92.992,12.144],[92.964,12.151]]],[[[93.103,12.261],[93.093,12.239],[93.084,12.258],[93.071,12.258],[93.067,12.228],[93.084,12.223],[93.102,12.206],[93.101,12.232],[93.106,12.242],[93.103,12.261]]],[[[93.032,11.837],[93.013,11.849],[93.014,11.832],[93.046,11.814],[93.058,11.815],[93.072,11.835],[93.063,11.845],[93.032,11.837]]],[[[92.541,11.603],[92.534,11.602],[92.533,11.571],[92.539,11.563],[92.554,11.562],[92.564,11.574],[92.563,11.593],[92.545,11.592],[92.541,11.603]]],[[[93.868,12.294],[93.851,12.29],[93.846,12.272],[93.856,12.265],[93.872,12.268],[93.877,12.28],[93.868,12.294]]],[[[92.756,11.967],[92.739,11.962],[92.746,11.945],[92.767,11.955],[92.756,11.967]]],[[[92.601,11.971],[92.596,11.96],[92.597,11.93],[92.609,11.94],[92.601,11.971]]],[[[92.706,11.289],[92.696,11.285],[92.694,11.27],[92.706,11.264],[92.706,11.289]]],[[[92.612,11.588],[92.601,11.586],[92.601,11.567],[92.619,11.573],[92.612,11.588]]],[[[92.61,11.559],[92.607,11.537],[92.616,11.535],[92.62,11.556],[92.61,11.559]]]]},"properties":{"DISTRICT":"South Andaman","ST_NM":"Andaman & Nicobar Island"}},
{"type":"Feature","geometry":{"type":"MultiPolygon","coordinates":[[[[92.899,12.915],[92.896,12.899],[92.873,12.893],[92.873,12.881],[92.844,12.875],[92.84,12.877],[92.843,12.885],[92.84,12.891],[92.831,12.885],[92.823,12.896],[92.804,12.897],[92.791,12.889],[92.793,12.864],[92.754,12.848],[92.724,12.827],[92.721,12.788],[92.73,12.752],[92.739,12.738],[92.74,12.703],[92.73,12.698],[92.744,12.672],[92.77,12.673],[92.786,12.691],[92.789,12.675],[92.783,12.664],[92.752,12.671],[92.733,12.653],[92.736,12.64],[92.712,12.623],[92.701,12.6],[92.709,12.576],[92.708,12.555],[92.699,12.539],[92.695,12.519],[92.701,12.501],[92.7,12.469],[92.706,12.45],[92.698,12.431],[92.7,12.407],[92.696,12.391],[92.7,12.334],[92.71,12.31],[92.72,12.304],[92.743,12.302],[92.756,12.297],[92.771,12.317],[92.79,12.312],[92.795,12.306],[92.811,12.315],[92.83,12.305],[92.87,12.317],[92.881,12.335],[92.873,12.353],[92.838,12.398],[92.829,12.426],[92.847,12.423],[92.864,12.427],[92.874,12.417],[92.887,12.422],[92.899,12.417],[92.921,12.427],[92.923,12.443],[92.942,12.45],[92.954,12.476],[92.935,12.471],[92.949,12.499],[92.959,12.487],[92.976,12.542],[92.957,12.593],[92.957,12.642],[92.963,12.661],[92.965,12.705],[92.969,12.74],[92.962,12.753],[92.934,12.774],[92.948,12.792],[92.954,12.808],[92.944,12.827],[92.936,12.854],[92.929,12.859],[92.928,12.884],[92.91,12.897],[92.899,12.915]]],[[[93.03,13.57],[93.017,13.571],[93.014,13.548],[92.987,13.57],[92.981,13.552],[92.992,13.536],[92.975,13.527],[92.967,13.542],[92.948,13.537],[92.917,13.536],[92.926,13.521],[92.925,13.496],[92.904,13.496],[92.903,13.481],[92.872,13.472],[92.875,13.446],[92.884,13.43],[92.865,13.401],[92.847,13.411],[92.844,13.393],[92.859,13.386],[92.85,13.37],[92.84,13.375],[92.834,13.353],[92.835,13.338],[92.827,13.329],[92.829,13.312],[92.842,13.302],[92.823,13.277],[92.838,13.261],[92.854,13.258],[92.85,13.239],[92.828,13.237],[92.829,13.209],[92.821,13.201],[92.821,13.183],[92.814,13.153],[92.845,13.142],[92.842,13.127],[92.81,13.127],[92.82,13.103],[92.808,13.1],[92.793,13.058],[92.797,13.051],[92.788,13.017],[92.81,12.998],[92.813,12.983],[92.795,12.987],[92.798,12.972],[92.793,12.952],[92.801,12.948],[92.794,12.915],[92.802,12.9],[92.81,12.9],[92.826,12.895],[92.83,12.886],[92.839,12.893],[92.844,12.89],[92.844,12.885],[92.841,12.877],[92.856,12.878],[92.872,12.883],[92.871,12.899],[92.859,12.902],[92.854,12.926],[92.869,12.934],[92.877,12.947],[92.875,12.965],[92.883,12.984],[92.892,12.991],[92.907,12.986],[92.91,12.962],[92.927,12.958],[92.939,12.972],[92.927,12.99],[92.908,13],[92.903,13.02],[92.916,13.055],[92.926,13.062],[92.942,13.063],[92.935,13.042],[92.951,13.029],[92.97,13.032],[92.984,13.026],[92.995,13.035],[93.006,13.032],[93.02,13.051],[93.034,13.081],[93.032,13.125],[93.037,13.14],[93.037,13.17],[93.032,13.178],[93.044,13.212],[93.042,13.223],[93.056,13.233],[93.058,13.252],[93.03,13.281],[93.013,13.276],[93.013,13.306],[93.004,13.318],[92.985,13.318],[92.964,13.324],[92.953,13.333],[92.96,13.358],[92.976,13.35],[92.98,13.335],[93.003,13.354],[93.026,13.349],[93.04,13.351],[93.04,13.322],[93.061,13.317],[93.09,13.336],[93.071,13.347],[93.052,13.39],[93.048,13.405],[93.033,13.426],[93.035,13.442],[93.029,13.461],[93.035,13.471],[93.043,13.505],[93.038,13.55],[93.03,13.57]]],[[[92.829,12.302],[92.81,12.314],[92.796,12.304],[92.785,12.311],[92.769,12.31],[92.78,12.288],[92.765,12.264],[92.75,12.274],[92.742,12.246],[92.748,12.235],[92.769,12.229],[92.764,12.211],[92.769,12.201],[92.765,12.176],[92.739,12.099],[92.74,12.082],[92.756,12.076],[92.763,12.065],[92.793,12.084],[92.799,12.109],[92.81,12.106],[92.811,12.13],[92.822,12.151],[92.825,12.168],[92.847,12.16],[92.854,12.172],[92.847,12.198],[92.854,12.204],[92.874,12.206],[92.873,12.226],[92.859,12.247],[92.883,12.257],[92.887,12.286],[92.873,12.289],[92.872,12.301],[92.855,12.305],[92.829,12.302]]],[[[92.697,12.991],[92.684,12.988],[92.668,12.954],[92.679,12.947],[92.671,12.923],[92.665,12.882],[92.649,12.862],[92.651,12.846],[92.666,12.812],[92.678,12.809],[92.689,12.818],[92.688,12.834],[92.702,12.842],[92.703,12.852],[92.72,12.874],[92.723,12.905],[92.72,12.913],[92.721,12.947],[92.718,12.955],[92.72,12.979],[92.709,12.99],[92.697,12.991]]],[[[92.731,12.242],[92.722,12.233],[92.724,12.207],[92.721,12.19],[92.748,12.181],[92.763,12.182],[92.768,12.202],[92.763,12.208],[92.763,12.229],[92.738,12.231],[92.731,12.242]]],[[[93.017,13.675],[92.982,13.665],[92.977,13.655],[92.986,13.643],[93.008,13.647],[93.024,13.627],[93.032,13.634],[93.025,13.66],[93.017,13.675]]],[[[92.956,12.43],[92.938,12.422],[92.928,12.41],[92.919,12.376],[92.919,12.365],[92.933,12.361],[92.942,12.382],[92.943,12.402],[92.961,12.422],[92.956,12.43]]],[[[92.934,12.308],[92.93,12.284],[92.911,12.293],[92.904,12.278],[92.914,12.273],[92.927,12.251],[92.942,12.276],[92.933,12.293],[92.934,12.308]]],[[[92.71,12.829],[92.701,12.814],[92.7,12.786],[92.719,12.752],[92.725,12.755],[92.712,12.777],[92.713,12.819],[92.71,12.829]]],[[[93.006,12.997],[92.993,12.991],[92.973,12.97],[92.959,12.989],[92.953,12.98],[92.972,12.956],[92.993,12.986],[93.006,12.997]]],[[[92.89,12.4],[92.882,12.398],[92.854,12.409],[92.844,12.396],[92.86,12.389],[92.863,12.38],[92.891,12.393],[92.89,12.4]]],[[[92.711,12.297],[92.7,12.276],[92.704,12.246],[92.713,12.248],[92.724,12.296],[92.711,12.297]]],[[[92.901,12.255],[92.873,12.248],[92.87,12.238],[92.881,12.224],[92.891,12.234],[92.914,12.232],[92.901,12.255]]],[[[94.26,13.436],[94.271,13.443],[94.276,13.469],[94.253,13.462],[94.246,13.443],[94.26,13.436]]],[[[92.927,13.024],[92.915,13.013],[92.921,13.001],[92.944,12.998],[92.939,13.026],[92.927,13.024]]],[[[92.844,13.44],[92.822,13.435],[92.822,13.422],[92.835,13.42],[92.846,13.432],[92.844,13.44]]],[[[92.73,12.864],[92.719,12.863],[92.712,12.845],[92.719,12.837],[92.73,12.864]]],[[[92.794,12.912],[92.775,12.905],[92.793,12.892],[92.794,12.912]]],[[[92.717,13.098],[92.696,13.09],[92.7,13.073],[92.717,13.098]]]]},"properties":{"DISTRICT":"North & Middle Andaman","ST_NM":"Andaman & Nicobar Island"}}
]}