{"type":"FeatureCollection", "features": [
{"type":"Feature","geometry":{"type":"Polygon","coordinates":[[[95.235,26.68],[95.275,26.66],[95.305,26.65],[95.345,26.675],[95.43,26.7],[95.43,26.715],[95.46,26.745],[95.485,26.745],[95.51,26.81],[95.545,26.835],[95.57,26.815],[95.6,26.81],[95.625,26.845],[95.645,26.885],[95.665,26.905],[95.725,26.88],[95.745,26.9],[95.75,26.925],[95.77,26.975],[95.8,27.015],[95.83,27.005],[95.875,27.015],[95.945,27.05],[95.97,27.1],[96.015,27.155],[96.02,27.18],[96.09,27.22],[96.155,27.245],[96.185,27.25],[96.23,27.275],[96.275,27.275],[96.305,27.295],[96.335,27.285],[96.405,27.29],[96.42,27.3],[96.51,27.3],[96.52,27.285],[96.55,27.32],[96.595,27.34],[96.605,27.365],[96.7,27.36],[96.705,27.37],[96.75,27.355],[96.795,27.345],[96.825,27.31],[96.85,27.29],[96.845,27.27],[96.885,27.26],[96.885,27.225],[96.865,27.22],[96.855,27.19],[96.9,27.17],[96.965,27.16],[96.995,27.14],[97.03,27.13],[97.06,27.1],[97.09,27.095],[97.12,27.105],[97.14,27.09],[97.165,27.14],[97.125,27.175],[97.12,27.19],[97.09,27.215],[97.09,27.235],[97.055,27.265],[97.035,27.295],[97,27.32],[96.99,27.345],[96.96,27.375],[96.96,27.405],[96.905,27.455],[96.905,27.47],[96.93,27.51],[96.905,27.545],[96.905,27.615],[96.935,27.66],[96.975,27.665],[97.01,27.71],[97.02,27.74],[97.06,27.75],[97.09,27.735],[97.1,27.765],[97.12,27.79],[97.155,27.815],[97.2,27.855],[97.255,27.9],[97.305,27.92],[97.34,27.885],[97.36,27.875],[97.385,27.885],[97.375,27.91],[97.375,27.975],[97.395,28.025],[97.375,28.03],[97.365,28.06],[97.31,28.06],[97.305,28.085],[97.335,28.11],[97.32,28.14],[97.33,28.155],[97.37,28.19],[97.37,28.22],[97.28,28.27],[97.24,28.27],[97.22,28.295],[97.19,28.285],[97.165,28.295],[97.155,28.32],[97.125,28.35],[97.09,28.365],[97.05,28.35],[97.02,28.32],[96.995,28.31],[96.95,28.335],[96.925,28.34],[96.895,28.38],[96.825,28.36],[96.77,28.37],[96.755,28.41],[96.68,28.445],[96.665,28.46],[96.595,28.46],[96.56,28.45],[96.51,28.415],[96.455,28.415],[96.43,28.385],[96.42,28.345],[96.4,28.34],[96.38,28.36],[96.37,28.39],[96.32,28.38],[96.305,28.4],[96.265,28.41],[96.365,28.475],[96.36,28.505],[96.325,28.525],[96.355,28.555],[96.4,28.56],[96.445,28.6],[96.495,28.64],[96.47,28.68],[96.53,28.705],[96.585,28.715],[96.615,28.76],[96.605,28.795],[96.585,28.815],[96.535,28.88],[96.54,28.915],[96.52,28.96],[96.485,28.96],[96.475,28.99],[96.525,29.075],[96.435,29.035],[96.345,29.03],[96.295,28.995],[96.23,28.925],[96.165,28.905],[96.145,28.935],[96.18,28.965],[96.185,28.985],[96.15,29.05],[96.125,29.08],[96.17,29.085],[96.2,29.105],[96.22,29.135],[96.26,29.155],[96.345,29.17],[96.36,29.18],[96.395,29.255],[96.375,29.28],[96.315,29.255],[96.295,29.235],[96.25,29.23],[96.235,29.24],[96.205,29.29],[96.185,29.305],[96.185,29.34],[96.15,29.395],[96.115,29.425],[96.08,29.46],[96.055,29.455],[96.015,29.42],[95.96,29.38],[95.88,29.39],[95.84,29.35],[95.79,29.335],[95.78,29.355],[95.745,29.33],[95.73,29.3],[95.705,29.3],[95.675,29.27],[95.635,29.25],[95.6,29.26],[95.585,29.215],[95.545,29.215],[95.55,29.125],[95.505,29.14],[95.495,29.12],[95.49,29.09],[95.455,29.035],[95.41,29.03],[95.345,29.045],[95.305,29.06],[95.27,29.055],[95.25,29.065],[95.25,29.11],[95.18,29.105],[95.125,29.115],[95.1,29.145],[95.04,29.15],[95.005,29.17],[95.015,29.13],[94.97,29.16],[94.92,29.16],[94.875,29.185],[94.85,29.18],[94.8,29.165],[94.8,29.21],[94.77,29.25],[94.715,29.305],[94.68,29.33],[94.63,29.35],[94.615,29.3],[94.575,29.275],[94.56,29.23],[94.535,29.22],[94.495,29.215],[94.435,29.225],[94.375,29.19],[94.365,29.155],[94.355,29.15],[94.29,29.15],[94.26,29.115],[94.215,29.085],[94.185,29.04],[94.175,28.99],[94.155,28.955],[94.08,28.905],[94.03,28.855],[93.995,28.84],[94,28.82],[93.985,28.8],[94.005,28.775],[93.97,28.75],[93.965,28.725],[93.935,28.675],[93.905,28.675],[93.865,28.705],[93.845,28.705],[93.775,28.67],[93.735,28.69],[93.61,28.655],[93.525,28.66],[93.5,28.685],[93.475,28.655],[93.45,28.675],[93.415,28.655],[93.335,28.635],[93.33,28.61],[93.3,28.6],[93.305,28.565],[93.29,28.545],[93.28,28.505],[93.23,28.48],[93.19,28.425],[93.235,28.4],[93.22,28.36],[93.225,28.34],[93.195,28.315],[93.125,28.325],[93.095,28.305],[93.075,28.31],[93.025,28.3],[93.035,28.265],[93,28.23],[92.965,28.26],[92.915,28.235],[92.895,28.205],[92.84,28.18],[92.8,28.2],[92.785,28.185],[92.68,28.12],[92.665,28.06],[92.695,28.05],[92.74,27.99],[92.705,27.935],[92.67,27.9],[92.605,27.875],[92.56,27.82],[92.545,27.815],[92.515,27.84],[92.495,27.835],[92.445,27.8],[92.415,27.825],[92.385,27.815],[92.38,27.795],[92.31,27.78],[92.285,27.805],[92.27,27.855],[92.255,27.86],[92.2,27.855],[92.16,27.835],[92.055,27.76],[92.04,27.755],[91.985,27.77],[91.96,27.75],[91.945,27.73],[91.88,27.72],[91.865,27.735],[91.83,27.805],[91.75,27.805],[91.695,27.82],[91.67,27.855],[91.61,27.855],[91.57,27.86],[91.55,27.845],[91.57,27.815],[91.6,27.82],[91.63,27.8],[91.635,27.77],[91.625,27.705],[91.595,27.685],[91.56,27.635],[91.58,27.6],[91.565,27.585],[91.595,27.54],[91.655,27.485],[91.69,27.505],[91.715,27.475],[91.76,27.475],[91.775,27.465],[91.83,27.47],[91.85,27.48],[91.94,27.46],[92.02,27.48],[92.02,27.46],[92.04,27.435],[92.055,27.4],[92.045,27.38],[92.06,27.325],[92.08,27.31],[92.12,27.29],[92.105,27.27],[92.07,27.275],[92.04,27.26],[92.065,27.245],[92.07,27.225],[92.055,27.19],[92.025,27.17],[92.035,27.14],[92.025,27.115],[92.03,27.08],[92.045,27.05],[92.065,27.05],[92.08,27.02],[92.105,27.005],[92.115,26.975],[92.115,26.93],[92.11,26.89],[92.195,26.89],[92.255,26.91],[92.275,26.9],[92.305,26.925],[92.365,26.935],[92.4,26.925],[92.445,26.96],[92.505,26.965],[92.555,26.96],[92.59,26.96],[92.645,26.985],[92.675,27.03],[92.725,27.02],[92.765,27.025],[92.825,27.01],[92.885,27],[92.92,26.98],[92.915,26.965],[92.985,26.935],[93.02,26.915],[93.065,26.92],[93.09,26.915],[93.105,26.925],[93.26,26.955],[93.325,26.96],[93.38,26.96],[93.45,26.95],[93.49,26.935],[93.525,26.95],[93.585,26.95],[93.655,26.965],[93.695,26.99],[93.715,27.015],[93.835,27.075],[93.825,27.11],[93.805,27.15],[93.835,27.17],[93.9,27.24],[93.99,27.33],[94.04,27.35],[94.07,27.37],[94.09,27.405],[94.16,27.46],[94.165,27.475],[94.22,27.505],[94.27,27.52],[94.245,27.57],[94.225,27.575],[94.22,27.61],[94.235,27.63],[94.275,27.59],[94.31,27.59],[94.37,27.575],[94.42,27.6],[94.45,27.57],[94.5,27.57],[94.545,27.6],[94.57,27.605],[94.585,27.62],[94.635,27.625],[94.645,27.64],[94.715,27.66],[94.755,27.66],[94.795,27.695],[94.83,27.695],[94.85,27.705],[94.85,27.73],[95.31,27.87],[95.38,27.84],[95.52,27.885],[95.545,27.91],[95.605,27.955],[95.825,27.97],[95.97,27.965],[95.95,27.925],[95.905,27.86],[95.87,27.835],[95.84,27.825],[95.8,27.775],[95.775,27.755],[95.78,27.735],[95.755,27.725],[95.79,27.645],[95.79,27.6],[95.83,27.565],[95.86,27.545],[95.875,27.545],[95.88,27.495],[95.87,27.465],[95.84,27.425],[95.855,27.42],[95.885,27.435],[95.94,27.435],[95.975,27.42],[96.02,27.37],[95.99,27.355],[95.96,27.31],[95.905,27.29],[95.895,27.255],[95.87,27.26],[95.85,27.285],[95.81,27.275],[95.74,27.265],[95.72,27.25],[95.69,27.255],[95.63,27.23],[95.585,27.225],[95.575,27.245],[95.525,27.265],[95.485,27.24],[95.455,27.205],[95.465,27.185],[95.46,27.14],[95.42,27.125],[95.4,27.11],[95.365,27.11],[95.315,27.085],[95.28,27.055],[95.245,27.025],[95.235,27.035],[95.195,27.03],[95.19,26.985],[95.21,26.93],[95.23,26.92],[95.23,26.885],[95.215,26.885],[95.18,26.86],[95.195,26.825],[95.23,26.765],[95.21,26.73],[95.235,26.705],[95.235,26.68]]]},"properties":{"ST_NM":"Arunachal Pradesh"}},
{"type":"Feature","geometry":{"type":"Polygon","coordinates":[[[95.195,27.03],[95.235,27.035],[95.245,27.025],[95.28,27.055],[95.315,27.085],[95.365,27.11],[95.4,27.11],[95.42,27.125],[95.46,27.14],[95.465,27.185],[95.455,27.205],[95.485,27.24],[95.525,27.265],[95.575,27.245],[95.585,27.225],[95.63,27.23],[95.69,27.255],[95.72,27.25],[95.74,27.265],[95.81,27.275],[95.85,27.285],[95.87,27.26],[95.895,27.255],[95.905,27.29],[95.96,27.31],[95.99,27.355],[96.02,27.37],[95.975,27.42],[95.94,27.435],[95.885,27.435],[95.855,27.42],[95.84,27.425],[95.87,27.465],[95.88,27.495],[95.875,27.545],[95.86,27.545],[95.83,27.565],[95.79,27.6],[95.79,27.645],[95.755,27.725],[95.78,27.735],[95.775,27.755],[95.8,27.775],[95.84,27.825],[95.87,27.835],[95.905,27.86],[95.95,27.925],[95.97,27.965],[95.825,27.97],[95.605,27.955],[95.545,27.91],[95.52,27.885],[95.38,27.84],[95.31,27.87],[94.85,27.73],[94.85,27.705],[94.83,27.695],[94.795,27.695],[94.755,27.66],[94.715,27.66],[94.645,27.64],[94.635,27.625],[94.585,27.62],[94.57,27.605],[94.545,27.6],[94.5,27.57],[94.45,27.57],[94.42,27.6],[94.37,27.575],[94.31,27.59],[94.275,27.59],[94.235,27.63],[94.22,27.61],[94.225,27.575],[94.245,27.57],[94.27,27.52],[94.22,27.505],[94.165,27.475],[94.16,27.46],[94.09,27.405],[94.07,27.37],[94.04,27.35],[93.99,27.33],[93.9,27.24],[93.835,27.17],[93.805,27.15],[93.825,27.11],[93.835,27.075],[93.715,27.015],[93.695,26.99],[93.655,26.965],[93.585,26.95],[93.525,26.95],[93.49,26.935],[93.45,26.95],[93.38,26.96],[93.325,26.96],[93.26,26.955],[93.105,26.925],[93.09,26.915],[93.065,26.92],[93.02,26.915],[92.985,26.935],[92.915,26.965],[92.92,26.98],[92.885,27],[92.825,27.01],[92.765,27.025],[92.725,27.02],[92.675,27.03],[92.645,26.985],[92.59,26.96],[92.555,26.96],[92.505,26.965],[92.445,26.96],[92.4,26.925],[92.365,26.935],[92.305,26.925],[92.275,26.9],[92.255,26.91],[92.195,26.89],[92.11,26.89],[92.1,26.865],[92.055,26.845],[91.985,26.86],[91.965,26.88],[91.895,26.92],[91.86,26.915],[91.825,26.865],[91.72,26.81],[91.69,26.805],[91.625,26.82],[91.595,26.805],[91.495,26.79],[91.445,26.815],[91.41,26.84],[91.375,26.795],[91.335,26.78],[91.3,26.785],[91.235,26.81],[91.145,26.81],[91.1,26.82],[91.055,26.78],[90.99,26.79],[90.81,26.775],[90.695,26.77],[90.675,26.785],[90.645,26.775],[90.635,26.795],[90.545,26.815],[90.42,26.905],[90.355,26.9],[90.35,26.875],[90.3,26.85],[90.23,26.86],[90.2,26.835],[90.19,26.805],[90.195,26.775],[90.14,26.755],[90.05,26.73],[90.01,26.73],[89.965,26.725],[89.9,26.725],[89.86,26.735],[89.85,26.695],[89.865,26.68],[89.865,26.65],[89.85,26.63],[89.87,26.615],[89.86,26.575],[89.86,26.555],[89.85,26.525],[89.87,26.45],[89.85,26.42],[89.835,26.385],[89.78,26.355],[89.785,26.335],[89.735,26.295],[89.73,26.26],[89.715,26.245],[89.72,26.165],[89.74,26.16],[89.765,26.135],[89.755,26.115],[89.78,26.11],[89.795,26.09],[89.8,26.06],[89.82,26.01],[89.845,26.005],[89.85,25.945],[89.885,25.945],[89.88,25.925],[89.835,25.87],[89.835,25.84],[89.825,25.81],[89.84,25.76],[89.825,25.74],[89.835,25.72],[89.87,25.665],[89.88,25.63],[89.875,25.58],[89.85,25.48],[89.855,25.465],[89.87,25.475],[89.88,25.55],[89.935,25.565],[89.98,25.585],[90.005,25.585],[90.02,25.61],[89.985,25.63],[89.955,25.655],[89.945,25.68],[89.925,25.695],[89.895,25.73],[89.925,25.74],[89.955,25.77],[89.95,25.82],[90.005,25.84],[90.025,25.865],[90.005,25.88],[90.085,25.92],[90.115,25.955],[90.175,25.96],[90.185,25.945],[90.285,25.965],[90.325,25.975],[90.35,26.005],[90.4,26.015],[90.43,25.99],[90.475,26.01],[90.495,25.995],[90.535,25.95],[90.525,25.905],[90.575,25.935],[90.585,25.955],[90.625,25.94],[90.63,25.92],[90.715,25.95],[90.74,25.94],[90.765,25.91],[90.78,25.91],[90.81,25.95],[90.875,25.945],[90.895,25.93],[90.94,25.945],[90.96,25.93],[90.965,25.89],[91.03,25.885],[91.03,25.87],[91,25.825],[91.02,25.825],[91.045,25.85],[91.085,25.83],[91.12,25.835],[91.145,25.85],[91.205,25.845],[91.18,25.775],[91.19,25.75],[91.22,25.725],[91.275,25.75],[91.29,25.765],[91.335,25.84],[91.365,25.84],[91.425,25.855],[91.435,25.845],[91.47,25.86],[91.48,25.89],[91.51,25.91],[91.52,25.94],[91.55,25.985],[91.57,26.025],[91.62,26.025],[91.635,26.015],[91.63,25.975],[91.635,25.96],[91.62,25.93],[91.65,25.905],[91.67,25.905],[91.72,25.955],[91.725,26.045],[91.78,26.09],[91.79,26.085],[91.82,26.12],[91.88,26.1],[91.87,26.055],[91.875,26.035],[91.91,26.015],[91.935,26.01],[91.985,26.025],[91.99,26.04],[92.065,26.035],[92.11,26.05],[92.13,26.045],[92.17,26.08],[92.26,26.065],[92.265,26.035],[92.205,26],[92.165,25.97],[92.15,25.945],[92.155,25.915],[92.185,25.915],[92.22,25.9],[92.175,25.875],[92.175,25.85],[92.15,25.815],[92.15,25.775],[92.165,25.745],[92.155,25.725],[92.165,25.665],[92.195,25.685],[92.225,25.715],[92.265,25.71],[92.365,25.735],[92.375,25.75],[92.415,25.74],[92.445,25.72],[92.44,25.69],[92.47,25.675],[92.505,25.615],[92.555,25.615],[92.555,25.57],[92.585,25.55],[92.625,25.565],[92.64,25.59],[92.655,25.56],[92.645,25.535],[92.575,25.49],[92.565,25.475],[92.6,25.465],[92.6,25.45],[92.62,25.425],[92.65,25.43],[92.7,25.385],[92.745,25.36],[92.76,25.335],[92.78,25.335],[92.79,25.285],[92.76,25.245],[92.77,25.23],[92.8,25.22],[92.775,25.2],[92.745,25.205],[92.695,25.18],[92.66,25.17],[92.655,25.155],[92.63,25.135],[92.62,25.115],[92.59,25.13],[92.525,25.135],[92.54,25.1],[92.48,25.11],[92.48,25.085],[92.455,25.055],[92.425,25.03],[92.42,24.965],[92.46,24.97],[92.45,24.94],[92.485,24.93],[92.495,24.9],[92.49,24.88],[92.475,24.87],[92.385,24.85],[92.375,24.875],[92.35,24.89],[92.315,24.895],[92.3,24.915],[92.28,24.905],[92.245,24.91],[92.24,24.87],[92.24,24.84],[92.27,24.83],[92.275,24.8],[92.29,24.79],[92.28,24.74],[92.295,24.735],[92.255,24.68],[92.235,24.585],[92.23,24.545],[92.21,24.505],[92.23,24.5],[92.23,24.45],[92.245,24.44],[92.26,24.36],[92.22,24.285],[92.205,24.24],[92.22,24.235],[92.26,24.25],[92.29,24.25],[92.42,24.255],[92.42,24.195],[92.435,24.155],[92.465,24.135],[92.525,24.17],[92.55,24.225],[92.55,24.245],[92.61,24.255],[92.625,24.33],[92.65,24.33],[92.66,24.35],[92.69,24.355],[92.765,24.52],[92.8,24.42],[92.82,24.405],[92.825,24.375],[92.86,24.4],[92.905,24.41],[92.935,24.39],[92.975,24.41],[93.01,24.41],[93.035,24.425],[93.045,24.475],[93.035,24.495],[93.05,24.52],[93.05,24.54],[93.07,24.56],[93.06,24.575],[93.085,24.615],[93.085,24.65],[93.095,24.665],[93.08,24.705],[93.105,24.74],[93.1,24.755],[93.105,24.79],[93.135,24.81],[93.15,24.795],[93.19,24.805],[93.195,24.845],[93.22,24.87],[93.225,24.895],[93.25,24.915],[93.245,24.94],[93.26,24.97],[93.24,25.005],[93.265,25.045],[93.305,25.06],[93.315,25.085],[93.33,25.095],[93.345,25.14],[93.355,25.185],[93.38,25.22],[93.385,25.245],[93.42,25.28],[93.45,25.29],[93.455,25.29],[93.47,25.305],[93.455,25.325],[93.45,25.355],[93.475,25.385],[93.46,25.4],[93.455,25.435],[93.415,25.445],[93.385,25.47],[93.355,25.53],[93.325,25.545],[93.365,25.56],[93.38,25.585],[93.42,25.62],[93.425,25.63],[93.48,25.645],[93.505,25.665],[93.52,25.69],[93.585,25.765],[93.62,25.775],[93.64,25.815],[93.68,25.83],[93.7,25.85],[93.68,25.905],[93.735,25.925],[93.765,25.95],[93.785,25.945],[93.795,25.905],[93.78,25.85],[93.79,25.81],[93.815,25.825],[93.845,25.86],[93.875,25.845],[93.915,25.885],[93.98,25.915],[93.97,25.955],[93.955,25.97],[93.96,26.035],[93.985,26.065],[93.98,26.08],[93.995,26.105],[93.99,26.135],[94.01,26.185],[94.03,26.2],[94.045,26.25],[94.075,26.265],[94.075,26.285],[94.12,26.33],[94.17,26.34],[94.175,26.38],[94.17,26.415],[94.185,26.46],[94.205,26.485],[94.235,26.505],[94.255,26.54],[94.28,26.55],[94.285,26.505],[94.295,26.47],[94.315,26.46],[94.325,26.48],[94.375,26.505],[94.405,26.545],[94.41,26.585],[94.405,26.61],[94.45,26.635],[94.46,26.66],[94.495,26.665],[94.54,26.705],[94.59,26.695],[94.595,26.735],[94.625,26.715],[94.695,26.735],[94.77,26.785],[94.8,26.8],[94.815,26.82],[94.82,26.85],[94.845,26.87],[94.865,26.91],[94.89,26.93],[94.955,26.94],[94.98,26.915],[95.015,26.92],[95.035,26.935],[95.08,26.95],[95.11,26.975],[95.15,27],[95.195,27.03]]]},"properties":{"ST_NM":"Assam"}},
{"type":"Feature","geometry":{"type":"Polygon","coordinates":[[[76.84,30.755],[76.815,30.755],[76.77,30.795],[76.71,30.76],[76.715,30.74],[76.75,30.685],[76.775,30.67],[76.81,30.665],[76.83,30.68],[76.85,30.725],[76.84,30.755]]]},"properties":{"ST_NM":"Chandigarh"}},
{"type":"Feature","geometry":{"type":"Polygon","coordinates":[[[77.55,18.29],[77.525,18.31],[77.495,18.265],[77.45,18.27],[77.43,18.31],[77.41,18.3],[77.37,18.325],[77.395,18.35],[77.395,18.37],[77.415,18.395],[77.375,18.4],[77.365,18.435],[77.315,18.445],[77.24,18.415],[77.225,18.365],[77.23,18.35],[77.21,18.315],[77.21,18.29],[77.175,18.285],[77.14,18.21],[77.1,18.195],[77.115,18.155],[77.065,18.15],[77.035,18.18],[77.025,18.16],[76.995,18.165],[76.99,18.19],[76.95,18.19],[76.94,18.155],[76.92,18.12],[76.955,18.11],[76.945,18.05],[76.915,18.035],[76.905,18.01],[76.92,17.94],[76.885,17.895],[76.85,17.9],[76.81,17.885],[76.81,17.87],[76.775,17.88],[76.77,17.9],[76.74,17.895],[76.74,17.86],[76.765,17.85],[76.785,17.835],[76.785,17.805],[76.76,17.785],[76.735,17.78],[76.72,17.755],[76.69,17.685],[76.67,17.69],[76.655,17.72],[76.635,17.73],[76.63,17.755],[76.61,17.77],[76.585,17.705],[76.57,17.705],[76.565,17.765],[76.53,17.76],[76.525,17.715],[76.485,17.715],[76.485,17.66],[76.46,17.66],[76.43,17.645],[76.42,17.605],[76.33,17.595],[76.345,17.515],[76.33,17.47],[76.335,17.435],[76.37,17.435],[76.365,17.38],[76.41,17.37],[76.385,17.315],[76.355,17.315],[76.345,17.355],[76.315,17.35],[76.32,17.33],[76.275,17.335],[76.27,17.36],[76.195,17.365],[76.17,17.35],[76.18,17.31],[76.165,17.305],[76.165,17.345],[76.12,17.37],[76.1,17.365],[76.085,17.335],[76.06,17.355],[76.01,17.35],[76,17.34],[75.925,17.325],[75.89,17.36],[75.895,17.4],[75.855,17.385],[75.85,17.41],[75.82,17.42],[75.805,17.37],[75.78,17.375],[75.765,17.405],[75.73,17.42],[75.72,17.41],[75.685,17.415],[75.675,17.455],[75.635,17.475],[75.62,17.46],[75.61,17.395],[75.575,17.385],[75.58,17.35],[75.61,17.345],[75.605,17.305],[75.63,17.275],[75.655,17.275],[75.66,17.215],[75.63,17.19],[75.63,17.165],[75.645,17.145],[75.65,17.115],[75.67,17.115],[75.675,17.065],[75.67,17.04],[75.665,16.98],[75.645,16.955],[75.63,16.97],[75.61,16.97],[75.605,17.005],[75.565,17.01],[75.565,16.97],[75.53,16.97],[75.49,16.945],[75.485,16.975],[75.465,16.99],[75.43,16.965],[75.39,16.98],[75.34,16.955],[75.28,16.955],[75.28,16.925],[75.29,16.905],[75.265,16.865],[75.24,16.87],[75.23,16.845],[75.185,16.845],[75.175,16.87],[75.135,16.875],[75.135,16.895],[75.12,16.915],[75.095,16.915],[75.09,16.95],[75.065,16.94],[74.99,16.95],[74.96,16.94],[74.94,16.945],[74.92,16.93],[74.945,16.91],[74.965,16.91],[74.96,16.88],[74.935,16.88],[74.925,16.865],[74.9,16.865],[74.91,16.835],[74.91,16.79],[74.92,16.775],[74.85,16.775],[74.845,16.76],[74.775,16.75],[74.73,16.72],[74.69,16.715],[74.69,16.675],[74.665,16.665],[74.655,16.645],[74.69,16.615],[74.66,16.605],[74.635,16.605],[74.635,16.585],[74.57,16.555],[74.545,16.595],[74.545,16.635],[74.49,16.63],[74.475,16.645],[74.465,16.605],[74.435,16.6],[74.42,16.585],[74.395,16.585],[74.38,16.53],[74.32,16.555],[74.3,16.53],[74.28,16.53],[74.28,16.505],[74.255,16.5],[74.26,16.48],[74.29,16.505],[74.295,16.465],[74.33,16.45],[74.34,16.39],[74.32,16.37],[74.315,16.33],[74.34,16.305],[74.32,16.285],[74.335,16.27],[74.365,16.285],[74.385,16.275],[74.415,16.28],[74.42,16.26],[74.505,16.225],[74.505,16.19],[74.49,16.175],[74.485,16.14],[74.49,16.105],[74.48,16.09],[74.43,16.11],[74.39,16.08],[74.37,16.08],[74.365,16.06],[74.38,16.035],[74.415,16.055],[74.45,16.055],[74.465,16.04],[74.43,15.95],[74.385,15.905],[74.4,15.85],[74.365,15.875],[74.345,15.85],[74.385,15.85],[74.365,15.825],[74.37,15.795],[74.345,15.765],[74.325,15.775],[74.31,15.75],[74.285,15.74],[74.27,15.755],[74.24,15.745],[74.21,15.78],[74.2,15.76],[74.16,15.75],[74.125,15.725],[74.13,15.695],[74.105,15.67],[74.12,15.65],[74.165,15.655],[74.165,15.67],[74.205,15.665],[74.225,15.67],[74.25,15.655],[74.245,15.625],[74.265,15.615],[74.25,15.57],[74.275,15.545],[74.28,15.52],[74.25,15.49],[74.275,15.45],[74.27,15.42],[74.285,15.385],[74.325,15.365],[74.315,15.33],[74.335,15.295],[74.325,15.285],[74.295,15.29],[74.27,15.28],[74.25,15.25],[74.3,15.225],[74.315,15.18],[74.285,15.145],[74.285,15.115],[74.275,15.1],[74.295,15.04],[74.25,14.995],[74.265,14.98],[74.25,14.96],[74.215,14.945],[74.2,14.925],[74.18,14.955],[74.155,14.94],[74.16,14.91],[74.125,14.925],[74.085,14.9],[74.095,14.9],[74.11,14.85],[74.125,14.835],[74.12,14.8],[74.13,14.78],[74.205,14.73],[74.23,14.75],[74.25,14.74],[74.285,14.675],[74.285,14.64],[74.28,14.62],[74.295,14.595],[74.315,14.545],[74.315,14.52],[74.355,14.51],[74.395,14.42],[74.415,14.32],[74.455,14.2],[74.47,14.19],[74.5,14.04],[74.515,13.985],[74.55,13.95],[74.57,13.945],[74.59,13.91],[74.61,13.86],[74.63,13.78],[74.65,13.665],[74.665,13.65],[74.68,13.565],[74.695,13.46],[74.7,13.345],[74.71,13.33],[74.745,13.195],[74.765,13.125],[74.825,12.85],[74.845,12.795],[74.87,12.76],[74.88,12.755],[74.93,12.78],[74.97,12.775],[75,12.79],[75.005,12.77],[74.98,12.74],[75.05,12.72],[75.04,12.67],[75.11,12.685],[75.16,12.675],[75.145,12.64],[75.155,12.625],[75.18,12.63],[75.2,12.615],[75.22,12.57],[75.24,12.57],[75.275,12.62],[75.325,12.585],[75.29,12.585],[75.27,12.57],[75.28,12.525],[75.305,12.525],[75.305,12.505],[75.33,12.5],[75.34,12.47],[75.36,12.465],[75.38,12.5],[75.42,12.5],[75.425,12.465],[75.395,12.455],[75.37,12.455],[75.365,12.41],[75.38,12.39],[75.42,12.375],[75.41,12.345],[75.435,12.295],[75.485,12.29],[75.505,12.27],[75.54,12.2],[75.575,12.155],[75.62,12.155],[75.645,12.14],[75.65,12.11],[75.665,12.095],[75.685,12.11],[75.73,12.075],[75.75,12.085],[75.805,12.08],[75.8,12.035],[75.825,12.015],[75.83,11.985],[75.845,11.98],[75.86,11.96],[75.895,11.945],[75.955,11.94],[76.005,11.93],[76.035,11.94],[76.07,11.965],[76.11,11.98],[76.115,11.865],[76.12,11.85],[76.155,11.87],[76.19,11.87],[76.205,11.86],[76.21,11.83],[76.225,11.805],[76.28,11.81],[76.31,11.785],[76.32,11.75],[76.34,11.74],[76.375,11.745],[76.41,11.76],[76.425,11.72],[76.41,11.715],[76.41,11.69],[76.43,11.665],[76.455,11.665],[76.51,11.705],[76.54,11.69],[76.57,11.62],[76.615,11.61],[76.67,11.615],[76.75,11.615],[76.755,11.62],[76.855,11.6],[76.835,11.64],[76.85,11.685],[76.875,11.725],[76.89,11.735],[76.895,11.775],[76.91,11.795],[76.97,11.775],[76.985,11.8],[77.015,11.815],[77.04,11.795],[77.085,11.74],[77.11,11.745],[77.11,11.775],[77.19,11.795],[77.24,11.795],[77.25,11.815],[77.29,11.8],[77.295,11.81],[77.335,11.77],[77.37,11.785],[77.395,11.785],[77.43,11.765],[77.45,11.795],[77.465,11.875],[77.49,11.91],[77.495,11.94],[77.54,11.93],[77.56,11.94],[77.605,11.94],[77.625,11.945],[77.67,11.95],[77.695,12.015],[77.725,12.06],[77.755,12.08],[77.775,12.12],[77.755,12.13],[77.73,12.18],[77.655,12.2],[77.615,12.205],[77.565,12.195],[77.55,12.205],[77.52,12.195],[77.47,12.21],[77.485,12.23],[77.47,12.245],[77.49,12.28],[77.525,12.28],[77.565,12.305],[77.58,12.335],[77.615,12.36],[77.62,12.385],[77.625,12.46],[77.605,12.475],[77.615,12.505],[77.585,12.515],[77.58,12.575],[77.59,12.615],[77.605,12.63],[77.6,12.665],[77.66,12.685],[77.68,12.66],[77.74,12.675],[77.74,12.7],[77.76,12.695],[77.76,12.725],[77.795,12.76],[77.78,12.77],[77.8,12.795],[77.8,12.85],[77.835,12.87],[77.89,12.87],[77.93,12.89],[77.94,12.875],[77.915,12.84],[77.94,12.825],[77.965,12.835],[77.99,12.82],[78.02,12.83],[78.03,12.855],[78.075,12.84],[78.09,12.815],[78.12,12.8],[78.135,12.78],[78.175,12.775],[78.23,12.76],[78.245,12.79],[78.25,12.86],[78.31,12.86],[78.315,12.875],[78.36,12.935],[78.38,12.915],[78.43,12.9],[78.47,12.88],[78.47,12.9],[78.44,12.93],[78.41,12.945],[78.435,12.965],[78.465,12.975],[78.46,13.045],[78.515,13.06],[78.51,13.095],[78.535,13.11],[78.515,13.13],[78.55,13.165],[78.575,13.17],[78.57,13.2],[78.57,13.25],[78.585,13.26],[78.58,13.295],[78.555,13.285],[78.48,13.3],[78.44,13.33],[78.4,13.315],[78.385,13.33],[78.41,13.345],[78.37,13.375],[78.38,13.395],[78.375,13.46],[78.38,13.525],[78.405,13.575],[78.385,13.59],[78.35,13.585],[78.325,13.595],[78.26,13.585],[78.245,13.6],[78.19,13.59],[78.205,13.63],[78.175,13.63],[78.17,13.655],[78.09,13.66],[78.065,13.675],[78.085,13.69],[78.115,13.695],[78.12,13.715],[78.09,13.74],[78.115,13.765],[78.125,13.79],[78.115,13.81],[78.125,13.83],[78.115,13.865],[78.085,13.865],[78.08,13.88],[78.05,13.895],[78.045,13.86],[77.99,13.87],[77.975,13.83],[77.955,13.83],[77.95,13.89],[77.985,13.9],[77.98,13.925],[77.99,13.955],[77.965,13.96],[77.925,13.905],[77.895,13.925],[77.895,13.94],[77.815,13.93],[77.82,13.9],[77.835,13.87],[77.81,13.85],[77.78,13.845],[77.79,13.825],[77.73,13.81],[77.705,13.77],[77.65,13.785],[77.62,13.77],[77.615,13.75],[77.57,13.74],[77.56,13.725],[77.54,13.755],[77.53,13.695],[77.515,13.715],[77.485,13.715],[77.49,13.69],[77.455,13.68],[77.45,13.71],[77.465,13.725],[77.47,13.76],[77.445,13.81],[77.415,13.81],[77.415,13.84],[77.38,13.84],[77.36,13.855],[77.325,13.835],[77.315,13.865],[77.255,13.845],[77.25,13.87],[77.25,13.9],[77.23,13.905],[77.22,13.87],[77.18,13.87],[77.19,13.91],[77.16,13.905],[77.17,13.865],[77.165,13.8],[77.18,13.78],[77.175,13.76],[77.135,13.76],[77.105,13.77],[77.065,13.745],[77.045,13.78],[77.025,13.78],[77.015,13.74],[76.995,13.75],[76.98,13.825],[77.02,13.875],[77.025,13.905],[77.045,13.905],[77.04,13.935],[76.995,13.965],[77,13.99],[76.935,14.035],[76.93,14.055],[76.97,14.06],[76.975,14.085],[76.945,14.12],[76.89,14.135],[76.895,14.17],[76.94,14.175],[76.96,14.18],[77.005,14.185],[77.02,14.155],[77.03,14.055],[77.075,14.045],[77.13,14.045],[77.14,14.005],[77.17,14.01],[77.205,14.01],[77.275,14.01],[77.32,14.03],[77.335,14],[77.36,13.99],[77.35,13.96],[77.37,13.95],[77.35,13.915],[77.355,13.905],[77.4,13.905],[77.405,13.89],[77.435,13.915],[77.415,13.925],[77.43,13.945],[77.44,13.975],[77.425,13.985],[77.38,13.99],[77.385,14.015],[77.33,14.03],[77.34,14.06],[77.36,14.06],[77.38,14.1],[77.4,14.11],[77.38,14.135],[77.395,14.175],[77.465,14.17],[77.505,14.155],[77.515,14.185],[77.495,14.225],[77.505,14.265],[77.48,14.29],[77.455,14.28],[77.445,14.32],[77.41,14.335],[77.38,14.325],[77.39,14.27],[77.405,14.265],[77.42,14.21],[77.395,14.2],[77.38,14.23],[77.36,14.235],[77.365,14.275],[77.29,14.28],[77.285,14.34],[77.245,14.315],[77.195,14.32],[77.165,14.34],[77.14,14.34],[77.13,14.305],[77.11,14.27],[77.115,14.225],[77.08,14.215],[77.05,14.245],[77.005,14.235],[76.985,14.245],[76.94,14.245],[76.925,14.275],[76.955,14.295],[76.945,14.315],[76.905,14.325],[76.885,14.35],[76.885,14.395],[76.915,14.42],[76.95,14.415],[76.975,14.485],[76.9,14.49],[76.87,14.475],[76.855,14.51],[76.805,14.535],[76.79,14.555],[76.78,14.595],[76.765,14.6],[76.775,14.685],[76.805,14.74],[76.785,14.785],[76.835,14.79],[76.85,14.81],[76.85,14.885],[76.865,14.895],[76.865,14.97],[76.84,14.965],[76.765,14.975],[76.79,15.02],[76.775,15.06],[76.785,15.09],[76.8,15.095],[76.86,15.06],[76.88,15.035],[76.95,15.03],[76.965,15.02],[77.005,15.035],[77.05,15.035],[77.045,15.01],[77.08,15.005],[77.085,15.03],[77.115,15.035],[77.13,15.07],[77.13,15.1],[77.155,15.125],[77.17,15.17],[77.155,15.215],[77.125,15.225],[77.15,15.275],[77.15,15.29],[77.12,15.295],[77.115,15.325],[77.1,15.335],[77.075,15.325],[77.045,15.355],[77.045,15.39],[77.03,15.4],[77.03,15.435],[77.01,15.45],[76.995,15.48],[76.975,15.49],[76.975,15.51],[77.03,15.5],[77.03,15.545],[77.025,15.58],[77.03,15.635],[77.07,15.645],[77.085,15.66],[77.12,15.63],[77.13,15.665],[77.08,15.695],[77.08,15.725],[77.05,15.73],[77.065,15.805],[77.065,15.83],[77.025,15.84],[77.035,15.86],[77.07,15.91],[77.105,15.93],[77.185,15.955],[77.235,15.955],[77.25,15.965],[77.285,15.955],[77.3,15.96],[77.35,15.95],[77.38,15.94],[77.435,15.95],[77.465,15.935],[77.515,15.925],[77.52,15.965],[77.51,15.98],[77.515,16.01],[77.495,16.035],[77.505,16.08],[77.49,16.12],[77.49,16.185],[77.5,16.22],[77.49,16.255],[77.505,16.275],[77.54,16.27],[77.545,16.29],[77.595,16.315],[77.59,16.335],[77.515,16.375],[77.49,16.385],[77.44,16.38],[77.425,16.365],[77.38,16.385],[77.35,16.385],[77.335,16.395],[77.29,16.41],[77.27,16.43],[77.265,16.475],[77.295,16.475],[77.3,16.495],[77.33,16.485],[77.37,16.49],[77.38,16.515],[77.415,16.515],[77.425,16.57],[77.44,16.585],[77.46,16.585],[77.47,16.61],[77.46,16.655],[77.445,16.64],[77.42,16.67],[77.465,16.675],[77.475,16.715],[77.425,16.73],[77.445,16.765],[77.44,16.785],[77.475,16.78],[77.46,16.83],[77.465,16.85],[77.455,16.915],[77.465,16.96],[77.48,16.97],[77.48,16.995],[77.5,17.01],[77.495,17.045],[77.465,17.11],[77.405,17.125],[77.38,17.14],[77.36,17.165],[77.38,17.225],[77.42,17.24],[77.425,17.255],[77.46,17.28],[77.44,17.29],[77.455,17.33],[77.455,17.375],[77.505,17.355],[77.525,17.365],[77.525,17.39],[77.515,17.43],[77.535,17.445],[77.575,17.43],[77.575,17.455],[77.615,17.445],[77.615,17.47],[77.65,17.485],[77.69,17.475],[77.69,17.5],[77.66,17.525],[77.63,17.525],[77.595,17.535],[77.595,17.565],[77.55,17.55],[77.53,17.575],[77.505,17.54],[77.495,17.57],[77.48,17.565],[77.445,17.585],[77.455,17.635],[77.45,17.65],[77.45,17.695],[77.495,17.71],[77.52,17.725],[77.545,17.73],[77.57,17.75],[77.56,17.765],[77.51,17.79],[77.515,17.805],[77.565,17.845],[77.57,17.87],[77.595,17.88],[77.585,17.91],[77.62,17.905],[77.625,17.945],[77.65,17.95],[77.655,17.97],[77.65,18],[77.63,17.995],[77.585,18.015],[77.585,18.03],[77.555,18.035],[77.55,18.065],[77.595,18.085],[77.6,18.105],[77.595,18.155],[77.575,18.175],[77.585,18.22],[77.575,18.24],[77.605,18.28],[77.55,18.29]]]},"properties":{"ST_NM":"Karnataka"}},
{"type":"Feature","geometry":{"type":"Polygon","coordinates":[[[94.675,25.445],[94.615,25.46],[94.57,25.5],[94.555,25.505],[94.56,25.575],[94.575,25.64],[94.585,25.66],[94.565,25.675],[94.505,25.615],[94.47,25.615],[94.425,25.585],[94.42,25.54],[94.32,25.505],[94.285,25.505],[94.22,25.49],[94.185,25.53],[94.15,25.545],[94.135,25.52],[94.095,25.53],[94.05,25.575],[94.02,25.59],[94,25.585],[93.955,25.55],[93.89,25.565],[93.86,25.555],[93.835,25.56],[93.815,25.54],[93.765,25.535],[93.76,25.505],[93.8,25.495],[93.805,25.465],[93.765,25.415],[93.74,25.405],[93.71,25.36],[93.685,25.355],[93.68,25.33],[93.635,25.265],[93.605,25.2],[93.545,25.25],[93.5,25.245],[93.505,25.27],[93.47,25.275],[93.475,25.295],[93.47,25.305],[93.465,25.31],[93.455,25.325],[93.47,25.305],[93.455,25.29],[93.45,25.29],[93.42,25.28],[93.385,25.245],[93.38,25.22],[93.355,25.185],[93.345,25.14],[93.33,25.095],[93.315,25.085],[93.305,25.06],[93.265,25.045],[93.24,25.005],[93.26,24.97],[93.245,24.94],[93.25,24.915],[93.225,24.895],[93.22,24.87],[93.195,24.845],[93.19,24.805],[93.15,24.795],[93.135,24.81],[93.105,24.79],[93.1,24.755],[93.105,24.74],[93.08,24.705],[93.095,24.665],[93.085,24.65],[93.085,24.615],[93.06,24.575],[93.07,24.56],[93.05,24.54],[93.05,24.52],[93.035,24.495],[93.045,24.475],[93.035,24.425],[93.01,24.41],[93.025,24.395],[93.02,24.35],[93.04,24.345],[93.035,24.32],[93.01,24.285],[93.005,24.26],[93.02,24.23],[93.005,24.16],[92.99,24.15],[92.99,24.115],[93.05,24.09],[93.08,24.1],[93.095,24.075],[93.125,24.06],[93.14,24.085],[93.16,24.075],[93.17,24.05],[93.21,24.05],[93.22,24.085],[93.26,24.07],[93.25,24.035],[93.285,24.045],[93.325,24.05],[93.345,24.09],[93.4,24.085],[93.415,24.07],[93.44,24.015],[93.455,24.01],[93.46,23.975],[93.5,23.945],[93.55,23.96],[93.56,23.98],[93.585,23.96],[93.605,23.97],[93.625,24.01],[93.665,24],[93.69,24.01],[93.72,24],[93.76,24.005],[93.77,23.975],[93.82,23.925],[93.86,23.93],[93.895,23.95],[93.945,23.945],[93.955,23.935],[93.995,23.92],[94.02,23.925],[94.04,23.9],[94.075,23.885],[94.095,23.89],[94.115,23.84],[94.145,23.835],[94.155,23.85],[94.17,23.93],[94.19,23.94],[94.19,23.96],[94.235,24.035],[94.255,24.08],[94.25,24.125],[94.26,24.165],[94.275,24.175],[94.29,24.235],[94.305,24.24],[94.32,24.275],[94.32,24.33],[94.35,24.335],[94.38,24.38],[94.36,24.395],[94.395,24.41],[94.41,24.44],[94.395,24.455],[94.4,24.48],[94.425,24.48],[94.455,24.565],[94.495,24.59],[94.515,24.61],[94.545,24.67],[94.545,24.71],[94.585,24.705],[94.63,24.755],[94.62,24.785],[94.63,24.805],[94.63,24.84],[94.66,24.87],[94.685,24.895],[94.7,24.93],[94.695,24.96],[94.705,24.985],[94.74,25.025],[94.745,25.08],[94.74,25.125],[94.695,25.155],[94.64,25.165],[94.62,25.185],[94.595,25.19],[94.575,25.215],[94.585,25.23],[94.595,25.285],[94.635,25.36],[94.63,25.39],[94.66,25.405],[94.675,25.445]]]},"properties":{"ST_NM":"Manipur"}},
{"type":"Feature","geometry":{"type":"Polygon","coordinates":[[[92.425,25.03],[92.455,25.055],[92.48,25.085],[92.48,25.11],[92.54,25.1],[92.525,25.135],[92.59,25.13],[92.62,25.115],[92.63,25.135],[92.655,25.155],[92.66,25.17],[92.695,25.18],[92.745,25.205],[92.775,25.2],[92.8,25.22],[92.77,25.23],[92.76,25.245],[92.79,25.285],[92.78,25.335],[92.76,25.335],[92.745,25.36],[92.7,25.385],[92.65,25.43],[92.62,25.425],[92.6,25.45],[92.6,25.465],[92.565,25.475],[92.575,25.49],[92.645,25.535],[92.655,25.56],[92.64,25.59],[92.625,25.565],[92.585,25.55],[92.555,25.57],[92.555,25.615],[92.505,25.615],[92.47,25.675],[92.44,25.69],[92.445,25.72],[92.415,25.74],[92.375,25.75],[92.365,25.735],[92.265,25.71],[92.225,25.715],[92.195,25.685],[92.165,25.665],[92.155,25.725],[92.165,25.745],[92.15,25.775],[92.15,25.815],[92.175,25.85],[92.175,25.875],[92.22,25.9],[92.185,25.915],[92.155,25.915],[92.15,25.945],[92.165,25.97],[92.205,26],[92.265,26.035],[92.26,26.065],[92.17,26.08],[92.13,26.045],[92.11,26.05],[92.065,26.035],[91.99,26.04],[91.985,26.025],[91.935,26.01],[91.91,26.015],[91.875,26.035],[91.87,26.055],[91.88,26.1],[91.82,26.12],[91.79,26.085],[91.78,26.09],[91.725,26.045],[91.72,25.955],[91.67,25.905],[91.65,25.905],[91.62,25.93],[91.635,25.96],[91.63,25.975],[91.635,26.015],[91.62,26.025],[91.57,26.025],[91.55,25.985],[91.52,25.94],[91.51,25.91],[91.48,25.89],[91.47,25.86],[91.435,25.845],[91.425,25.855],[91.365,25.84],[91.335,25.84],[91.29,25.765],[91.275,25.75],[91.22,25.725],[91.19,25.75],[91.18,25.775],[91.205,25.845],[91.145,25.85],[91.12,25.835],[91.085,25.83],[91.045,25.85],[91.02,25.825],[91,25.825],[91.03,25.87],[91.03,25.885],[90.965,25.89],[90.96,25.93],[90.94,25.945],[90.895,25.93],[90.875,25.945],[90.81,25.95],[90.78,25.91],[90.765,25.91],[90.74,25.94],[90.715,25.95],[90.63,25.92],[90.625,25.94],[90.585,25.955],[90.575,25.935],[90.525,25.905],[90.535,25.95],[90.495,25.995],[90.475,26.01],[90.43,25.99],[90.4,26.015],[90.35,26.005],[90.325,25.975],[90.285,25.965],[90.185,25.945],[90.175,25.96],[90.115,25.955],[90.085,25.92],[90.005,25.88],[90.025,25.865],[90.005,25.84],[89.95,25.82],[89.955,25.77],[89.925,25.74],[89.895,25.73],[89.925,25.695],[89.945,25.68],[89.955,25.655],[89.985,25.63],[90.02,25.61],[90.005,25.585],[89.98,25.585],[89.935,25.565],[89.88,25.55],[89.87,25.475],[89.855,25.465],[89.835,25.435],[89.815,25.37],[89.84,25.32],[89.835,25.295],[89.87,25.285],[89.91,25.31],[89.93,25.3],[89.97,25.3],[89.98,25.285],[90.06,25.255],[90.11,25.225],[90.16,25.225],[90.215,25.205],[90.305,25.185],[90.33,25.19],[90.375,25.16],[90.445,25.145],[90.51,25.17],[90.635,25.175],[90.665,25.185],[90.69,25.16],[90.76,25.165],[90.79,25.18],[90.82,25.165],[90.87,25.16],[90.965,25.17],[91.08,25.2],[91.135,25.195],[91.215,25.2],[91.25,25.2],[91.265,25.205],[91.345,25.17],[91.375,25.165],[91.415,25.17],[91.43,25.155],[91.465,25.15],[91.495,25.135],[91.51,25.145],[91.555,25.15],[91.58,25.17],[91.605,25.175],[91.64,25.125],[91.69,25.14],[91.71,25.16],[91.745,25.15],[91.745,25.17],[91.805,25.17],[91.84,25.18],[91.87,25.175],[91.945,25.185],[91.985,25.17],[92.01,25.19],[92.045,25.18],[92.075,25.185],[92.12,25.165],[92.135,25.145],[92.175,25.125],[92.2,25.125],[92.23,25.095],[92.295,25.07],[92.34,25.08],[92.34,25.055],[92.425,25.03]]]},"properties":{"ST_NM":"Meghalaya"}},
{"type":"Feature","geometry":{"type":"Polygon","coordinates":[[[93.01,24.41],[92.975,24.41],[92.935,24.39],[92.905,24.41],[92.86,24.4],[92.825,24.375],[92.82,24.405],[92.8,24.42],[92.765,24.52],[92.69,24.355],[92.66,24.35],[92.65,24.33],[92.625,24.33],[92.61,24.255],[92.55,24.245],[92.55,24.225],[92.525,24.17],[92.465,24.135],[92.435,24.155],[92.42,24.195],[92.42,24.255],[92.29,24.25],[92.295,24.23],[92.32,24.205],[92.325,24.085],[92.315,24.065],[92.325,24],[92.31,23.97],[92.31,23.935],[92.325,23.905],[92.31,23.855],[92.29,23.87],[92.27,23.845],[92.28,23.82],[92.255,23.815],[92.265,23.75],[92.265,23.725],[92.28,23.72],[92.29,23.68],[92.275,23.65],[92.29,23.63],[92.31,23.56],[92.325,23.475],[92.335,23.435],[92.345,23.435],[92.355,23.37],[92.38,23.365],[92.365,23.32],[92.385,23.31],[92.4,23.235],[92.345,23.235],[92.355,23.185],[92.365,23.125],[92.36,23.1],[92.385,23.08],[92.39,23.055],[92.38,22.955],[92.37,22.935],[92.42,22.91],[92.465,22.855],[92.455,22.845],[92.47,22.8],[92.48,22.75],[92.505,22.74],[92.525,22.675],[92.525,22.64],[92.54,22.575],[92.52,22.56],[92.535,22.54],[92.55,22.505],[92.545,22.49],[92.56,22.37],[92.585,22.3],[92.58,22.27],[92.595,22.175],[92.61,22.165],[92.61,22.135],[92.58,22.145],[92.575,22.115],[92.6,22.05],[92.6,22.005],[92.61,21.985],[92.635,21.985],[92.655,22.015],[92.68,22.01],[92.685,22.04],[92.68,22.105],[92.695,22.145],[92.725,22.15],[92.775,22.105],[92.81,22.095],[92.82,22.075],[92.855,22.065],[92.865,22.025],[92.89,22.01],[92.915,21.98],[92.94,22.02],[92.955,22.03],[92.98,22],[93.005,21.985],[93.005,22.015],[92.995,22.03],[93.005,22.105],[93.05,22.1],[93.055,22.12],[93.035,22.145],[93.05,22.175],[93.04,22.2],[93.065,22.21],[93.09,22.195],[93.11,22.205],[93.13,22.175],[93.15,22.175],[93.16,22.195],[93.14,22.245],[93.2,22.255],[93.185,22.34],[93.18,22.395],[93.185,22.43],[93.165,22.45],[93.14,22.455],[93.135,22.495],[93.11,22.525],[93.115,22.565],[93.14,22.595],[93.135,22.615],[93.11,22.635],[93.11,22.655],[93.09,22.705],[93.105,22.745],[93.095,22.805],[93.11,22.82],[93.12,22.865],[93.135,22.915],[93.155,22.92],[93.135,22.97],[93.14,22.99],[93.125,23.01],[93.125,23.045],[93.155,23.045],[93.185,23.06],[93.21,23.045],[93.215,23.03],[93.24,23.005],[93.295,23.005],[93.325,23.04],[93.345,23.07],[93.345,23.085],[93.385,23.145],[93.37,23.145],[93.385,23.22],[93.37,23.27],[93.375,23.33],[93.355,23.35],[93.39,23.365],[93.4,23.39],[93.39,23.41],[93.39,23.45],[93.4,23.51],[93.42,23.54],[93.41,23.565],[93.43,23.59],[93.42,23.61],[93.42,23.66],[93.435,23.68],[93.405,23.71],[93.41,23.73],[93.39,23.755],[93.4,23.81],[93.39,23.825],[93.385,23.87],[93.395,23.92],[93.355,23.945],[93.335,23.98],[93.34,24.02],[93.325,24.05],[93.285,24.045],[93.25,24.035],[93.26,24.07],[93.22,24.085],[93.21,24.05],[93.17,24.05],[93.16,24.075],[93.14,24.085],[93.125,24.06],[93.095,24.075],[93.08,24.1],[93.05,24.09],[92.99,24.115],[92.99,24.15],[93.005,24.16],[93.02,24.23],[93.005,24.26],[93.01,24.285],[93.035,24.32],[93.04,24.345],[93.02,24.35],[93.025,24.395],[93.01,24.41]]]},"properties":{"ST_NM":"Mizoram"}},
{"type":"Feature","geometry":{"type":"Polygon","coordinates":[[[95.195,27.03],[95.15,27],[95.11,26.975],[95.08,26.95],[95.035,26.935],[95.015,26.92],[94.98,26.915],[94.955,26.94],[94.89,26.93],[94.865,26.91],[94.845,26.87],[94.82,26.85],[94.815,26.82],[94.8,26.8],[94.77,26.785],[94.695,26.735],[94.625,26.715],[94.595,26.735],[94.59,26.695],[94.54,26.705],[94.495,26.665],[94.46,26.66],[94.45,26.635],[94.405,26.61],[94.41,26.585],[94.405,26.545],[94.375,26.505],[94.325,26.48],[94.315,26.46],[94.295,26.47],[94.285,26.505],[94.28,26.55],[94.255,26.54],[94.235,26.505],[94.205,26.485],[94.185,26.46],[94.17,26.415],[94.175,26.38],[94.17,26.34],[94.12,26.33],[94.075,26.285],[94.075,26.265],[94.045,26.25],[94.03,26.2],[94.01,26.185],[93.99,26.135],[93.995,26.105],[93.98,26.08],[93.985,26.065],[93.96,26.035],[93.955,25.97],[93.97,25.955],[93.98,25.915],[93.915,25.885],[93.875,25.845],[93.845,25.86],[93.815,25.825],[93.79,25.81],[93.78,25.85],[93.795,25.905],[93.785,25.945],[93.765,25.95],[93.735,25.925],[93.68,25.905],[93.7,25.85],[93.68,25.83],[93.64,25.815],[93.62,25.775],[93.585,25.765],[93.52,25.69],[93.505,25.665],[93.48,25.645],[93.425,25.63],[93.42,25.62],[93.38,25.585],[93.365,25.56],[93.325,25.545],[93.355,25.53],[93.385,25.47],[93.415,25.445],[93.455,25.435],[93.46,25.4],[93.475,25.385],[93.45,25.355],[93.455,25.325],[93.465,25.31],[93.47,25.305],[93.475,25.295],[93.47,25.275],[93.505,25.27],[93.5,25.245],[93.545,25.25],[93.605,25.2],[93.635,25.265],[93.68,25.33],[93.685,25.355],[93.71,25.36],[93.74,25.405],[93.765,25.415],[93.805,25.465],[93.8,25.495],[93.76,25.505],[93.765,25.535],[93.815,25.54],[93.835,25.56],[93.86,25.555],[93.89,25.565],[93.955,25.55],[94,25.585],[94.02,25.59],[94.05,25.575],[94.095,25.53],[94.135,25.52],[94.15,25.545],[94.185,25.53],[94.22,25.49],[94.285,25.505],[94.32,25.505],[94.42,25.54],[94.425,25.585],[94.47,25.615],[94.505,25.615],[94.565,25.675],[94.585,25.66],[94.575,25.64],[94.56,25.575],[94.555,25.505],[94.57,25.5],[94.615,25.46],[94.675,25.445],[94.685,25.465],[94.745,25.48],[94.785,25.48],[94.805,25.49],[94.825,25.535],[94.845,25.56],[94.885,25.565],[94.88,25.59],[94.915,25.605],[94.925,25.65],[94.99,25.705],[95.005,25.73],[95.04,25.74],[95.05,25.795],[95.035,25.815],[95.03,25.84],[95.01,25.865],[95.015,25.9],[95.05,25.935],[95.095,25.955],[95.16,26.025],[95.165,26.045],[95.185,26.075],[95.165,26.095],[95.145,26.09],[95.12,26.1],[95.125,26.13],[95.115,26.165],[95.12,26.185],[95.14,26.21],[95.115,26.235],[95.13,26.3],[95.12,26.35],[95.13,26.38],[95.095,26.4],[95.105,26.42],[95.075,26.475],[95.115,26.52],[95.105,26.54],[95.155,26.585],[95.15,26.615],[95.165,26.635],[95.21,26.65],[95.235,26.68],[95.235,26.705],[95.21,26.73],[95.23,26.765],[95.195,26.825],[95.18,26.86],[95.215,26.885],[95.23,26.885],[95.23,26.92],[95.21,26.93],[95.19,26.985],[95.195,27.03]]]},"properties":{"ST_NM":"Nagaland"}},
{"type":"Feature","geometry":{"type":"Polygon","coordinates":[[[76.775,30.905],[76.71,30.97],[76.675,30.97],[76.665,30.98],[76.625,31],[76.63,31.025],[76.61,31.045],[76.64,31.11],[76.6,31.13],[76.615,31.19],[76.645,31.21],[76.59,31.275],[76.55,31.255],[76.52,31.28],[76.5,31.27],[76.485,31.305],[76.465,31.305],[76.43,31.325],[76.395,31.39],[76.37,31.41],[76.33,31.4],[76.34,31.365],[76.31,31.345],[76.31,31.32],[76.215,31.3],[76.18,31.31],[76.18,31.34],[76.15,31.355],[76.15,31.38],[76.17,31.4],[76.155,31.435],[76.115,31.485],[76.1,31.535],[76.08,31.555],[76.045,31.605],[76.02,31.63],[76.005,31.675],[75.985,31.72],[75.945,31.815],[75.97,31.825],[75.96,31.855],[75.91,31.94],[75.89,31.96],[75.825,31.985],[75.78,32.005],[75.75,32.04],[75.725,32.035],[75.705,32.055],[75.655,32.08],[75.6,32.065],[75.6,32.095],[75.62,32.1],[75.63,32.12],[75.66,32.135],[75.675,32.16],[75.665,32.19],[75.625,32.19],[75.625,32.215],[75.645,32.25],[75.655,32.25],[75.775,32.29],[75.81,32.35],[75.845,32.355],[75.845,32.37],[75.875,32.395],[75.93,32.4],[75.9,32.455],[75.86,32.485],[75.835,32.51],[75.825,32.495],[75.78,32.465],[75.73,32.455],[75.735,32.43],[75.685,32.39],[75.595,32.38],[75.56,32.355],[75.54,32.335],[75.54,32.305],[75.535,32.28],[75.505,32.29],[75.51,32.31],[75.465,32.325],[75.42,32.32],[75.375,32.335],[75.34,32.345],[75.335,32.31],[75.32,32.295],[75.37,32.28],[75.375,32.24],[75.365,32.22],[75.33,32.22],[75.3,32.155],[75.285,32.15],[75.275,32.115],[75.26,32.1],[75.22,32.11],[75.18,32.075],[75.125,32.08],[75.1,32.06],[75.07,32.065],[75.04,32.045],[75.01,32.035],[74.975,32.055],[74.925,32.065],[74.83,32],[74.82,31.96],[74.78,31.955],[74.745,31.94],[74.72,31.945],[74.71,31.925],[74.675,31.925],[74.635,31.885],[74.615,31.89],[74.57,31.835],[74.565,31.795],[74.55,31.78],[74.56,31.76],[74.515,31.74],[74.485,31.715],[74.525,31.685],[74.55,31.645],[74.555,31.61],[74.575,31.605],[74.59,31.575],[74.615,31.555],[74.615,31.525],[74.585,31.52],[74.655,31.455],[74.64,31.44],[74.645,31.415],[74.595,31.415],[74.585,31.38],[74.55,31.365],[74.535,31.325],[74.54,31.305],[74.52,31.27],[74.535,31.25],[74.52,31.185],[74.51,31.175],[74.51,31.13],[74.55,31.12],[74.55,31.085],[74.6,31.09],[74.61,31.1],[74.6,31.13],[74.64,31.12],[74.69,31.13],[74.7,31.09],[74.67,31.055],[74.595,31.04],[74.575,31.055],[74.55,31.03],[74.545,30.99],[74.51,30.965],[74.48,30.975],[74.455,30.965],[74.425,30.93],[74.425,30.91],[74.395,30.91],[74.365,30.895],[74.37,30.855],[74.325,30.85],[74.32,30.825],[74.3,30.805],[74.305,30.78],[74.26,30.77],[74.275,30.755],[74.265,30.725],[74.235,30.725],[74.22,30.695],[74.195,30.665],[74.15,30.63],[74.13,30.63],[74.12,30.61],[74.095,30.6],[74.1,30.58],[74.07,30.525],[74.05,30.535],[73.995,30.515],[73.975,30.495],[73.965,30.455],[73.93,30.465],[73.935,30.435],[73.965,30.425],[73.925,30.4],[73.88,30.36],[73.905,30.35],[73.93,30.32],[73.96,30.265],[73.975,30.2],[73.97,30.125],[73.93,30.07],[73.905,30.05],[73.885,30.01],[73.895,29.975],[74.1,29.965],[74.385,29.95],[74.525,29.945],[74.58,29.925],[74.595,29.91],[74.645,29.905],[74.66,29.93],[74.685,29.95],[74.7,29.97],[74.73,29.96],[74.78,29.97],[74.805,29.99],[74.855,29.955],[74.89,29.965],[74.925,29.95],[74.95,29.905],[74.98,29.895],[74.99,29.87],[75.02,29.865],[75.05,29.885],[75.07,29.875],[75.09,29.915],[75.11,29.9],[75.115,29.88],[75.09,29.855],[75.12,29.83],[75.1,29.805],[75.16,29.8],[75.165,29.825],[75.19,29.84],[75.21,29.835],[75.21,29.795],[75.24,29.755],[75.225,29.73],[75.195,29.715],[75.205,29.69],[75.17,29.665],[75.19,29.65],[75.18,29.63],[75.235,29.6],[75.22,29.58],[75.24,29.545],[75.28,29.56],[75.31,29.56],[75.315,29.59],[75.29,29.605],[75.315,29.63],[75.345,29.695],[75.395,29.72],[75.415,29.77],[75.455,29.78],[75.46,29.81],[75.505,29.78],[75.56,29.77],[75.57,29.745],[75.635,29.755],[75.635,29.77],[75.68,29.775],[75.705,29.75],[75.72,29.815],[75.76,29.805],[75.79,29.81],[75.835,29.795],[75.87,29.75],[75.985,29.725],[75.995,29.74],[76.045,29.745],[76.085,29.8],[76.105,29.81],[76.13,29.795],[76.15,29.82],[76.185,29.825],[76.195,29.84],[76.245,29.85],[76.245,29.875],[76.23,29.885],[76.195,29.885],[76.18,29.94],[76.205,29.975],[76.225,30.06],[76.25,30.085],[76.22,30.115],[76.225,30.145],[76.255,30.12],[76.32,30.095],[76.34,30.1],[76.41,30.145],[76.385,30.17],[76.405,30.19],[76.435,30.185],[76.43,30.15],[76.46,30.13],[76.465,30.1],[76.505,30.095],[76.515,30.075],[76.545,30.075],[76.6,30.115],[76.64,30.15],[76.6,30.185],[76.62,30.205],[76.625,30.23],[76.605,30.24],[76.565,30.23],[76.555,30.26],[76.615,30.27],[76.625,30.265],[76.69,30.325],[76.71,30.325],[76.745,30.365],[76.715,30.39],[76.75,30.43],[76.79,30.415],[76.855,30.42],[76.885,30.41],[76.915,30.365],[76.94,30.395],[76.885,30.43],[76.91,30.465],[76.895,30.48],[76.93,30.5],[76.93,30.52],[76.895,30.54],[76.915,30.555],[76.925,30.61],[76.88,30.645],[76.875,30.675],[76.845,30.655],[76.83,30.68],[76.81,30.665],[76.775,30.67],[76.75,30.685],[76.715,30.74],[76.71,30.76],[76.77,30.795],[76.815,30.755],[76.84,30.755],[76.855,30.795],[76.845,30.835],[76.785,30.88],[76.775,30.905]]]},"properties":{"ST_NM":"Punjab"}},
{"type":"Feature","geometry":{"type":"Polygon","coordinates":[[[74.525,29.945],[74.385,29.95],[74.1,29.965],[73.895,29.975],[73.885,30.01],[73.905,30.05],[73.93,30.07],[73.97,30.125],[73.975,30.2],[73.83,30.095],[73.805,30.07],[73.595,30.02],[73.395,29.945],[73.335,29.74],[73.28,29.57],[73.085,29.235],[73.005,29.155],[72.945,29.03],[72.73,28.95],[72.48,28.81],[72.405,28.785],[72.355,28.735],[72.3,28.67],[72.28,28.605],[72.205,28.395],[72.13,28.315],[72.015,28.23],[71.995,28.21],[71.93,28.12],[71.9,27.96],[71.875,27.955],[71.665,27.88],[71.385,27.87],[71.205,27.835],[71.06,27.775],[70.905,27.71],[70.87,27.705],[70.76,27.72],[70.685,27.83],[70.675,27.92],[70.6,27.995],[70.59,28.01],[70.555,28.025],[70.505,28.035],[70.44,28.02],[70.37,28.01],[70.295,27.935],[70.225,27.9],[70.195,27.865],[70.13,27.805],[70.07,27.655],[70.025,27.565],[69.935,27.5],[69.89,27.435],[69.865,27.4],[69.785,27.345],[69.76,27.32],[69.7,27.285],[69.645,27.225],[69.585,27.185],[69.515,27.01],[69.495,26.865],[69.485,26.805],[69.51,26.745],[69.72,26.655],[69.79,26.6],[69.885,26.58],[69.935,26.58],[70.055,26.6],[70.115,26.585],[70.175,26.55],[70.185,26.48],[70.175,26.425],[70.185,26.375],[70.165,26.295],[70.175,26.25],[70.17,26.22],[70.14,26.155],[70.085,26.085],[70.1,25.94],[70.175,25.83],[70.22,25.795],[70.25,25.755],[70.27,25.715],[70.36,25.68],[70.385,25.675],[70.45,25.68],[70.53,25.685],[70.61,25.715],[70.645,25.715],[70.675,25.675],[70.665,25.53],[70.68,25.525],[70.67,25.42],[70.665,25.395],[70.735,25.335],[70.75,25.28],[70.89,25.15],[70.92,24.995],[70.935,24.94],[70.99,24.865],[71.035,24.79],[71.065,24.72],[71.11,24.675],[71.29,24.615],[71.3,24.625],[71.315,24.65],[71.35,24.66],[71.36,24.63],[71.38,24.625],[71.48,24.68],[71.54,24.675],[71.58,24.68],[71.61,24.675],[71.64,24.66],[71.655,24.64],[71.71,24.66],[71.73,24.66],[71.735,24.66],[71.77,24.675],[71.8,24.67],[71.805,24.63],[71.85,24.61],[71.865,24.63],[71.86,24.665],[71.87,24.68],[71.91,24.675],[71.925,24.635],[71.94,24.635],[71.98,24.655],[71.985,24.685],[72.01,24.69],[72.06,24.71],[72.085,24.705],[72.09,24.66],[72.125,24.64],[72.15,24.645],[72.165,24.62],[72.215,24.625],[72.235,24.64],[72.32,24.62],[72.305,24.605],[72.265,24.605],[72.245,24.585],[72.29,24.55],[72.325,24.55],[72.355,24.565],[72.38,24.515],[72.415,24.515],[72.445,24.51],[72.43,24.48],[72.45,24.44],[72.455,24.415],[72.5,24.415],[72.495,24.46],[72.535,24.505],[72.575,24.48],[72.655,24.46],[72.68,24.465],[72.69,24.41],[72.735,24.365],[72.77,24.37],[72.805,24.365],[72.85,24.37],[72.89,24.355],[72.91,24.335],[72.98,24.375],[72.95,24.4],[72.98,24.435],[72.97,24.455],[73,24.47],[73.045,24.47],[73.085,24.5],[73.1,24.47],[73.1,24.425],[73.075,24.395],[73.15,24.355],[73.17,24.355],[73.195,24.375],[73.22,24.365],[73.2,24.33],[73.18,24.345],[73.165,24.3],[73.135,24.31],[73.125,24.275],[73.095,24.245],[73.065,24.195],[73.13,24.125],[73.165,24.095],[73.215,24.08],[73.195,24.04],[73.23,24.02],[73.24,24.005],[73.28,24.02],[73.35,24.105],[73.36,24.08],[73.405,24.04],[73.415,23.985],[73.415,23.945],[73.42,23.925],[73.385,23.915],[73.355,23.85],[73.37,23.84],[73.355,23.785],[73.37,23.77],[73.41,23.78],[73.475,23.705],[73.505,23.705],[73.505,23.64],[73.525,23.605],[73.57,23.655],[73.615,23.65],[73.64,23.625],[73.65,23.575],[73.635,23.555],[73.635,23.53],[73.655,23.505],[73.635,23.47],[73.655,23.44],[73.69,23.46],[73.705,23.45],[73.715,23.415],[73.765,23.455],[73.78,23.43],[73.8,23.435],[73.83,23.425],[73.86,23.395],[73.89,23.335],[73.94,23.345],[73.94,23.37],[73.96,23.38],[73.985,23.355],[73.98,23.34],[74.03,23.33],[74.04,23.295],[74.105,23.295],[74.115,23.275],[74.14,23.265],[74.14,23.225],[74.125,23.205],[74.13,23.175],[74.155,23.155],[74.185,23.155],[74.205,23.19],[74.255,23.17],[74.275,23.16],[74.295,23.12],[74.285,23.095],[74.325,23.06],[74.385,23.11],[74.405,23.11],[74.465,23.08],[74.54,23.105],[74.545,23.13],[74.595,23.14],[74.65,23.175],[74.67,23.2],[74.715,23.19],[74.745,23.21],[74.715,23.235],[74.7,23.265],[74.68,23.27],[74.65,23.255],[74.62,23.275],[74.585,23.28],[74.57,23.295],[74.545,23.28],[74.525,23.32],[74.535,23.33],[74.54,23.365],[74.57,23.375],[74.575,23.425],[74.6,23.43],[74.615,23.46],[74.65,23.46],[74.7,23.505],[74.73,23.5],[74.735,23.52],[74.76,23.52],[74.775,23.545],[74.805,23.53],[74.84,23.55],[74.87,23.59],[74.935,23.63],[74.92,23.665],[74.905,23.675],[74.94,23.765],[74.925,23.795],[74.905,23.795],[74.91,23.835],[74.9,23.875],[74.93,23.955],[74.96,23.975],[74.98,24.035],[74.94,24.055],[74.905,24.11],[74.895,24.16],[74.88,24.175],[74.91,24.21],[74.87,24.245],[74.85,24.235],[74.81,24.245],[74.78,24.24],[74.745,24.255],[74.78,24.29],[74.78,24.34],[74.825,24.4],[74.855,24.425],[74.815,24.47],[74.78,24.46],[74.745,24.47],[74.72,24.51],[74.745,24.515],[74.755,24.555],[74.745,24.57],[74.785,24.585],[74.78,24.615],[74.805,24.635],[74.815,24.665],[74.785,24.655],[74.78,24.73],[74.82,24.745],[74.835,24.705],[74.89,24.635],[74.945,24.64],[74.965,24.67],[74.995,24.695],[74.99,24.73],[75.015,24.73],[75.005,24.77],[74.98,24.765],[74.905,24.78],[74.86,24.8],[74.86,24.84],[74.84,24.885],[74.825,24.9],[74.835,24.96],[74.86,24.96],[74.87,24.925],[74.89,24.935],[74.915,24.915],[74.91,24.895],[74.95,24.865],[74.985,24.855],[75.05,24.85],[75.075,24.88],[75.1,24.87],[75.12,24.88],[75.115,24.965],[75.15,24.99],[75.17,25.05],[75.195,25.035],[75.335,25.04],[75.34,25.02],[75.32,25.01],[75.315,24.98],[75.335,24.955],[75.32,24.9],[75.28,24.955],[75.275,24.925],[75.295,24.905],[75.265,24.895],[75.265,24.875],[75.32,24.86],[75.325,24.875],[75.375,24.87],[75.405,24.885],[75.42,24.855],[75.4,24.84],[75.3,24.805],[75.29,24.835],[75.24,24.845],[75.25,24.81],[75.21,24.8],[75.19,24.745],[75.23,24.72],[75.35,24.7],[75.37,24.69],[75.455,24.68],[75.49,24.69],[75.535,24.71],[75.55,24.705],[75.585,24.715],[75.61,24.68],[75.645,24.685],[75.685,24.725],[75.755,24.76],[75.805,24.755],[75.84,24.725],[75.825,24.67],[75.85,24.665],[75.84,24.625],[75.87,24.605],[75.88,24.585],[75.905,24.575],[75.905,24.545],[75.925,24.535],[75.91,24.515],[75.91,24.455],[75.875,24.425],[75.84,24.415],[75.81,24.435],[75.815,24.46],[75.79,24.47],[75.77,24.435],[75.75,24.43],[75.74,24.375],[75.74,24.335],[75.765,24.3],[75.8,24.3],[75.815,24.285],[75.82,24.24],[75.805,24.215],[75.78,24.21],[75.775,24.18],[75.75,24.15],[75.765,24.12],[75.78,24.115],[75.795,24.09],[75.835,24.09],[75.835,24.055],[75.78,24.045],[75.785,24.02],[75.765,23.995],[75.74,23.975],[75.7,23.965],[75.69,24.005],[75.67,24.02],[75.63,23.995],[75.585,23.99],[75.57,24.005],[75.54,24.01],[75.52,24.025],[75.47,23.975],[75.46,23.92],[75.495,23.905],[75.565,23.855],[75.56,23.82],[75.585,23.795],[75.62,23.8],[75.655,23.795],[75.66,23.785],[75.695,23.775],[75.69,23.815],[75.72,23.815],[75.73,23.855],[75.7,23.875],[75.705,23.9],[75.755,23.885],[75.765,23.85],[75.795,23.865],[75.82,23.87],[75.87,23.89],[75.89,23.88],[75.93,23.9],[75.985,23.94],[75.985,23.975],[75.96,24.015],[76,24.02],[76.02,24.035],[76.045,24.065],[76.075,24.07],[76.1,24.085],[76.125,24.09],[76.13,24.115],[76.115,24.165],[76.12,24.195],[76.145,24.225],[76.14,24.28],[76.16,24.285],[76.185,24.33],[76.205,24.305],[76.205,24.215],[76.24,24.22],[76.285,24.21],[76.285,24.23],[76.32,24.245],[76.34,24.245],[76.395,24.215],[76.43,24.22],[76.45,24.21],[76.505,24.205],[76.51,24.17],[76.53,24.155],[76.56,24.175],[76.57,24.21],[76.59,24.215],[76.595,24.245],[76.64,24.27],[76.665,24.26],[76.695,24.285],[76.7,24.24],[76.68,24.205],[76.7,24.17],[76.755,24.17],[76.8,24.115],[76.855,24.135],[76.9,24.125],[76.915,24.17],[76.945,24.205],[76.92,24.21],[76.91,24.24],[76.89,24.245],[76.865,24.275],[76.86,24.295],[76.84,24.325],[76.835,24.36],[76.85,24.37],[76.84,24.415],[76.85,24.45],[76.845,24.485],[76.83,24.505],[76.815,24.535],[76.86,24.55],[76.875,24.54],[76.92,24.545],[76.915,24.485],[76.945,24.465],[76.98,24.46],[77.03,24.495],[77.03,24.515],[77.055,24.525],[77.07,24.57],[77.065,24.645],[77.03,24.71],[77,24.72],[76.965,24.755],[76.9,24.735],[76.89,24.745],[76.855,24.74],[76.85,24.765],[76.805,24.81],[76.8,24.825],[76.83,24.84],[76.88,24.835],[76.925,24.845],[76.94,24.86],[76.91,24.89],[76.925,24.915],[76.89,24.92],[76.89,24.935],[76.86,24.96],[76.875,25.01],[76.875,25.04],[76.965,25.05],[76.99,25.07],[77.08,25.06],[77.125,25.065],[77.135,25.085],[77.165,25.085],[77.175,25.11],[77.29,25.105],[77.31,25.08],[77.375,25.105],[77.395,25.14],[77.4,25.185],[77.42,25.2],[77.415,25.22],[77.355,25.265],[77.375,25.275],[77.38,25.315],[77.35,25.33],[77.36,25.355],[77.35,25.38],[77.37,25.41],[77.33,25.425],[77.295,25.425],[77.265,25.395],[77.235,25.38],[77.225,25.34],[77.205,25.325],[77.21,25.305],[77.165,25.31],[77.125,25.33],[77.085,25.335],[77.07,25.32],[77.045,25.32],[77.03,25.295],[76.96,25.295],[76.93,25.305],[76.9,25.325],[76.855,25.335],[76.78,25.315],[76.73,25.33],[76.71,25.345],[76.675,25.35],[76.635,25.385],[76.6,25.395],[76.59,25.43],[76.555,25.455],[76.555,25.485],[76.515,25.53],[76.52,25.545],[76.505,25.58],[76.515,25.605],[76.5,25.64],[76.505,25.675],[76.48,25.68],[76.475,25.715],[76.52,25.725],[76.515,25.775],[76.53,25.81],[76.59,25.875],[76.625,25.87],[76.63,25.9],[76.67,25.91],[76.705,25.9],[76.73,25.905],[76.805,25.96],[76.8,25.975],[76.84,26.025],[76.885,26.05],[76.9,26.095],[76.95,26.105],[76.98,26.125],[77,26.13],[77.01,26.155],[77.03,26.175],[77.1,26.185],[77.115,26.22],[77.135,26.235],[77.205,26.23],[77.27,26.265],[77.315,26.31],[77.32,26.335],[77.345,26.35],[77.375,26.365],[77.39,26.355],[77.45,26.37],[77.44,26.405],[77.49,26.41],[77.525,26.405],[77.56,26.435],[77.615,26.455],[77.635,26.48],[77.675,26.505],[77.715,26.5],[77.74,26.53],[77.785,26.55],[77.815,26.545],[77.835,26.56],[77.825,26.595],[77.855,26.615],[77.895,26.615],[77.9,26.655],[77.955,26.66],[77.985,26.675],[78,26.695],[78.095,26.68],[78.095,26.72],[78.125,26.75],[78.1,26.775],[78.115,26.795],[78.155,26.785],[78.185,26.785],[78.17,26.815],[78.225,26.83],[78.21,26.87],[78.235,26.875],[78.27,26.92],[78.255,26.935],[78.22,26.945],[78.21,26.93],[78.17,26.95],[78.125,26.95],[78.11,26.905],[78.055,26.905],[78.05,26.88],[78.03,26.865],[78.02,26.9],[77.985,26.89],[77.97,26.905],[77.91,26.905],[77.88,26.9],[77.775,26.93],[77.755,26.915],[77.73,26.92],[77.72,26.895],[77.725,26.875],[77.685,26.875],[77.675,26.86],[77.61,26.83],[77.555,26.82],[77.5,26.815],[77.485,26.79],[77.505,26.77],[77.485,26.75],[77.435,26.785],[77.4,26.83],[77.42,26.84],[77.425,26.86],[77.46,26.875],[77.49,26.9],[77.555,26.92],[77.585,26.925],[77.66,26.97],[77.7,26.975],[77.72,26.99],[77.745,26.985],[77.76,27],[77.735,27.025],[77.71,26.995],[77.69,27.025],[77.665,27.015],[77.64,27.025],[77.6,27.025],[77.575,27.05],[77.575,27.07],[77.525,27.08],[77.54,27.1],[77.605,27.125],[77.62,27.17],[77.66,27.17],[77.68,27.195],[77.645,27.215],[77.655,27.235],[77.625,27.26],[77.615,27.285],[77.625,27.315],[77.615,27.33],[77.58,27.33],[77.55,27.335],[77.505,27.375],[77.44,27.39],[77.42,27.42],[77.435,27.46],[77.4,27.475],[77.4,27.5],[77.34,27.525],[77.335,27.59],[77.315,27.605],[77.355,27.65],[77.34,27.705],[77.305,27.71],[77.32,27.735],[77.31,27.775],[77.285,27.8],[77.25,27.79],[77.215,27.8],[77.2,27.825],[77.155,27.785],[77.11,27.785],[77.045,27.82],[77.035,27.78],[77.075,27.765],[77.085,27.74],[77.06,27.725],[77.045,27.745],[77,27.735],[76.98,27.655],[76.94,27.675],[76.915,27.655],[76.9,27.68],[76.92,27.71],[76.895,27.72],[76.9,27.775],[76.935,27.83],[76.945,27.855],[76.93,27.925],[76.93,27.995],[76.94,28.045],[76.955,28.065],[76.97,28.14],[76.93,28.155],[76.9,28.18],[76.875,28.22],[76.84,28.22],[76.805,28.205],[76.795,28.15],[76.76,28.145],[76.745,28.12],[76.715,28.13],[76.685,28.09],[76.655,28.09],[76.65,28.06],[76.67,28.015],[76.64,28],[76.605,28.005],[76.58,27.98],[76.545,27.965],[76.545,28.035],[76.495,28.045],[76.455,28.04],[76.48,28.08],[76.45,28.09],[76.46,28.105],[76.5,28.1],[76.5,28.12],[76.47,28.135],[76.475,28.15],[76.4,28.145],[76.39,28.135],[76.355,28.145],[76.36,28.16],[76.305,28.18],[76.3,28.16],[76.36,28.125],[76.33,28.085],[76.355,28.065],[76.34,28.03],[76.32,28.015],[76.29,28.025],[76.295,28.05],[76.26,28.07],[76.23,28.05],[76.19,28.055],[76.18,28.02],[76.16,28],[76.165,27.975],[76.185,27.965],[76.17,27.905],[76.2,27.895],[76.195,27.86],[76.225,27.835],[76.2,27.82],[76.18,27.8],[76.155,27.82],[76.13,27.825],[76.125,27.85],[76.09,27.86],[76.05,27.835],[75.97,27.85],[75.985,27.905],[75.94,27.915],[75.935,27.93],[75.95,27.95],[75.975,27.935],[75.98,27.965],[75.965,27.98],[75.975,28.03],[76.015,28.03],[76.015,28.055],[76.04,28.075],[76.025,28.085],[75.995,28.045],[75.985,28.08],[75.94,28.09],[75.945,28.11],[75.975,28.125],[76,28.125],[76.005,28.15],[76.025,28.165],[76.07,28.165],[76.07,28.195],[76.05,28.195],[76.04,28.22],[76.015,28.245],[76.025,28.275],[76,28.285],[75.935,28.335],[75.93,28.36],[75.885,28.385],[75.845,28.39],[75.835,28.405],[75.775,28.4],[75.77,28.425],[75.79,28.455],[75.735,28.47],[75.735,28.485],[75.7,28.495],[75.67,28.53],[75.635,28.545],[75.62,28.605],[75.56,28.615],[75.56,28.635],[75.54,28.66],[75.54,28.725],[75.51,28.79],[75.52,28.835],[75.495,28.855],[75.495,28.895],[75.475,28.925],[75.505,28.935],[75.525,28.97],[75.52,29.005],[75.46,29.015],[75.44,29.06],[75.39,29.065],[75.39,29.1],[75.4,29.13],[75.375,29.135],[75.38,29.17],[75.405,29.17],[75.41,29.205],[75.395,29.22],[75.41,29.24],[75.39,29.26],[75.33,29.235],[75.34,29.285],[75.325,29.29],[75.285,29.27],[75.285,29.25],[75.245,29.25],[75.24,29.23],[75.21,29.235],[75.195,29.265],[75.17,29.26],[75.155,29.24],[75.125,29.24],[75.12,29.225],[75.075,29.23],[75.05,29.285],[75.015,29.285],[75,29.27],[74.96,29.28],[74.95,29.3],[74.96,29.32],[74.94,29.34],[74.94,29.36],[74.9,29.385],[74.88,29.385],[74.85,29.405],[74.82,29.395],[74.78,29.36],[74.74,29.355],[74.72,29.37],[74.66,29.37],[74.655,29.335],[74.605,29.325],[74.605,29.365],[74.58,29.39],[74.565,29.42],[74.535,29.425],[74.545,29.47],[74.585,29.46],[74.6,29.5],[74.625,29.53],[74.575,29.56],[74.585,29.655],[74.615,29.75],[74.545,29.755],[74.535,29.74],[74.475,29.745],[74.475,29.785],[74.485,29.815],[74.51,29.835],[74.54,29.84],[74.56,29.87],[74.545,29.9],[74.51,29.91],[74.525,29.945]]]},"properties":{"ST_NM":"Rajasthan"}},
{"type":"Feature","geometry":{"type":"Polygon","coordinates":[[[88.745,27.14],[88.76,27.155],[88.765,27.18],[88.79,27.18],[88.8,27.205],[88.805,27.25],[88.83,27.26],[88.88,27.26],[88.915,27.29],[88.915,27.33],[88.895,27.33],[88.865,27.38],[88.84,27.38],[88.805,27.415],[88.775,27.47],[88.79,27.53],[88.775,27.535],[88.77,27.57],[88.805,27.595],[88.815,27.645],[88.85,27.67],[88.85,27.695],[88.865,27.74],[88.855,27.755],[88.86,27.8],[88.855,27.815],[88.88,27.83],[88.885,27.89],[88.86,27.93],[88.835,27.93],[88.845,27.995],[88.835,28.015],[88.815,28.02],[88.795,28.05],[88.755,28.075],[88.665,28.075],[88.63,28.125],[88.62,28.1],[88.555,28.075],[88.545,28.035],[88.52,28.035],[88.495,28.055],[88.47,28.015],[88.415,28],[88.41,27.985],[88.35,27.99],[88.285,27.965],[88.255,27.945],[88.21,27.965],[88.185,27.945],[88.145,27.965],[88.14,27.935],[88.12,27.92],[88.135,27.88],[88.195,27.855],[88.2,27.835],[88.175,27.82],[88.2,27.79],[88.18,27.775],[88.18,27.745],[88.16,27.74],[88.145,27.665],[88.12,27.645],[88.115,27.61],[88.085,27.59],[88.06,27.54],[88.06,27.51],[88.045,27.495],[88.045,27.475],[88.07,27.445],[88.075,27.425],[88.05,27.405],[88.04,27.37],[88.07,27.335],[88.055,27.325],[88.035,27.285],[88.03,27.25],[88.015,27.21],[88.03,27.22],[88.065,27.215],[88.08,27.2],[88.08,27.175],[88.095,27.135],[88.155,27.11],[88.18,27.135],[88.215,27.13],[88.23,27.12],[88.28,27.13],[88.315,27.125],[88.355,27.095],[88.38,27.095],[88.43,27.08],[88.455,27.085],[88.465,27.11],[88.53,27.15],[88.54,27.18],[88.59,27.19],[88.655,27.16],[88.68,27.175],[88.705,27.165],[88.715,27.14],[88.745,27.14]]]},"properties":{"ST_NM":"Sikkim"}},
{"type":"Feature","geometry":{"type":"Polygon","coordinates":[[[92.21,24.505],[92.17,24.525],[92.15,24.49],[92.17,24.425],[92.14,24.425],[92.115,24.385],[92.085,24.375],[92.035,24.38],[92.005,24.395],[91.965,24.355],[91.92,24.335],[91.94,24.265],[91.925,24.215],[91.91,24.14],[91.885,24.14],[91.86,24.18],[91.82,24.21],[91.79,24.22],[91.745,24.245],[91.745,24.215],[91.755,24.145],[91.725,24.14],[91.68,24.165],[91.665,24.215],[91.65,24.195],[91.63,24.14],[91.63,24.105],[91.58,24.075],[91.54,24.075],[91.495,24.085],[91.49,24.095],[91.435,24.095],[91.415,24.11],[91.375,24.105],[91.38,24.08],[91.395,24.05],[91.39,24.025],[91.36,23.985],[91.32,23.995],[91.28,23.98],[91.255,23.945],[91.27,23.925],[91.24,23.915],[91.22,23.88],[91.25,23.83],[91.23,23.79],[91.23,23.765],[91.21,23.75],[91.165,23.75],[91.15,23.715],[91.155,23.69],[91.2,23.69],[91.2,23.655],[91.16,23.655],[91.16,23.595],[91.185,23.575],[91.21,23.54],[91.2,23.515],[91.22,23.495],[91.255,23.49],[91.26,23.46],[91.285,23.42],[91.285,23.385],[91.295,23.34],[91.29,23.315],[91.31,23.31],[91.31,23.275],[91.325,23.24],[91.325,23.17],[91.345,23.1],[91.37,23.07],[91.395,23.055],[91.415,23.08],[91.385,23.155],[91.385,23.23],[91.395,23.245],[91.415,23.265],[91.45,23.26],[91.485,23.21],[91.505,23.19],[91.49,23.16],[91.51,23.14],[91.51,23.105],[91.55,23.04],[91.54,23],[91.575,22.97],[91.605,22.97],[91.625,22.955],[91.65,22.98],[91.685,22.975],[91.71,22.985],[91.745,23.005],[91.76,23.03],[91.785,23.035],[91.78,23.07],[91.805,23.065],[91.82,23.085],[91.815,23.145],[91.795,23.185],[91.79,23.225],[91.775,23.265],[91.76,23.28],[91.765,23.31],[91.805,23.33],[91.84,23.37],[91.845,23.425],[91.825,23.465],[91.865,23.445],[91.865,23.41],[91.925,23.435],[91.945,23.43],[91.945,23.465],[91.975,23.495],[91.965,23.535],[91.955,23.615],[91.935,23.69],[91.955,23.705],[91.96,23.74],[91.985,23.73],[92.005,23.665],[92.045,23.645],[92.075,23.645],[92.085,23.675],[92.11,23.695],[92.12,23.73],[92.15,23.73],[92.17,23.705],[92.205,23.705],[92.215,23.685],[92.21,23.665],[92.23,23.655],[92.245,23.7],[92.24,23.715],[92.265,23.725],[92.265,23.75],[92.255,23.815],[92.28,23.82],[92.27,23.845],[92.29,23.87],[92.31,23.855],[92.325,23.905],[92.31,23.935],[92.31,23.97],[92.325,24],[92.315,24.065],[92.325,24.085],[92.32,24.205],[92.295,24.23],[92.29,24.25],[92.26,24.25],[92.22,24.235],[92.205,24.24],[92.22,24.285],[92.26,24.36],[92.245,24.44],[92.23,24.45],[92.23,24.5],[92.21,24.505]]]},"properties":{"ST_NM":"Tripura"}},
{"type":"Feature","geometry":{"type":"Polygon","coordinates":[[[80.065,28.835],[80.06,28.915],[80.095,28.975],[80.12,28.98],[80.125,29.005],[80.13,29.06],[80.145,29.105],[80.185,29.135],[80.235,29.12],[80.27,29.145],[80.26,29.165],[80.27,29.21],[80.29,29.23],[80.32,29.3],[80.27,29.365],[80.275,29.395],[80.245,29.41],[80.24,29.44],[80.27,29.455],[80.295,29.485],[80.34,29.51],[80.36,29.53],[80.35,29.555],[80.405,29.59],[80.42,29.63],[80.415,29.65],[80.39,29.665],[80.37,29.725],[80.37,29.75],[80.4,29.765],[80.405,29.795],[80.465,29.8],[80.495,29.795],[80.5,29.815],[80.555,29.85],[80.57,29.89],[80.57,29.915],[80.605,29.96],[80.63,29.965],[80.68,29.96],[80.71,29.99],[80.735,30],[80.755,30.04],[80.805,30.09],[80.835,30.1],[80.845,30.115],[80.88,30.135],[80.87,30.16],[80.895,30.21],[80.92,30.21],[80.93,30.175],[80.955,30.185],[81.035,30.2],[81.03,30.245],[81,30.27],[80.925,30.265],[80.91,30.305],[80.875,30.305],[80.865,30.315],[80.825,30.315],[80.785,30.345],[80.775,30.365],[80.715,30.415],[80.69,30.415],[80.66,30.445],[80.605,30.47],[80.53,30.455],[80.495,30.49],[80.465,30.49],[80.415,30.515],[80.345,30.52],[80.315,30.565],[80.255,30.565],[80.21,30.59],[80.22,30.645],[80.195,30.665],[80.2,30.685],[80.23,30.69],[80.25,30.72],[80.25,30.745],[80.225,30.76],[80.21,30.75],[80.175,30.81],[80.125,30.78],[80.09,30.795],[80.05,30.845],[80.035,30.845],[80.01,30.87],[79.965,30.89],[79.93,30.88],[79.91,30.915],[79.89,30.92],[79.875,30.965],[79.855,30.975],[79.82,30.97],[79.775,30.985],[79.755,31.005],[79.735,30.98],[79.665,30.97],[79.6,30.94],[79.555,30.955],[79.525,30.99],[79.505,31.03],[79.47,31.035],[79.425,31.025],[79.42,31.045],[79.41,31.105],[79.375,31.115],[79.32,31.135],[79.305,31.155],[79.295,31.215],[79.28,31.235],[79.26,31.235],[79.22,31.265],[79.245,31.29],[79.215,31.315],[79.235,31.335],[79.21,31.35],[79.165,31.36],[79.175,31.385],[79.145,31.415],[79.14,31.435],[79.095,31.45],[79.05,31.425],[79.025,31.425],[79.005,31.38],[79.015,31.35],[79,31.34],[78.94,31.365],[78.915,31.315],[78.88,31.285],[78.885,31.265],[78.915,31.25],[78.92,31.225],[78.96,31.185],[78.985,31.175],[78.99,31.14],[79.005,31.12],[78.96,31.1],[78.89,31.095],[78.845,31.13],[78.81,31.17],[78.81,31.2],[78.77,31.185],[78.66,31.19],[78.65,31.215],[78.605,31.23],[78.58,31.225],[78.55,31.2],[78.485,31.2],[78.46,31.235],[78.445,31.245],[78.415,31.24],[78.385,31.28],[78.33,31.28],[78.31,31.26],[78.285,31.265],[78.245,31.23],[78.22,31.235],[78.2,31.22],[78.16,31.225],[78.145,31.21],[78.105,31.185],[78.065,31.185],[78.03,31.165],[77.985,31.155],[77.97,31.175],[77.925,31.15],[77.91,31.155],[77.89,31.12],[77.865,31.11],[77.85,31.075],[77.815,31.055],[77.81,31.01],[77.825,30.99],[77.81,30.955],[77.77,30.975],[77.75,30.955],[77.76,30.92],[77.805,30.925],[77.805,30.855],[77.755,30.86],[77.745,30.845],[77.75,30.82],[77.72,30.775],[77.705,30.765],[77.755,30.705],[77.745,30.68],[77.775,30.67],[77.785,30.64],[77.785,30.615],[77.745,30.595],[77.77,30.56],[77.805,30.555],[77.83,30.53],[77.82,30.51],[77.785,30.5],[77.72,30.475],[77.69,30.445],[77.655,30.45],[77.645,30.435],[77.6,30.43],[77.575,30.415],[77.575,30.395],[77.585,30.405],[77.635,30.4],[77.675,30.39],[77.72,30.33],[77.765,30.315],[77.845,30.27],[77.885,30.265],[77.935,30.25],[77.945,30.235],[77.92,30.21],[77.91,30.185],[77.88,30.145],[77.865,30.12],[77.83,30.085],[77.8,30.095],[77.77,30.045],[77.785,30.03],[77.745,29.985],[77.73,29.93],[77.745,29.91],[77.715,29.89],[77.725,29.855],[77.74,29.85],[77.755,29.805],[77.775,29.79],[77.78,29.765],[77.77,29.72],[77.81,29.7],[77.8,29.685],[77.83,29.67],[77.88,29.7],[77.91,29.695],[77.925,29.715],[77.95,29.68],[77.97,29.67],[77.985,29.64],[77.975,29.615],[77.95,29.615],[77.935,29.6],[77.965,29.58],[78.02,29.6],[78.055,29.63],[78.13,29.655],[78.18,29.695],[78.195,29.695],[78.205,29.735],[78.245,29.735],[78.295,29.76],[78.335,29.795],[78.375,29.775],[78.425,29.765],[78.445,29.75],[78.505,29.73],[78.515,29.72],[78.52,29.66],[78.565,29.6],[78.62,29.56],[78.65,29.545],[78.71,29.5],[78.745,29.5],[78.8,29.465],[78.81,29.465],[78.88,29.445],[78.925,29.435],[78.91,29.395],[78.87,29.36],[78.84,29.345],[78.82,29.36],[78.795,29.325],[78.755,29.33],[78.735,29.295],[78.765,29.28],[78.79,29.25],[78.82,29.23],[78.84,29.24],[78.875,29.225],[78.91,29.175],[78.91,29.165],[78.935,29.13],[78.955,29.12],[78.98,29.145],[79.015,29.135],[79.035,29.155],[79.075,29.15],[79.12,29.125],[79.155,29.115],[79.145,29.065],[79.17,29.045],[79.18,29.015],[79.205,29.02],[79.245,29.01],[79.26,28.99],[79.31,28.975],[79.355,28.97],[79.37,28.985],[79.39,28.945],[79.41,28.95],[79.43,28.915],[79.425,28.865],[79.475,28.865],[79.495,28.875],[79.535,28.87],[79.555,28.9],[79.585,28.88],[79.585,28.845],[79.62,28.865],[79.655,28.87],[79.705,28.84],[79.75,28.87],[79.79,28.875],[79.8,28.89],[79.845,28.875],[79.825,28.805],[79.84,28.8],[79.865,28.84],[79.89,28.835],[79.875,28.795],[79.925,28.775],[79.955,28.725],[80.03,28.75],[80.07,28.805],[80.065,28.835]]]},"properties":{"ST_NM":"Uttarakhand"}},
{"type":"Feature","geometry":{"type":"Polygon","coordinates":[[[78.61,19.815],[78.57,19.815],[78.555,19.825],[78.515,19.82],[78.51,19.8],[78.485,19.795],[78.475,19.815],[78.425,19.82],[78.385,19.845],[78.38,19.88],[78.335,19.885],[78.305,19.915],[78.3,19.87],[78.3,19.84],[78.335,19.84],[78.335,19.815],[78.355,19.805],[78.365,19.78],[78.345,19.715],[78.31,19.69],[78.275,19.69],[78.265,19.665],[78.29,19.645],[78.305,19.61],[78.305,19.57],[78.295,19.56],[78.29,19.525],[78.31,19.48],[78.305,19.455],[78.27,19.45],[78.245,19.43],[78.22,19.435],[78.19,19.405],[78.17,19.36],[78.175,19.335],[78.195,19.315],[78.175,19.28],[78.175,19.24],[78.145,19.23],[78.115,19.25],[78.055,19.235],[78.035,19.25],[78.045,19.27],[78.015,19.28],[78.015,19.295],[77.985,19.31],[77.96,19.335],[77.945,19.345],[77.91,19.315],[77.865,19.305],[77.865,19.285],[77.905,19.28],[77.905,19.255],[77.87,19.255],[77.865,19.225],[77.85,19.19],[77.86,19.18],[77.84,19.14],[77.85,19.085],[77.805,19.1],[77.8,19.05],[77.765,19.065],[77.765,19.03],[77.775,18.995],[77.79,18.985],[77.82,18.98],[77.815,18.945],[77.86,18.95],[77.845,18.91],[77.885,18.905],[77.905,18.865],[77.95,18.845],[77.93,18.82],[77.905,18.825],[77.84,18.805],[77.825,18.77],[77.79,18.695],[77.76,18.705],[77.73,18.665],[77.73,18.645],[77.745,18.62],[77.75,18.59],[77.74,18.555],[77.7,18.555],[77.665,18.535],[77.64,18.555],[77.595,18.55],[77.6,18.525],[77.575,18.485],[77.585,18.445],[77.555,18.42],[77.55,18.39],[77.525,18.375],[77.53,18.34],[77.56,18.33],[77.57,18.31],[77.55,18.29],[77.605,18.28],[77.575,18.24],[77.585,18.22],[77.575,18.175],[77.595,18.155],[77.6,18.105],[77.595,18.085],[77.55,18.065],[77.555,18.035],[77.585,18.03],[77.585,18.015],[77.63,17.995],[77.65,18],[77.655,17.97],[77.65,17.95],[77.625,17.945],[77.62,17.905],[77.585,17.91],[77.595,17.88],[77.57,17.87],[77.565,17.845],[77.515,17.805],[77.51,17.79],[77.56,17.765],[77.57,17.75],[77.545,17.73],[77.52,17.725],[77.495,17.71],[77.45,17.695],[77.45,17.65],[77.455,17.635],[77.445,17.585],[77.48,17.565],[77.495,17.57],[77.505,17.54],[77.53,17.575],[77.55,17.55],[77.595,17.565],[77.595,17.535],[77.63,17.525],[77.66,17.525],[77.69,17.5],[77.69,17.475],[77.65,17.485],[77.615,17.47],[77.615,17.445],[77.575,17.455],[77.575,17.43],[77.535,17.445],[77.515,17.43],[77.525,17.39],[77.525,17.365],[77.505,17.355],[77.455,17.375],[77.455,17.33],[77.44,17.29],[77.46,17.28],[77.425,17.255],[77.42,17.24],[77.38,17.225],[77.36,17.165],[77.38,17.14],[77.405,17.125],[77.465,17.11],[77.495,17.045],[77.5,17.01],[77.48,16.995],[77.48,16.97],[77.465,16.96],[77.455,16.915],[77.465,16.85],[77.46,16.83],[77.475,16.78],[77.44,16.785],[77.445,16.765],[77.425,16.73],[77.475,16.715],[77.465,16.675],[77.42,16.67],[77.445,16.64],[77.46,16.655],[77.47,16.61],[77.46,16.585],[77.44,16.585],[77.425,16.57],[77.415,16.515],[77.38,16.515],[77.37,16.49],[77.33,16.485],[77.3,16.495],[77.295,16.475],[77.265,16.475],[77.27,16.43],[77.29,16.41],[77.335,16.395],[77.35,16.385],[77.38,16.385],[77.425,16.365],[77.44,16.38],[77.49,16.385],[77.515,16.375],[77.59,16.335],[77.595,16.315],[77.545,16.29],[77.54,16.27],[77.505,16.275],[77.49,16.255],[77.5,16.22],[77.49,16.185],[77.49,16.12],[77.505,16.08],[77.495,16.035],[77.515,16.01],[77.51,15.98],[77.52,15.965],[77.515,15.925],[77.55,15.92],[77.615,15.92],[77.655,15.885],[77.695,15.885],[77.715,15.895],[77.77,15.885],[77.805,15.875],[77.86,15.885],[77.89,15.905],[77.94,15.885],[77.975,15.885],[78.01,15.865],[78.025,15.9],[78.045,15.905],[78.045,15.875],[78.07,15.86],[78.085,15.84],[78.135,15.835],[78.135,15.855],[78.175,15.86],[78.19,15.895],[78.185,15.91],[78.25,15.935],[78.255,15.98],[78.26,16.025],[78.305,16.01],[78.325,16.035],[78.365,16.045],[78.41,16.075],[78.48,16.065],[78.55,16.045],[78.61,16.085],[78.65,16.08],[78.68,16.035],[78.725,16.02],[78.735,16.01],[78.785,16.02],[78.835,16.07],[78.84,16.1],[78.835,16.145],[78.855,16.15],[78.875,16.135],[78.89,16.085],[78.92,16.105],[78.925,16.14],[78.905,16.175],[78.91,16.19],[78.96,16.21],[78.985,16.21],[79.01,16.24],[79.03,16.24],[79.105,16.225],[79.125,16.23],[79.145,16.215],[79.17,16.21],[79.215,16.225],[79.23,16.285],[79.235,16.335],[79.215,16.35],[79.21,16.38],[79.21,16.445],[79.235,16.46],[79.215,16.485],[79.225,16.525],[79.245,16.53],[79.26,16.565],[79.295,16.565],[79.335,16.58],[79.42,16.58],[79.44,16.615],[79.51,16.635],[79.54,16.63],[79.605,16.67],[79.635,16.66],[79.66,16.685],[79.685,16.695],[79.715,16.69],[79.745,16.72],[79.785,16.73],[79.81,16.695],[79.86,16.705],[79.885,16.685],[79.89,16.655],[79.91,16.635],[79.93,16.63],[79.965,16.645],[79.995,16.7],[80.03,16.715],[80.055,16.745],[80.055,16.765],[80.075,16.815],[80.05,16.835],[80.045,16.855],[80.015,16.855],[80.005,16.88],[80.015,16.915],[80.04,16.915],[80.055,16.97],[80.09,16.97],[80.095,16.99],[80.14,16.99],[80.155,17.005],[80.185,17.02],[80.265,16.995],[80.305,16.975],[80.315,16.95],[80.31,16.915],[80.325,16.905],[80.32,16.88],[80.34,16.86],[80.375,16.85],[80.38,16.82],[80.41,16.85],[80.465,16.815],[80.465,16.795],[80.505,16.78],[80.57,16.77],[80.605,16.8],[80.565,16.835],[80.57,16.87],[80.595,16.885],[80.6,16.92],[80.58,16.935],[80.535,16.96],[80.525,16.95],[80.5,16.955],[80.495,16.925],[80.45,16.955],[80.37,16.975],[80.39,17.01],[80.405,17.015],[80.385,17.07],[80.415,17.075],[80.44,17.04],[80.465,17.03],[80.47,17.05],[80.49,17.05],[80.505,17.07],[80.505,17.09],[80.53,17.12],[80.565,17.135],[80.58,17.155],[80.605,17.135],[80.635,17.13],[80.67,17.1],[80.665,17.07],[80.7,17.085],[80.83,17.055],[80.845,17.04],[80.87,17.07],[80.88,17.16],[80.925,17.16],[80.92,17.22],[80.94,17.22],[80.96,17.205],[81,17.19],[81.04,17.195],[81.055,17.22],[81.08,17.215],[81.17,17.23],[81.19,17.255],[81.175,17.29],[81.19,17.325],[81.275,17.315],[81.305,17.345],[81.325,17.375],[81.315,17.41],[81.27,17.42],[81.245,17.435],[81.205,17.435],[81.15,17.465],[81.16,17.485],[81.125,17.525],[81.1,17.505],[81.08,17.515],[81.015,17.52],[81,17.565],[80.97,17.6],[80.945,17.6],[80.855,17.6],[80.85,17.625],[80.865,17.635],[80.91,17.64],[80.91,17.66],[80.885,17.68],[80.895,17.705],[80.885,17.735],[80.945,17.76],[80.965,17.78],[80.985,17.755],[81.015,17.745],[81.04,17.75],[81.06,17.735],[81.095,17.76],[81.085,17.8],[81.045,17.78],[81.01,17.8],[80.995,17.85],[81,17.915],[80.99,17.94],[80.97,18.045],[80.955,18.08],[80.955,18.135],[80.98,18.155],[80.98,18.18],[80.92,18.15],[80.865,18.14],[80.86,18.19],[80.87,18.21],[80.865,18.235],[80.825,18.24],[80.825,18.195],[80.8,18.17],[80.735,18.175],[80.735,18.22],[80.79,18.25],[80.75,18.31],[80.75,18.33],[80.73,18.355],[80.735,18.405],[80.695,18.425],[80.7,18.445],[80.655,18.475],[80.605,18.55],[80.535,18.59],[80.515,18.62],[80.49,18.63],[80.455,18.63],[80.395,18.605],[80.365,18.61],[80.345,18.6],[80.315,18.645],[80.305,18.685],[80.275,18.725],[80.25,18.705],[80.22,18.71],[80.18,18.685],[80.155,18.7],[80.11,18.685],[80.09,18.71],[80.055,18.725],[80.02,18.77],[79.975,18.77],[79.92,18.81],[79.915,18.825],[79.96,18.865],[79.955,18.905],[79.96,18.935],[79.94,18.99],[79.94,19.04],[79.87,19.04],[79.86,19.095],[79.875,19.125],[79.945,19.165],[79.925,19.215],[79.935,19.265],[79.965,19.31],[79.96,19.335],[79.975,19.395],[79.975,19.41],[79.95,19.45],[79.945,19.47],[79.905,19.5],[79.865,19.51],[79.83,19.54],[79.815,19.575],[79.78,19.6],[79.735,19.605],[79.715,19.585],[79.63,19.575],[79.615,19.56],[79.6,19.51],[79.55,19.525],[79.54,19.555],[79.52,19.545],[79.515,19.52],[79.5,19.505],[79.47,19.51],[79.435,19.535],[79.405,19.535],[79.365,19.575],[79.32,19.575],[79.305,19.595],[79.275,19.6],[79.235,19.555],[79.24,19.535],[79.205,19.505],[79.205,19.49],[79.22,19.47],[79.19,19.46],[79.16,19.49],[79.105,19.52],[79.045,19.55],[79,19.54],[78.98,19.56],[78.945,19.56],[78.97,19.59],[78.955,19.6],[78.96,19.635],[78.955,19.655],[78.9,19.67],[78.89,19.655],[78.85,19.66],[78.86,19.69],[78.84,19.76],[78.795,19.76],[78.785,19.775],[78.76,19.775],[78.74,19.785],[78.72,19.765],[78.7,19.79],[78.615,19.815],[78.61,19.815]]]},"properties":{"ST_NM":"Telangana"}},
{"type":"Feature","geometry":{"type":"Polygon","coordinates":[[[88.105,26.55],[88.1,26.515],[88.11,26.5],[88.1,26.455],[88.07,26.415],[88.035,26.39],[88.03,26.37],[87.995,26.365],[87.99,26.395],[87.965,26.4],[87.915,26.43],[87.925,26.445],[87.9,26.48],[87.865,26.47],[87.85,26.435],[87.795,26.47],[87.765,26.41],[87.735,26.41],[87.715,26.425],[87.675,26.435],[87.68,26.415],[87.65,26.395],[87.585,26.395],[87.555,26.405],[87.515,26.43],[87.465,26.44],[87.425,26.42],[87.39,26.42],[87.355,26.39],[87.355,26.36],[87.34,26.35],[87.31,26.37],[87.265,26.375],[87.265,26.405],[87.235,26.415],[87.16,26.405],[87.13,26.42],[87.09,26.45],[87.07,26.54],[87.07,26.585],[87.04,26.59],[87.04,26.56],[87.015,26.53],[86.975,26.52],[86.935,26.515],[86.93,26.49],[86.895,26.49],[86.895,26.46],[86.835,26.44],[86.77,26.46],[86.745,26.43],[86.73,26.425],[86.695,26.45],[86.63,26.465],[86.625,26.48],[86.565,26.5],[86.54,26.54],[86.5,26.54],[86.455,26.57],[86.395,26.585],[86.395,26.595],[86.34,26.605],[86.305,26.62],[86.25,26.61],[86.23,26.595],[86.195,26.595],[86.19,26.615],[86.135,26.605],[86.12,26.63],[86.03,26.665],[85.955,26.645],[85.95,26.625],[85.915,26.61],[85.86,26.57],[85.85,26.61],[85.815,26.605],[85.8,26.625],[85.77,26.63],[85.73,26.655],[85.725,26.685],[85.735,26.795],[85.72,26.82],[85.68,26.845],[85.645,26.855],[85.625,26.875],[85.605,26.86],[85.575,26.86],[85.565,26.84],[85.545,26.84],[85.495,26.795],[85.45,26.78],[85.41,26.79],[85.37,26.76],[85.335,26.74],[85.31,26.75],[85.235,26.76],[85.21,26.76],[85.175,26.81],[85.19,26.83],[85.195,26.865],[85.1,26.87],[85.06,26.85],[85.03,26.86],[85.05,26.89],[85,26.9],[84.97,26.92],[84.975,26.94],[84.96,26.96],[84.91,26.97],[84.86,26.99],[84.855,27.01],[84.82,27.02],[84.795,27],[84.78,27.015],[84.755,27.005],[84.645,27.045],[84.645,27.075],[84.675,27.105],[84.685,27.145],[84.68,27.175],[84.69,27.22],[84.645,27.305],[84.62,27.34],[84.495,27.355],[84.47,27.355],[84.42,27.37],[84.355,27.37],[84.28,27.395],[84.275,27.425],[84.26,27.45],[84.19,27.47],[84.145,27.49],[84.105,27.52],[84.095,27.49],[84.065,27.48],[84.045,27.445],[84.015,27.44],[84,27.445],[83.87,27.435],[83.85,27.45],[83.83,27.43],[83.88,27.365],[83.865,27.345],[83.835,27.32],[83.87,27.305],[83.905,27.325],[83.925,27.32],[83.93,27.29],[83.905,27.27],[83.91,27.245],[83.955,27.235],[83.985,27.2],[83.98,27.165],[83.945,27.11],[83.965,27.085],[84.015,27.105],[84.03,27.085],[84.005,27.06],[84.05,27.035],[84.045,27.015],[84.055,26.99],[84.045,26.93],[84.05,26.905],[84.08,26.88],[84.13,26.895],[84.145,26.88],[84.14,26.855],[84.18,26.835],[84.19,26.86],[84.22,26.87],[84.255,26.855],[84.26,26.805],[84.25,26.77],[84.235,26.755],[84.255,26.725],[84.285,26.75],[84.305,26.75],[84.325,26.715],[84.33,26.685],[84.41,26.67],[84.42,26.625],[84.355,26.62],[84.285,26.6],[84.2,26.625],[84.17,26.625],[84.16,26.635],[84.09,26.635],[84.085,26.59],[84.065,26.575],[84.05,26.535],[84.005,26.525],[83.975,26.53],[83.97,26.51],[83.94,26.525],[83.915,26.505],[83.91,26.45],[83.945,26.44],[84.025,26.43],[84.07,26.39],[84.12,26.385],[84.175,26.375],[84.175,26.335],[84.185,26.315],[84.175,26.29],[84.175,26.265],[84.115,26.24],[84.06,26.225],[84.025,26.24],[84.025,26.195],[84.01,26.175],[84.035,26.16],[84.03,26.14],[84.05,26.13],[84.055,26.1],[84.09,26.1],[84.12,26.075],[84.14,26.05],[84.175,26.025],[84.175,25.995],[84.205,26],[84.245,25.975],[84.31,25.945],[84.355,25.96],[84.41,25.93],[84.43,25.89],[84.51,25.87],[84.535,25.875],[84.53,25.83],[84.55,25.84],[84.58,25.825],[84.625,25.79],[84.61,25.755],[84.56,25.735],[84.56,25.685],[84.535,25.69],[84.52,25.675],[84.495,25.69],[84.47,25.685],[84.46,25.71],[84.43,25.71],[84.405,25.7],[84.4,25.73],[84.375,25.74],[84.335,25.745],[84.33,25.73],[84.325,25.67],[84.295,25.66],[84.225,25.66],[84.205,25.67],[84.2,25.7],[84.155,25.725],[84.105,25.72],[84.075,25.695],[84.085,25.65],[84.08,25.635],[84.015,25.615],[83.955,25.57],[83.915,25.545],[83.88,25.505],[83.855,25.47],[83.81,25.45],[83.825,25.435],[83.81,25.41],[83.77,25.395],[83.74,25.41],[83.7,25.395],[83.66,25.365],[83.63,25.33],[83.61,25.33],[83.585,25.315],[83.535,25.305],[83.515,25.285],[83.485,25.28],[83.465,25.25],[83.45,25.26],[83.41,25.245],[83.41,25.23],[83.385,25.205],[83.355,25.19],[83.35,25.155],[83.365,25.125],[83.35,25.115],[83.34,25.08],[83.345,25.05],[83.32,25.015],[83.35,25.01],[83.345,24.965],[83.36,24.955],[83.365,24.91],[83.375,24.86],[83.4,24.82],[83.39,24.79],[83.43,24.77],[83.46,24.73],[83.49,24.735],[83.485,24.705],[83.52,24.68],[83.5,24.65],[83.545,24.63],[83.525,24.6],[83.53,24.58],[83.52,24.55],[83.505,24.525],[83.55,24.525],[83.595,24.515],[83.69,24.515],[83.715,24.505],[83.755,24.51],[83.8,24.53],[83.865,24.535],[83.875,24.53],[83.935,24.545],[83.975,24.59],[84,24.64],[84.035,24.63],[84.075,24.565],[84.085,24.515],[84.105,24.48],[84.14,24.5],[84.135,24.525],[84.18,24.505],[84.185,24.52],[84.175,24.545],[84.235,24.55],[84.26,24.535],[84.3,24.545],[84.32,24.515],[84.325,24.485],[84.305,24.48],[84.295,24.45],[84.32,24.445],[84.34,24.395],[84.39,24.38],[84.425,24.355],[84.425,24.33],[84.465,24.33],[84.5,24.29],[84.535,24.365],[84.56,24.375],[84.57,24.41],[84.585,24.415],[84.615,24.4],[84.63,24.405],[84.665,24.39],[84.685,24.455],[84.725,24.47],[84.755,24.5],[84.79,24.505],[84.8,24.53],[84.84,24.515],[84.835,24.47],[84.87,24.46],[84.88,24.425],[84.915,24.375],[84.955,24.37],[85.03,24.415],[85.08,24.4],[85.1,24.375],[85.125,24.4],[85.175,24.42],[85.16,24.46],[85.225,24.465],[85.25,24.49],[85.28,24.49],[85.29,24.525],[85.32,24.52],[85.375,24.525],[85.4,24.545],[85.43,24.53],[85.49,24.55],[85.525,24.52],[85.545,24.55],[85.57,24.56],[85.57,24.59],[85.6,24.595],[85.615,24.58],[85.67,24.58],[85.675,24.62],[85.65,24.685],[85.68,24.69],[85.71,24.725],[85.705,24.765],[85.74,24.82],[85.78,24.795],[85.81,24.795],[85.82,24.81],[85.865,24.805],[85.89,24.795],[85.92,24.745],[85.97,24.735],[85.98,24.75],[86.055,24.78],[86.055,24.755],[86.095,24.745],[86.13,24.7],[86.13,24.675],[86.115,24.645],[86.125,24.61],[86.16,24.585],[86.19,24.585],[86.215,24.595],[86.255,24.585],[86.29,24.59],[86.3,24.56],[86.295,24.535],[86.31,24.51],[86.275,24.465],[86.315,24.44],[86.35,24.445],[86.36,24.43],[86.395,24.415],[86.415,24.38],[86.445,24.37],[86.47,24.395],[86.47,24.425],[86.49,24.43],[86.495,24.455],[86.485,24.47],[86.5,24.49],[86.515,24.535],[86.555,24.545],[86.58,24.565],[86.605,24.6],[86.67,24.565],[86.725,24.585],[86.75,24.595],[86.755,24.62],[86.785,24.615],[86.805,24.6],[86.81,24.57],[86.86,24.555],[86.875,24.57],[86.92,24.56],[86.91,24.585],[86.93,24.625],[86.98,24.64],[86.995,24.62],[87.05,24.61],[87.045,24.63],[87.055,24.67],[87.08,24.725],[87.085,24.755],[87.075,24.81],[87.11,24.85],[87.14,24.86],[87.155,24.885],[87.145,24.92],[87.155,24.975],[87.145,25.01],[87.18,25.065],[87.215,25.09],[87.235,25.09],[87.26,25.105],[87.295,25.09],[87.295,25.115],[87.315,25.15],[87.32,25.195],[87.335,25.215],[87.37,25.205],[87.39,25.23],[87.465,25.195],[87.48,25.195],[87.475,25.24],[87.5,25.265],[87.485,25.295],[87.545,25.295],[87.55,25.335],[87.585,25.335],[87.61,25.315],[87.63,25.32],[87.655,25.31],[87.69,25.31],[87.695,25.285],[87.71,25.26],[87.765,25.265],[87.82,25.245],[87.845,25.265],[87.85,25.295],[87.785,25.34],[87.79,25.375],[87.765,25.385],[87.785,25.45],[87.825,25.435],[87.83,25.46],[87.865,25.475],[87.865,25.495],[87.905,25.505],[87.925,25.54],[87.965,25.535],[87.995,25.515],[88.015,25.515],[88.03,25.49],[88.065,25.49],[88.07,25.515],[88.05,25.55],[88.03,25.555],[88.02,25.595],[88.05,25.665],[88.05,25.7],[87.97,25.725],[87.945,25.77],[87.91,25.78],[87.905,25.82],[87.895,25.835],[87.915,25.85],[87.89,25.865],[87.83,25.87],[87.81,25.93],[87.845,25.96],[87.855,26.025],[87.88,26.04],[87.905,26.075],[87.93,26.08],[87.95,26.06],[87.975,26.075],[87.985,26.1],[87.98,26.145],[88.015,26.15],[88.035,26.18],[88.075,26.175],[88.09,26.2],[88.155,26.255],[88.23,26.285],[88.25,26.31],[88.255,26.33],[88.26,26.33],[88.285,26.33],[88.28,26.375],[88.25,26.375],[88.235,26.39],[88.26,26.42],[88.225,26.48],[88.2,26.485],[88.18,26.51],[88.235,26.545],[88.19,26.56],[88.165,26.535],[88.135,26.525],[88.105,26.55]]]},"properties":{"ST_NM":"Bihar"}},
{"type":"Feature","geometry":{"type":"Polygon","coordinates":[[[76.43,11.665],[76.41,11.69],[76.41,11.715],[76.425,11.72],[76.41,11.76],[76.375,11.745],[76.34,11.74],[76.32,11.75],[76.31,11.785],[76.28,11.81],[76.225,11.805],[76.21,11.83],[76.205,11.86],[76.19,11.87],[76.155,11.87],[76.12,11.85],[76.115,11.865],[76.11,11.98],[76.07,11.965],[76.035,11.94],[76.005,11.93],[75.955,11.94],[75.895,11.945],[75.86,11.96],[75.845,11.98],[75.83,11.985],[75.825,12.015],[75.8,12.035],[75.805,12.08],[75.75,12.085],[75.73,12.075],[75.685,12.11],[75.665,12.095],[75.65,12.11],[75.645,12.14],[75.62,12.155],[75.575,12.155],[75.54,12.2],[75.505,12.27],[75.485,12.29],[75.435,12.295],[75.41,12.345],[75.42,12.375],[75.38,12.39],[75.365,12.41],[75.37,12.455],[75.395,12.455],[75.425,12.465],[75.42,12.5],[75.38,12.5],[75.36,12.465],[75.34,12.47],[75.33,12.5],[75.305,12.505],[75.305,12.525],[75.28,12.525],[75.27,12.57],[75.29,12.585],[75.325,12.585],[75.275,12.62],[75.24,12.57],[75.22,12.57],[75.2,12.615],[75.18,12.63],[75.155,12.625],[75.145,12.64],[75.16,12.675],[75.11,12.685],[75.04,12.67],[75.05,12.72],[74.98,12.74],[75.005,12.77],[75,12.79],[74.97,12.775],[74.93,12.78],[74.88,12.755],[74.87,12.76],[74.885,12.71],[74.915,12.645],[74.975,12.5],[75.03,12.39],[75.04,12.39],[75.085,12.29],[75.12,12.205],[75.15,12.145],[75.155,12.11],[75.205,12.005],[75.23,12.025],[75.25,12.01],[75.3,11.95],[75.33,11.9],[75.365,11.855],[75.38,11.86],[75.44,11.805],[75.46,11.765],[75.475,11.765],[75.53,11.705],[75.535,11.695],[75.56,11.645],[75.62,11.485],[75.635,11.465],[75.68,11.45],[75.715,11.395],[75.745,11.32],[75.805,11.16],[75.83,11.115],[75.85,11.055],[75.89,10.9],[75.905,10.805],[75.92,10.76],[76,10.595],[76.03,10.52],[76.065,10.455],[76.115,10.335],[76.14,10.255],[76.185,10.115],[76.205,10.055],[76.225,9.99],[76.24,9.98],[76.24,9.95],[76.26,9.885],[76.285,9.75],[76.295,9.63],[76.315,9.505],[76.34,9.41],[76.355,9.375],[76.485,9.09],[76.515,9.02],[76.54,8.915],[76.565,8.88],[76.58,8.88],[76.61,8.86],[76.67,8.785],[76.7,8.735],[76.755,8.67],[76.89,8.5],[76.97,8.41],[76.97,8.39],[77,8.375],[77.1,8.29],[77.12,8.32],[77.16,8.33],[77.175,8.35],[77.16,8.37],[77.195,8.42],[77.215,8.47],[77.215,8.51],[77.24,8.495],[77.26,8.505],[77.275,8.54],[77.265,8.585],[77.25,8.62],[77.215,8.65],[77.205,8.68],[77.18,8.73],[77.2,8.765],[77.23,8.785],[77.23,8.805],[77.265,8.84],[77.255,8.88],[77.22,8.905],[77.21,8.93],[77.175,8.99],[77.15,9.01],[77.165,9.045],[77.19,9.045],[77.205,9.085],[77.23,9.115],[77.245,9.125],[77.27,9.155],[77.255,9.195],[77.28,9.215],[77.275,9.235],[77.29,9.28],[77.285,9.295],[77.34,9.37],[77.335,9.41],[77.365,9.46],[77.395,9.46],[77.4,9.495],[77.365,9.535],[77.365,9.55],[77.305,9.6],[77.27,9.575],[77.235,9.58],[77.205,9.615],[77.17,9.615],[77.18,9.655],[77.205,9.695],[77.205,9.725],[77.23,9.77],[77.225,9.79],[77.245,9.8],[77.225,9.82],[77.235,9.86],[77.22,9.865],[77.22,9.905],[77.24,9.94],[77.275,9.965],[77.255,10.01],[77.26,10.035],[77.205,10.09],[77.2,10.105],[77.245,10.13],[77.275,10.13],[77.27,10.165],[77.29,10.23],[77.265,10.235],[77.265,10.265],[77.23,10.315],[77.235,10.355],[77.175,10.36],[77.12,10.32],[77.09,10.315],[77.055,10.285],[77.05,10.265],[76.985,10.22],[76.94,10.24],[76.91,10.235],[76.895,10.26],[76.85,10.285],[76.83,10.305],[76.835,10.345],[76.85,10.365],[76.825,10.395],[76.815,10.425],[76.83,10.45],[76.83,10.495],[76.84,10.535],[76.835,10.545],[76.84,10.595],[76.815,10.605],[76.815,10.635],[76.87,10.635],[76.88,10.64],[76.865,10.685],[76.905,10.765],[76.9,10.81],[76.87,10.81],[76.83,10.87],[76.78,10.89],[76.74,10.895],[76.695,10.91],[76.66,10.93],[76.665,10.97],[76.685,10.99],[76.69,11.01],[76.715,11.04],[76.765,11.03],[76.745,11.055],[76.755,11.08],[76.745,11.105],[76.75,11.135],[76.705,11.14],[76.695,11.165],[76.73,11.195],[76.735,11.215],[76.705,11.24],[76.63,11.195],[76.6,11.2],[76.535,11.185],[76.5,11.21],[76.45,11.205],[76.455,11.24],[76.52,11.27],[76.54,11.295],[76.55,11.33],[76.55,11.36],[76.46,11.39],[76.37,11.455],[76.34,11.47],[76.325,11.455],[76.285,11.485],[76.265,11.48],[76.24,11.525],[76.25,11.535],[76.235,11.57],[76.28,11.6],[76.3,11.57],[76.335,11.595],[76.355,11.59],[76.38,11.6],[76.39,11.63],[76.425,11.635],[76.445,11.645],[76.43,11.665]]]},"properties":{"ST_NM":"Kerala"}},
{"type":"Feature","geometry":{"type":"Polygon","coordinates":[[[82.81,23.965],[82.805,24.005],[82.75,24.01],[82.75,24.03],[82.77,24.055],[82.775,24.075],[82.735,24.08],[82.71,24.09],[82.665,24.13],[82.695,24.14],[82.73,24.135],[82.745,24.165],[82.735,24.225],[82.76,24.235],[82.755,24.26],[82.775,24.31],[82.765,24.375],[82.725,24.37],[82.715,24.38],[82.735,24.46],[82.745,24.5],[82.72,24.515],[82.75,24.56],[82.77,24.56],[82.8,24.58],[82.805,24.6],[82.78,24.61],[82.775,24.64],[82.73,24.635],[82.7,24.645],[82.7,24.67],[82.67,24.695],[82.605,24.675],[82.58,24.66],[82.54,24.65],[82.525,24.675],[82.455,24.675],[82.43,24.7],[82.405,24.685],[82.42,24.64],[82.4,24.59],[82.36,24.6],[82.33,24.62],[82.3,24.61],[82.305,24.655],[82.275,24.675],[82.235,24.67],[82.25,24.71],[82.255,24.75],[82.215,24.755],[82.185,24.795],[82.165,24.785],[82.14,24.8],[82.115,24.8],[82.1,24.815],[82.01,24.845],[81.96,24.835],[81.945,24.84],[81.935,24.87],[81.91,24.88],[81.905,24.905],[81.92,24.93],[81.91,24.94],[81.91,24.98],[81.89,24.995],[81.855,25.005],[81.835,25.015],[81.795,25.005],[81.78,25.02],[81.745,25.035],[81.71,25.035],[81.67,25.07],[81.64,25.055],[81.61,25.055],[81.605,25.08],[81.64,25.1],[81.635,25.115],[81.605,25.115],[81.605,25.135],[81.625,25.16],[81.59,25.165],[81.58,25.19],[81.52,25.185],[81.535,25.16],[81.525,25.14],[81.5,25.15],[81.485,25.115],[81.51,25.105],[81.5,25.075],[81.42,25.1],[81.445,25.115],[81.43,25.13],[81.405,25.125],[81.37,25.145],[81.355,25.165],[81.29,25.16],[81.265,25.14],[81.26,25.075],[81.265,25.05],[81.225,25],[81.215,24.935],[81.17,24.955],[81.16,24.915],[81.14,24.89],[81.095,24.92],[81.09,24.945],[81.035,24.955],[81.025,24.93],[80.995,24.93],[80.95,24.94],[80.93,24.96],[80.875,24.935],[80.81,24.925],[80.805,24.955],[80.855,25.005],[80.835,25.025],[80.85,25.045],[80.88,25.065],[80.865,25.08],[80.88,25.1],[80.87,25.115],[80.905,25.16],[80.88,25.185],[80.84,25.155],[80.825,25.12],[80.805,25.14],[80.785,25.13],[80.735,25.135],[80.725,25.095],[80.755,25.09],[80.785,25.075],[80.775,25.055],[80.74,25.055],[80.73,25.065],[80.68,25.055],[80.675,25.08],[80.615,25.095],[80.635,25.125],[80.6,25.15],[80.59,25.09],[80.57,25.085],[80.55,25.065],[80.505,25.085],[80.505,25.045],[80.545,25.03],[80.53,25],[80.5,25.005],[80.48,24.975],[80.455,24.98],[80.455,25.005],[80.435,25.03],[80.465,25.065],[80.45,25.08],[80.415,25.06],[80.395,25.065],[80.375,25.005],[80.35,25.02],[80.33,24.99],[80.3,25.015],[80.29,25.04],[80.33,25.05],[80.35,25.09],[80.375,25.115],[80.355,25.13],[80.395,25.16],[80.43,25.18],[80.41,25.22],[80.385,25.235],[80.35,25.28],[80.31,25.285],[80.32,25.335],[80.31,25.345],[80.315,25.385],[80.3,25.405],[80.265,25.425],[80.255,25.4],[80.195,25.4],[80.195,25.38],[80.17,25.375],[80.13,25.335],[80.09,25.355],[80.075,25.335],[80.035,25.34],[80.02,25.325],[80.02,25.3],[80,25.285],[80.005,25.265],[79.955,25.265],[79.935,25.245],[79.9,25.24],[79.875,25.25],[79.85,25.225],[79.865,25.14],[79.825,25.105],[79.745,25.14],[79.675,25.125],[79.61,25.13],[79.57,25.17],[79.55,25.16],[79.52,25.12],[79.525,25.095],[79.485,25.08],[79.44,25.105],[79.425,25.12],[79.405,25.105],[79.385,25.145],[79.39,25.17],[79.44,25.195],[79.435,25.255],[79.345,25.305],[79.34,25.33],[79.3,25.34],[79.27,25.305],[79.265,25.275],[79.28,25.26],[79.345,25.25],[79.345,25.215],[79.285,25.225],[79.28,25.205],[79.31,25.2],[79.315,25.135],[79.28,25.115],[79.245,25.135],[79.24,25.115],[79.205,25.125],[79.185,25.145],[79.165,25.105],[79.145,25.115],[79.115,25.14],[79.125,25.16],[79.095,25.175],[79.07,25.17],[79.05,25.135],[79.03,25.14],[79.03,25.185],[79.065,25.22],[79.02,25.24],[79.015,25.275],[78.995,25.275],[78.975,25.235],[79,25.23],[79.005,25.195],[78.97,25.215],[78.935,25.21],[78.91,25.18],[78.88,25.155],[78.87,25.19],[78.89,25.215],[78.87,25.225],[78.88,25.255],[78.9,25.245],[78.91,25.27],[78.94,25.26],[78.965,25.3],[78.96,25.345],[78.91,25.335],[78.885,25.345],[78.865,25.31],[78.865,25.28],[78.85,25.23],[78.81,25.27],[78.79,25.3],[78.82,25.305],[78.84,25.345],[78.88,25.385],[78.915,25.385],[78.9,25.36],[78.945,25.35],[78.97,25.39],[78.975,25.42],[78.96,25.44],[78.935,25.43],[78.91,25.44],[78.935,25.46],[78.945,25.485],[78.92,25.515],[78.955,25.54],[78.94,25.555],[78.915,25.545],[78.885,25.555],[78.885,25.515],[78.84,25.515],[78.865,25.465],[78.835,25.455],[78.795,25.485],[78.775,25.475],[78.735,25.485],[78.73,25.46],[78.77,25.425],[78.745,25.395],[78.775,25.355],[78.725,25.345],[78.715,25.37],[78.665,25.38],[78.675,25.4],[78.71,25.43],[78.66,25.44],[78.645,25.415],[78.61,25.415],[78.585,25.375],[78.585,25.345],[78.565,25.34],[78.54,25.36],[78.535,25.3],[78.51,25.295],[78.495,25.315],[78.475,25.29],[78.455,25.3],[78.44,25.275],[78.465,25.265],[78.505,25.29],[78.51,25.275],[78.56,25.265],[78.57,25.205],[78.605,25.145],[78.605,25.09],[78.625,25.085],[78.655,25.05],[78.645,24.985],[78.63,24.96],[78.665,24.94],[78.675,24.9],[78.71,24.88],[78.73,24.88],[78.77,24.855],[78.78,24.82],[78.77,24.76],[78.78,24.705],[78.745,24.66],[78.755,24.6],[78.785,24.59],[78.835,24.605],[78.885,24.64],[78.915,24.585],[78.935,24.56],[78.95,24.5],[78.92,24.495],[78.915,24.46],[78.94,24.45],[78.945,24.435],[78.985,24.44],[78.995,24.425],[78.965,24.345],[78.94,24.315],[78.91,24.295],[78.915,24.27],[78.885,24.25],[78.89,24.225],[78.86,24.21],[78.845,24.215],[78.81,24.18],[78.79,24.175],[78.765,24.23],[78.725,24.235],[78.705,24.225],[78.67,24.24],[78.66,24.265],[78.63,24.3],[78.605,24.315],[78.585,24.345],[78.5,24.39],[78.48,24.36],[78.48,24.34],[78.44,24.31],[78.44,24.295],[78.415,24.275],[78.395,24.27],[78.35,24.3],[78.33,24.325],[78.355,24.365],[78.34,24.405],[78.325,24.41],[78.265,24.455],[78.27,24.475],[78.245,24.485],[78.245,24.51],[78.225,24.535],[78.265,24.55],[78.275,24.62],[78.265,24.65],[78.275,24.66],[78.26,24.705],[78.225,24.755],[78.235,24.77],[78.195,24.845],[78.175,24.845],[78.17,24.88],[78.21,24.895],[78.22,24.915],[78.335,24.995],[78.345,25.025],[78.335,25.07],[78.34,25.085],[78.385,25.105],[78.41,25.13],[78.435,25.12],[78.415,25.185],[78.38,25.225],[78.375,25.26],[78.34,25.29],[78.31,25.305],[78.335,25.325],[78.33,25.35],[78.3,25.36],[78.34,25.4],[78.355,25.45],[78.37,25.44],[78.43,25.49],[78.415,25.5],[78.42,25.535],[78.455,25.55],[78.495,25.58],[78.525,25.565],[78.585,25.555],[78.6,25.57],[78.66,25.56],[78.68,25.585],[78.715,25.605],[78.74,25.595],[78.81,25.62],[78.82,25.65],[78.815,25.675],[78.8,25.705],[78.765,25.72],[78.77,25.75],[78.81,25.8],[78.83,25.795],[78.845,25.82],[78.85,25.85],[78.865,25.87],[78.89,25.88],[78.885,25.915],[78.935,25.95],[78.95,25.99],[78.95,26.025],[79.005,26.065],[79,26.09],[78.95,26.13],[78.965,26.15],[78.995,26.145],[79.005,26.17],[78.985,26.185],[78.995,26.2],[79.02,26.19],[79.025,26.22],[79.065,26.23],[79.06,26.275],[79.085,26.28],[79.115,26.32],[79.12,26.35],[79.085,26.36],[79.095,26.38],[79.09,26.405],[79.125,26.41],[79.13,26.44],[79.1,26.455],[79.07,26.44],[79.055,26.455],[79.07,26.48],[79.07,26.495],[79.02,26.54],[78.99,26.595],[79.015,26.6],[78.995,26.64],[79.01,26.67],[78.995,26.675],[78.945,26.66],[78.955,26.69],[78.915,26.705],[78.87,26.7],[78.815,26.76],[78.77,26.77],[78.72,26.795],[78.68,26.785],[78.675,26.765],[78.63,26.775],[78.615,26.75],[78.58,26.75],[78.52,26.78],[78.46,26.79],[78.425,26.825],[78.395,26.815],[78.36,26.87],[78.305,26.865],[78.275,26.84],[78.27,26.815],[78.225,26.83],[78.17,26.815],[78.185,26.785],[78.155,26.785],[78.115,26.795],[78.1,26.775],[78.125,26.75],[78.095,26.72],[78.095,26.68],[78,26.695],[77.985,26.675],[77.955,26.66],[77.9,26.655],[77.895,26.615],[77.855,26.615],[77.825,26.595],[77.835,26.56],[77.815,26.545],[77.785,26.55],[77.74,26.53],[77.715,26.5],[77.675,26.505],[77.635,26.48],[77.615,26.455],[77.56,26.435],[77.525,26.405],[77.49,26.41],[77.44,26.405],[77.45,26.37],[77.39,26.355],[77.375,26.365],[77.345,26.35],[77.32,26.335],[77.315,26.31],[77.27,26.265],[77.205,26.23],[77.135,26.235],[77.115,26.22],[77.1,26.185],[77.03,26.175],[77.01,26.155],[77,26.13],[76.98,26.125],[76.95,26.105],[76.9,26.095],[76.885,26.05],[76.84,26.025],[76.8,25.975],[76.805,25.96],[76.73,25.905],[76.705,25.9],[76.67,25.91],[76.63,25.9],[76.625,25.87],[76.59,25.875],[76.53,25.81],[76.515,25.775],[76.52,25.725],[76.475,25.715],[76.48,25.68],[76.505,25.675],[76.5,25.64],[76.515,25.605],[76.505,25.58],[76.52,25.545],[76.515,25.53],[76.555,25.485],[76.555,25.455],[76.59,25.43],[76.6,25.395],[76.635,25.385],[76.675,25.35],[76.71,25.345],[76.73,25.33],[76.78,25.315],[76.855,25.335],[76.9,25.325],[76.93,25.305],[76.96,25.295],[77.03,25.295],[77.045,25.32],[77.07,25.32],[77.085,25.335],[77.125,25.33],[77.165,25.31],[77.21,25.305],[77.205,25.325],[77.225,25.34],[77.235,25.38],[77.265,25.395],[77.295,25.425],[77.33,25.425],[77.37,25.41],[77.35,25.38],[77.36,25.355],[77.35,25.33],[77.38,25.315],[77.375,25.275],[77.355,25.265],[77.415,25.22],[77.42,25.2],[77.4,25.185],[77.395,25.14],[77.375,25.105],[77.31,25.08],[77.29,25.105],[77.175,25.11],[77.165,25.085],[77.135,25.085],[77.125,25.065],[77.08,25.06],[76.99,25.07],[76.965,25.05],[76.875,25.04],[76.875,25.01],[76.86,24.96],[76.89,24.935],[76.89,24.92],[76.925,24.915],[76.91,24.89],[76.94,24.86],[76.925,24.845],[76.88,24.835],[76.83,24.84],[76.8,24.825],[76.805,24.81],[76.85,24.765],[76.855,24.74],[76.89,24.745],[76.9,24.735],[76.965,24.755],[77,24.72],[77.03,24.71],[77.065,24.645],[77.07,24.57],[77.055,24.525],[77.03,24.515],[77.03,24.495],[76.98,24.46],[76.945,24.465],[76.915,24.485],[76.92,24.545],[76.875,24.54],[76.86,24.55],[76.815,24.535],[76.83,24.505],[76.845,24.485],[76.85,24.45],[76.84,24.415],[76.85,24.37],[76.835,24.36],[76.84,24.325],[76.86,24.295],[76.865,24.275],[76.89,24.245],[76.91,24.24],[76.92,24.21],[76.945,24.205],[76.915,24.17],[76.9,24.125],[76.855,24.135],[76.8,24.115],[76.755,24.17],[76.7,24.17],[76.68,24.205],[76.7,24.24],[76.695,24.285],[76.665,24.26],[76.64,24.27],[76.595,24.245],[76.59,24.215],[76.57,24.21],[76.56,24.175],[76.53,24.155],[76.51,24.17],[76.505,24.205],[76.45,24.21],[76.43,24.22],[76.395,24.215],[76.34,24.245],[76.32,24.245],[76.285,24.23],[76.285,24.21],[76.24,24.22],[76.205,24.215],[76.205,24.305],[76.185,24.33],[76.16,24.285],[76.14,24.28],[76.145,24.225],[76.12,24.195],[76.115,24.165],[76.13,24.115],[76.125,24.09],[76.1,24.085],[76.075,24.07],[76.045,24.065],[76.02,24.035],[76,24.02],[75.96,24.015],[75.985,23.975],[75.985,23.94],[75.93,23.9],[75.89,23.88],[75.87,23.89],[75.82,23.87],[75.795,23.865],[75.765,23.85],[75.755,23.885],[75.705,23.9],[75.7,23.875],[75.73,23.855],[75.72,23.815],[75.69,23.815],[75.695,23.775],[75.66,23.785],[75.655,23.795],[75.62,23.8],[75.585,23.795],[75.56,23.82],[75.565,23.855],[75.495,23.905],[75.46,23.92],[75.47,23.975],[75.52,24.025],[75.54,24.01],[75.57,24.005],[75.585,23.99],[75.63,23.995],[75.67,24.02],[75.69,24.005],[75.7,23.965],[75.74,23.975],[75.765,23.995],[75.785,24.02],[75.78,24.045],[75.835,24.055],[75.835,24.09],[75.795,24.09],[75.78,24.115],[75.765,24.12],[75.75,24.15],[75.775,24.18],[75.78,24.21],[75.805,24.215],[75.82,24.24],[75.815,24.285],[75.8,24.3],[75.765,24.3],[75.74,24.335],[75.74,24.375],[75.75,24.43],[75.77,24.435],[75.79,24.47],[75.815,24.46],[75.81,24.435],[75.84,24.415],[75.875,24.425],[75.91,24.455],[75.91,24.515],[75.925,24.535],[75.905,24.545],[75.905,24.575],[75.88,24.585],[75.87,24.605],[75.84,24.625],[75.85,24.665],[75.825,24.67],[75.84,24.725],[75.805,24.755],[75.755,24.76],[75.685,24.725],[75.645,24.685],[75.61,24.68],[75.585,24.715],[75.55,24.705],[75.535,24.71],[75.49,24.69],[75.455,24.68],[75.37,24.69],[75.35,24.7],[75.23,24.72],[75.19,24.745],[75.21,24.8],[75.25,24.81],[75.24,24.845],[75.29,24.835],[75.3,24.805],[75.4,24.84],[75.42,24.855],[75.405,24.885],[75.375,24.87],[75.325,24.875],[75.32,24.86],[75.265,24.875],[75.265,24.895],[75.295,24.905],[75.275,24.925],[75.28,24.955],[75.32,24.9],[75.335,24.955],[75.315,24.98],[75.32,25.01],[75.34,25.02],[75.335,25.04],[75.195,25.035],[75.17,25.05],[75.15,24.99],[75.115,24.965],[75.12,24.88],[75.1,24.87],[75.075,24.88],[75.05,24.85],[74.985,24.855],[74.95,24.865],[74.91,24.895],[74.915,24.915],[74.89,24.935],[74.87,24.925],[74.86,24.96],[74.835,24.96],[74.825,24.9],[74.84,24.885],[74.86,24.84],[74.86,24.8],[74.905,24.78],[74.98,24.765],[75.005,24.77],[75.015,24.73],[74.99,24.73],[74.995,24.695],[74.965,24.67],[74.945,24.64],[74.89,24.635],[74.835,24.705],[74.82,24.745],[74.78,24.73],[74.785,24.655],[74.815,24.665],[74.805,24.635],[74.78,24.615],[74.785,24.585],[74.745,24.57],[74.755,24.555],[74.745,24.515],[74.72,24.51],[74.745,24.47],[74.78,24.46],[74.815,24.47],[74.855,24.425],[74.825,24.4],[74.78,24.34],[74.78,24.29],[74.745,24.255],[74.78,24.24],[74.81,24.245],[74.85,24.235],[74.87,24.245],[74.91,24.21],[74.88,24.175],[74.895,24.16],[74.905,24.11],[74.94,24.055],[74.98,24.035],[74.96,23.975],[74.93,23.955],[74.9,23.875],[74.91,23.835],[74.905,23.795],[74.925,23.795],[74.94,23.765],[74.905,23.675],[74.92,23.665],[74.935,23.63],[74.87,23.59],[74.84,23.55],[74.805,23.53],[74.775,23.545],[74.76,23.52],[74.735,23.52],[74.73,23.5],[74.7,23.505],[74.65,23.46],[74.615,23.46],[74.6,23.43],[74.575,23.425],[74.57,23.375],[74.54,23.365],[74.535,23.33],[74.525,23.32],[74.545,23.28],[74.57,23.295],[74.585,23.28],[74.62,23.275],[74.65,23.255],[74.68,23.27],[74.7,23.265],[74.715,23.235],[74.745,23.21],[74.715,23.19],[74.67,23.2],[74.65,23.175],[74.595,23.14],[74.545,23.13],[74.54,23.105],[74.465,23.08],[74.405,23.11],[74.385,23.11],[74.325,23.06],[74.32,23.04],[74.345,23.025],[74.365,22.98],[74.34,22.955],[74.38,22.905],[74.405,22.9],[74.42,22.915],[74.445,22.92],[74.46,22.91],[74.475,22.855],[74.465,22.815],[74.435,22.81],[74.435,22.78],[74.4,22.73],[74.385,22.645],[74.36,22.635],[74.315,22.635],[74.275,22.645],[74.23,22.61],[74.21,22.565],[74.17,22.545],[74.135,22.52],[74.11,22.54],[74.075,22.55],[74.04,22.535],[74.03,22.51],[74.085,22.505],[74.085,22.47],[74.105,22.465],[74.1,22.435],[74.12,22.42],[74.135,22.445],[74.16,22.43],[74.205,22.445],[74.245,22.435],[74.27,22.415],[74.225,22.355],[74.205,22.35],[74.19,22.32],[74.13,22.335],[74.11,22.365],[74.07,22.36],[74.065,22.305],[74.05,22.295],[74.075,22.265],[74.07,22.22],[74.115,22.215],[74.13,22.145],[74.125,22.1],[74.155,22.105],[74.17,22.09],[74.16,22.06],[74.135,22.055],[74.11,22.02],[74.12,22],[74.15,21.985],[74.145,21.955],[74.18,21.93],[74.205,21.925],[74.28,21.935],[74.31,21.97],[74.35,21.98],[74.39,22.02],[74.43,22.03],[74.445,22.01],[74.44,21.98],[74.49,21.955],[74.51,21.92],[74.515,21.89],[74.51,21.83],[74.5,21.805],[74.515,21.765],[74.515,21.72],[74.55,21.72],[74.565,21.685],[74.58,21.665],[74.665,21.65],[74.685,21.63],[74.785,21.61],[74.83,21.61],[74.87,21.63],[74.9,21.63],[74.91,21.615],[74.98,21.595],[75.02,21.575],[75.05,21.565],[75.09,21.515],[75.09,21.5],[75.11,21.46],[75.125,21.45],[75.18,21.43],[75.205,21.415],[75.25,21.405],[75.285,21.41],[75.315,21.39],[75.365,21.395],[75.38,21.38],[75.425,21.39],[75.495,21.385],[75.54,21.37],[75.57,21.38],[75.615,21.39],[75.625,21.375],[75.715,21.39],[75.755,21.38],[75.805,21.385],[75.835,21.375],[75.875,21.39],[75.91,21.38],[75.965,21.39],[75.985,21.37],[76.03,21.365],[76.05,21.35],[76.095,21.37],[76.12,21.325],[76.13,21.285],[76.145,21.285],[76.16,21.255],[76.14,21.235],[76.165,21.22],[76.165,21.17],[76.12,21.17],[76.11,21.16],[76.135,21.12],[76.19,21.085],[76.27,21.09],[76.28,21.07],[76.38,21.075],[76.435,21.1],[76.465,21.145],[76.48,21.18],[76.495,21.195],[76.53,21.18],[76.56,21.2],[76.625,21.185],[76.635,21.2],[76.64,21.235],[76.66,21.24],[76.665,21.28],[76.62,21.33],[76.685,21.38],[76.74,21.41],[76.745,21.44],[76.785,21.465],[76.795,21.49],[76.765,21.52],[76.79,21.54],[76.785,21.575],[76.8,21.595],[76.825,21.59],[76.855,21.615],[76.895,21.595],[76.955,21.64],[77.01,21.68],[77.06,21.705],[77.13,21.72],[77.21,21.69],[77.225,21.715],[77.26,21.715],[77.29,21.735],[77.28,21.76],[77.325,21.755],[77.405,21.75],[77.455,21.76],[77.5,21.745],[77.54,21.705],[77.56,21.665],[77.575,21.575],[77.61,21.54],[77.575,21.525],[77.52,21.54],[77.51,21.55],[77.455,21.555],[77.425,21.54],[77.42,21.515],[77.445,21.485],[77.44,21.47],[77.475,21.455],[77.47,21.435],[77.485,21.405],[77.49,21.375],[77.515,21.375],[77.53,21.42],[77.565,21.395],[77.565,21.37],[77.61,21.365],[77.605,21.39],[77.655,21.385],[77.675,21.375],[77.705,21.375],[77.71,21.355],[77.735,21.36],[77.745,21.38],[77.795,21.39],[77.82,21.405],[77.855,21.39],[77.9,21.375],[77.945,21.395],[77.98,21.4],[78.065,21.435],[78.175,21.5],[78.185,21.51],[78.175,21.545],[78.18,21.555],[78.225,21.555],[78.26,21.58],[78.265,21.59],[78.305,21.585],[78.32,21.57],[78.345,21.59],[78.355,21.575],[78.38,21.59],[78.39,21.615],[78.415,21.6],[78.435,21.535],[78.43,21.515],[78.455,21.495],[78.485,21.505],[78.505,21.525],[78.54,21.525],[78.585,21.485],[78.61,21.49],[78.69,21.48],[78.73,21.46],[78.75,21.495],[78.78,21.48],[78.805,21.49],[78.855,21.495],[78.89,21.485],[78.9,21.5],[78.935,21.485],[78.94,21.51],[78.91,21.55],[78.915,21.59],[78.935,21.595],[78.975,21.62],[79,21.62],[79.01,21.6],[79.04,21.605],[79.105,21.6],[79.1,21.615],[79.13,21.625],[79.165,21.66],[79.225,21.65],[79.23,21.67],[79.22,21.695],[79.235,21.71],[79.27,21.715],[79.29,21.69],[79.35,21.68],[79.4,21.675],[79.415,21.69],[79.46,21.685],[79.495,21.675],[79.51,21.635],[79.51,21.585],[79.545,21.565],[79.54,21.545],[79.58,21.54],[79.615,21.555],[79.655,21.555],[79.66,21.575],[79.69,21.58],[79.735,21.605],[79.79,21.585],[79.83,21.545],[79.865,21.53],[79.92,21.525],[79.94,21.555],[79.97,21.56],[80,21.535],[80.03,21.555],[80.07,21.555],[80.13,21.61],[80.155,21.605],[80.195,21.635],[80.22,21.62],[80.255,21.625],[80.295,21.595],[80.305,21.575],[80.33,21.57],[80.33,21.55],[80.375,21.525],[80.385,21.49],[80.42,21.45],[80.395,21.405],[80.415,21.375],[80.445,21.37],[80.46,21.405],[80.54,21.385],[80.55,21.37],[80.62,21.32],[80.66,21.335],[80.67,21.34],[80.705,21.415],[80.705,21.435],[80.735,21.46],[80.73,21.495],[80.74,21.54],[80.715,21.6],[80.73,21.625],[80.72,21.645],[80.72,21.675],[80.735,21.705],[80.735,21.73],[80.745,21.755],[80.77,21.76],[80.805,21.745],[80.84,21.8],[80.845,21.83],[80.845,21.88],[80.83,21.91],[80.845,21.925],[80.85,21.96],[80.875,22.015],[80.875,22.04],[80.895,22.065],[80.91,22.11],[80.95,22.115],[80.97,22.085],[80.97,22.06],[80.995,22.05],[81.01,22.07],[81.01,22.095],[80.98,22.125],[81.02,22.135],[81.03,22.19],[81.025,22.23],[81.05,22.245],[81.09,22.245],[81.1,22.28],[81.12,22.29],[81.115,22.325],[81.12,22.34],[81.105,22.385],[81.11,22.435],[81.155,22.455],[81.17,22.485],[81.195,22.49],[81.2,22.465],[81.23,22.45],[81.26,22.47],[81.26,22.495],[81.28,22.505],[81.305,22.48],[81.32,22.49],[81.32,22.515],[81.34,22.52],[81.38,22.51],[81.395,22.44],[81.425,22.45],[81.43,22.48],[81.465,22.495],[81.485,22.49],[81.495,22.52],[81.535,22.54],[81.545,22.53],[81.565,22.55],[81.605,22.535],[81.625,22.555],[81.66,22.57],[81.645,22.595],[81.685,22.645],[81.715,22.65],[81.73,22.675],[81.77,22.675],[81.75,22.725],[81.795,22.765],[81.785,22.78],[81.78,22.81],[81.765,22.835],[81.775,22.875],[81.86,22.89],[81.92,22.945],[81.945,22.955],[81.95,22.985],[81.92,23.04],[81.93,23.06],[81.97,23.08],[82.035,23.08],[82.065,23.115],[82.11,23.11],[82.16,23.145],[82.145,23.165],[82.155,23.21],[82.145,23.225],[82.175,23.27],[82.195,23.275],[82.2,23.31],[82.17,23.335],[82.145,23.36],[82.12,23.355],[82.1,23.4],[82.07,23.39],[82.055,23.375],[82.02,23.39],[82.03,23.41],[81.985,23.415],[81.975,23.45],[81.955,23.47],[81.95,23.5],[81.925,23.535],[81.88,23.515],[81.82,23.515],[81.81,23.55],[81.76,23.55],[81.735,23.565],[81.7,23.52],[81.67,23.535],[81.64,23.48],[81.61,23.51],[81.61,23.555],[81.585,23.555],[81.575,23.585],[81.61,23.6],[81.62,23.65],[81.655,23.665],[81.655,23.685],[81.685,23.69],[81.695,23.72],[81.675,23.755],[81.645,23.775],[81.65,23.8],[81.635,23.835],[81.615,23.835],[81.605,23.855],[81.61,23.905],[81.66,23.92],[81.69,23.905],[81.69,23.885],[81.73,23.855],[81.725,23.845],[81.775,23.815],[81.825,23.81],[81.905,23.845],[81.92,23.87],[81.955,23.855],[82.01,23.86],[82.045,23.84],[82.04,23.825],[82.08,23.815],[82.12,23.825],[82.145,23.815],[82.205,23.825],[82.24,23.805],[82.26,23.82],[82.295,23.81],[82.335,23.805],[82.375,23.81],[82.395,23.8],[82.47,23.81],[82.495,23.785],[82.525,23.785],[82.555,23.825],[82.59,23.82],[82.63,23.84],[82.67,23.87],[82.65,23.885],[82.66,23.91],[82.7,23.925],[82.75,23.92],[82.81,23.965]],[[79.395,25.03],[79.375,25.045],[79.39,25.09],[79.425,25.045],[79.395,25.03]]]},"properties":{"ST_NM":"Madhya Pradesh"}},
{"type":"Feature","geometry":{"type":"MultiPolygon","coordinates":[[[[93.835,7.24],[93.81,7.235],[93.795,7.215],[93.74,7.21],[93.72,7.19],[93.68,7.195],[93.665,7.18],[93.665,7.115],[93.65,7.095],[93.66,7.08],[93.655,7.05],[93.67,7.02],[93.695,7.015],[93.735,6.965],[93.745,6.91],[93.77,6.89],[93.78,6.835],[93.795,6.81],[93.805,6.775],[93.83,6.755],[93.84,6.78],[93.845,6.815],[93.875,6.8],[93.89,6.805],[93.905,6.835],[93.89,6.845],[93.895,6.88],[93.89,6.9],[93.93,6.96],[93.91,7.005],[93.935,7.01],[93.91,7.045],[93.9,7.08],[93.88,7.09],[93.88,7.125],[93.87,7.185],[93.835,7.24]]],[[[93.7,7.445],[93.695,7.395],[93.65,7.385],[93.62,7.365],[93.625,7.325],[93.615,7.27],[93.635,7.245],[93.66,7.26],[93.665,7.285],[93.715,7.31],[93.745,7.375],[93.71,7.405],[93.7,7.445]]],[[[93.37,8.02],[93.345,8.01],[93.325,8.01],[93.3,7.96],[93.315,7.93],[93.34,7.96],[93.355,7.935],[93.335,7.92],[93.345,7.89],[93.37,7.885],[93.385,7.905],[93.415,7.91],[93.45,7.875],[93.465,7.895],[93.45,7.935],[93.395,7.975],[93.4,8.005],[93.37,8.02]]],[[[93.535,8.03],[93.51,7.995],[93.5,7.985],[93.56,7.935],[93.57,7.94],[93.57,8],[93.555,8.025],[93.535,8.03]]],[[[93.115,8.355],[93.085,8.34],[93.075,8.28],[93.11,8.225],[93.155,8.205],[93.19,8.195],[93.185,8.225],[93.145,8.24],[93.115,8.275],[93.13,8.35],[93.115,8.355]]],[[[92.79,9.24],[92.78,9.25],[92.765,9.215],[92.73,9.22],[92.715,9.21],[92.72,9.15],[92.73,9.125],[92.77,9.13],[92.8,9.125],[92.825,9.14],[92.83,9.17],[92.815,9.22],[92.79,9.24]]],[[[92.52,10.9],[92.49,10.89],[92.46,10.86],[92.425,10.8],[92.395,10.78],[92.38,10.785],[92.385,10.67],[92.41,10.645],[92.42,10.615],[92.41,10.58],[92.38,10.54],[92.41,10.535],[92.42,10.55],[92.45,10.545],[92.5,10.515],[92.53,10.52],[92.545,10.555],[92.57,10.58],[92.54,10.595],[92.54,10.615],[92.555,10.64],[92.595,10.68],[92.595,10.705],[92.585,10.74],[92.585,10.79],[92.56,10.81],[92.555,10.87],[92.52,10.9]]],[[[93.51,8.235],[93.485,8.225],[93.48,8.2],[93.45,8.18],[93.445,8.145],[93.475,8.085],[93.475,8.055],[93.5,8.08],[93.54,8.07],[93.5,8.14],[93.495,8.165],[93.535,8.2],[93.535,8.23],[93.51,8.235]]],[[[92.215,11.595],[92.205,11.55],[92.215,11.53],[92.245,11.525],[92.27,11.535],[92.27,11.585],[92.215,11.595]]],[[[93.015,11.845],[93.02,11.83],[93.055,11.815],[93.06,11.845],[93.03,11.835],[93.015,11.845]]],[[[92.54,11.605],[92.535,11.565],[92.56,11.57],[92.54,11.605]]],[[[92.965,12.04],[92.945,12.01],[92.94,11.985],[92.96,11.98],[92.975,11.95],[92.995,11.945],[93.035,11.88],[93.055,11.9],[93.035,11.95],[93.005,12],[92.995,12.04],[92.965,12.04]]],[[[93,12.105],[92.96,12.1],[92.955,12.07],[92.995,12.04],[93.005,12.05],[93,12.105]]],[[[93.025,12.145],[93,12.125],[93.005,12.08],[93.025,12.07],[93.035,12.095],[93.025,12.145]]],[[[92.985,12.16],[92.95,12.145],[92.96,12.115],[93.005,12.11],[92.995,12.16],[92.985,12.16]]],[[[93.07,12.21],[93.055,12.195],[93.035,12.13],[93.075,12.085],[93.085,12.09],[93.085,12.13],[93.095,12.145],[93.085,12.195],[93.07,12.21]]],[[[92.64,11.51],[92.615,11.49],[92.61,11.46],[92.625,11.42],[92.615,11.4],[92.585,11.4],[92.58,11.37],[92.6,11.345],[92.635,11.345],[92.69,11.37],[92.69,11.385],[92.655,11.41],[92.685,11.435],[92.67,11.49],[92.64,11.51]]],[[[92.885,12.41],[92.855,12.41],[92.86,12.38],[92.89,12.395],[92.885,12.41]]],[[[93.02,13.67],[92.985,13.665],[93.03,13.635],[93.02,13.67]]],[[[93.055,13.38],[93.04,13.37],[93.055,13.33],[93.07,13.345],[93.055,13.38]]],[[[92.695,12.99],[92.67,12.955],[92.67,12.93],[92.665,12.88],[92.65,12.86],[92.665,12.81],[92.705,12.845],[92.72,12.875],[92.72,12.9],[92.72,12.98],[92.695,12.99]]],[[[93.03,13.57],[93.005,13.555],[92.99,13.565],[92.95,13.53],[92.915,13.525],[92.935,13.5],[92.905,13.495],[92.895,13.475],[92.87,13.47],[92.885,13.43],[92.87,13.405],[92.85,13.41],[92.825,13.33],[92.825,13.27],[92.855,13.255],[92.825,13.235],[92.81,13.155],[92.845,13.145],[92.845,13.13],[92.81,13.125],[92.82,13.105],[92.795,13.08],[92.79,13.015],[92.79,12.93],[92.8,12.9],[92.81,12.9],[92.845,12.89],[92.84,12.875],[92.87,12.885],[92.86,12.9],[92.855,12.925],[92.875,12.945],[92.88,12.98],[92.905,12.98],[92.91,12.95],[92.935,12.975],[92.91,12.99],[92.9,13.025],[92.915,13.05],[92.935,13.05],[92.965,13.02],[93.005,13.03],[93.035,13.08],[93.03,13.18],[93.055,13.235],[93.045,13.26],[92.98,13.33],[93.005,13.355],[93.04,13.35],[93.04,13.375],[93.055,13.4],[93.03,13.43],[93.035,13.485],[93.045,13.525],[93.03,13.57]]],[[[92.735,12.24],[92.72,12.235],[92.72,12.2],[92.73,12.185],[92.765,12.185],[92.76,12.23],[92.735,12.24]]],[[[92.81,12.315],[92.785,12.31],[92.78,12.285],[92.74,12.245],[92.77,12.24],[92.77,12.185],[92.76,12.145],[92.74,12.1],[92.74,12.08],[92.765,12.065],[92.78,12.07],[92.82,12.115],[92.815,12.14],[92.83,12.16],[92.85,12.15],[92.855,12.185],[92.875,12.205],[92.86,12.245],[92.875,12.25],[92.87,12.3],[92.835,12.3],[92.81,12.315]]],[[[92.695,12.24],[92.67,12.215],[92.655,12.18],[92.645,12.18],[92.625,12.11],[92.62,12.065],[92.625,12.03],[92.61,12],[92.61,11.895],[92.615,11.855],[92.585,11.865],[92.58,11.915],[92.565,11.945],[92.53,11.895],[92.53,11.87],[92.515,11.85],[92.55,11.825],[92.555,11.775],[92.555,11.72],[92.59,11.73],[92.6,11.69],[92.59,11.67],[92.605,11.64],[92.645,11.625],[92.64,11.61],[92.61,11.62],[92.62,11.59],[92.65,11.57],[92.645,11.525],[92.665,11.505],[92.7,11.505],[92.71,11.49],[92.75,11.61],[92.755,11.665],[92.72,11.68],[92.71,11.65],[92.68,11.615],[92.66,11.655],[92.695,11.665],[92.7,11.695],[92.755,11.72],[92.79,11.885],[92.78,11.895],[92.785,11.925],[92.765,11.94],[92.745,11.93],[92.715,11.885],[92.705,11.93],[92.715,11.995],[92.73,12.005],[92.745,11.98],[92.78,12.025],[92.78,12.045],[92.74,12.075],[92.735,12.105],[92.755,12.165],[92.73,12.18],[92.715,12.175],[92.705,12.23],[92.695,12.24]]],[[[92.9,12.91],[92.895,12.9],[92.87,12.89],[92.875,12.88],[92.845,12.875],[92.83,12.885],[92.82,12.895],[92.8,12.895],[92.79,12.89],[92.78,12.825],[92.755,12.85],[92.72,12.825],[92.72,12.79],[92.74,12.725],[92.73,12.7],[92.74,12.67],[92.77,12.675],[92.785,12.695],[92.8,12.66],[92.75,12.67],[92.73,12.655],[92.7,12.6],[92.71,12.55],[92.7,12.515],[92.71,12.495],[92.7,12.425],[92.705,12.37],[92.7,12.33],[92.72,12.3],[92.75,12.3],[92.77,12.315],[92.81,12.315],[92.83,12.305],[92.88,12.335],[92.83,12.425],[92.865,12.425],[92.875,12.42],[92.92,12.425],[92.92,12.445],[92.94,12.45],[92.94,12.48],[92.97,12.53],[92.96,12.575],[92.955,12.64],[92.965,12.675],[92.965,12.74],[92.93,12.775],[92.95,12.805],[92.93,12.835],[92.94,12.85],[92.925,12.885],[92.9,12.91]]]]},"properties":{"ST_NM":"Andaman & Nicobar"}},
{"type":"Feature","geometry":{"type":"MultiPolygon","coordinates":[[[[72.36,22.03],[72.32,22.005],[72.295,21.97],[72.3,21.885],[72.32,21.82],[72.35,21.795],[72.39,21.815],[72.39,21.855],[72.41,21.9],[72.44,21.93],[72.445,21.975],[72.43,22],[72.39,22.025],[72.36,22.03]]],[[[69.63,22.46],[69.605,22.45],[69.59,22.43],[69.635,22.405],[69.655,22.425],[69.63,22.46]]],[[[73.165,24.095],[73.13,24.125],[73.065,24.195],[73.095,24.245],[73.125,24.275],[73.135,24.31],[73.165,24.3],[73.18,24.345],[73.2,24.33],[73.22,24.365],[73.195,24.375],[73.17,24.355],[73.15,24.355],[73.075,24.395],[73.1,24.425],[73.1,24.47],[73.085,24.5],[73.045,24.47],[73,24.47],[72.97,24.455],[72.98,24.435],[72.95,24.4],[72.98,24.375],[72.91,24.335],[72.89,24.355],[72.85,24.37],[72.805,24.365],[72.77,24.37],[72.735,24.365],[72.69,24.41],[72.68,24.465],[72.655,24.46],[72.575,24.48],[72.535,24.505],[72.495,24.46],[72.5,24.415],[72.455,24.415],[72.45,24.44],[72.43,24.48],[72.445,24.51],[72.415,24.515],[72.38,24.515],[72.355,24.565],[72.325,24.55],[72.29,24.55],[72.245,24.585],[72.265,24.605],[72.305,24.605],[72.32,24.62],[72.235,24.64],[72.215,24.625],[72.165,24.62],[72.15,24.645],[72.125,24.64],[72.09,24.66],[72.085,24.705],[72.06,24.71],[72.01,24.69],[71.985,24.685],[71.98,24.655],[71.94,24.635],[71.925,24.635],[71.91,24.675],[71.87,24.68],[71.86,24.665],[71.865,24.63],[71.85,24.61],[71.805,24.63],[71.8,24.67],[71.77,24.675],[71.735,24.66],[71.73,24.66],[71.71,24.66],[71.655,24.64],[71.64,24.66],[71.61,24.675],[71.58,24.68],[71.54,24.675],[71.48,24.68],[71.38,24.625],[71.36,24.63],[71.35,24.66],[71.315,24.65],[71.3,24.625],[71.29,24.615],[71.11,24.675],[71.095,24.69],[71.075,24.66],[71.01,24.635],[70.985,24.595],[70.985,24.545],[71.005,24.525],[70.995,24.465],[71,24.445],[71.035,24.43],[71.105,24.435],[71.125,24.42],[71.12,24.405],[71.085,24.395],[71.05,24.355],[71.02,24.35],[70.985,24.365],[70.945,24.35],[70.915,24.32],[70.88,24.3],[70.875,24.28],[70.905,24.26],[70.875,24.245],[70.85,24.245],[70.805,24.22],[70.715,24.215],[70.645,24.225],[70.57,24.25],[70.585,24.28],[70.58,24.305],[70.56,24.35],[70.58,24.365],[70.6,24.405],[70.575,24.42],[70.47,24.39],[70.41,24.375],[70.37,24.35],[70.325,24.35],[70.255,24.325],[70.22,24.32],[70.165,24.305],[70.11,24.295],[70.065,24.2],[70.025,24.17],[69.73,24.17],[69.595,24.295],[69.505,24.27],[69.445,24.28],[69.405,24.27],[69.365,24.27],[69.315,24.28],[69.195,24.235],[69.095,24.275],[69.005,24.225],[68.985,24.23],[68.965,24.275],[68.945,24.305],[68.905,24.28],[68.875,24.21],[68.855,24.215],[68.845,24.28],[68.83,24.31],[68.81,24.315],[68.765,24.295],[68.77,24.265],[68.765,24.14],[68.755,23.98],[68.75,23.97],[68.395,23.97],[68.38,23.985],[68.345,23.97],[68.335,23.925],[68.29,23.93],[68.27,23.925],[68.25,23.895],[68.21,23.875],[68.2,23.845],[68.2,23.765],[68.16,23.685],[68.105,23.68],[68.095,23.665],[68.12,23.615],[68.14,23.6],[68.18,23.595],[68.23,23.595],[68.265,23.585],[68.275,23.595],[68.31,23.58],[68.325,23.495],[68.415,23.485],[68.42,23.475],[68.4,23.42],[68.435,23.415],[68.46,23.39],[68.46,23.365],[68.485,23.36],[68.5,23.37],[68.555,23.355],[68.56,23.315],[68.53,23.28],[68.55,23.25],[68.57,23.265],[68.595,23.255],[68.585,23.225],[68.655,23.15],[68.73,23.105],[68.76,23.08],[68.8,23.065],[68.985,22.955],[69.075,22.91],[69.135,22.87],[69.195,22.84],[69.27,22.825],[69.3,22.835],[69.39,22.815],[69.43,22.81],[69.455,22.815],[69.47,22.8],[69.53,22.8],[69.57,22.815],[69.6,22.805],[69.635,22.81],[69.645,22.795],[69.715,22.805],[69.855,22.87],[69.9,22.87],[69.94,22.9],[69.97,22.9],[70.05,22.92],[70.065,22.955],[70.11,22.98],[70.185,23.08],[70.215,23.13],[70.24,23.14],[70.245,23.165],[70.265,23.16],[70.31,23.18],[70.3,23.21],[70.36,23.215],[70.41,23.22],[70.425,23.205],[70.485,23.19],[70.505,23.175],[70.58,23.18],[70.635,23.185],[70.645,23.215],[70.665,23.23],[70.695,23.21],[70.72,23.19],[70.705,23.175],[70.715,23.155],[70.685,23.145],[70.69,23.115],[70.64,23.08],[70.63,23.065],[70.595,23.055],[70.57,23.04],[70.55,23],[70.54,22.965],[70.51,22.96],[70.48,22.975],[70.455,22.95],[70.48,22.935],[70.485,22.915],[70.46,22.855],[70.43,22.83],[70.41,22.865],[70.425,22.905],[70.415,22.925],[70.375,22.91],[70.33,22.845],[70.295,22.79],[70.29,22.765],[70.25,22.745],[70.22,22.71],[70.225,22.675],[70.195,22.64],[70.175,22.605],[70.155,22.595],[70.12,22.555],[70.085,22.555],[70.04,22.56],[70.01,22.55],[69.975,22.54],[69.91,22.505],[69.895,22.485],[69.86,22.46],[69.845,22.47],[69.805,22.465],[69.815,22.435],[69.785,22.435],[69.78,22.465],[69.765,22.475],[69.745,22.46],[69.73,22.485],[69.7,22.46],[69.705,22.435],[69.7,22.395],[69.665,22.395],[69.655,22.36],[69.59,22.36],[69.545,22.375],[69.5,22.365],[69.49,22.34],[69.445,22.33],[69.425,22.315],[69.36,22.32],[69.29,22.275],[69.255,22.265],[69.235,22.25],[69.24,22.225],[69.18,22.215],[69.155,22.195],[69.135,22.195],[69.135,22.225],[69.15,22.24],[69.16,22.275],[69.155,22.315],[69.17,22.335],[69.17,22.375],[69.2,22.4],[69.19,22.415],[69.13,22.395],[69.105,22.4],[69.07,22.385],[69.04,22.405],[69.055,22.465],[69.005,22.44],[68.97,22.39],[68.955,22.365],[68.955,22.335],[68.935,22.31],[68.96,22.255],[68.955,22.24],[69.05,22.135],[69.095,22.09],[69.125,22.055],[69.215,21.96],[69.28,21.895],[69.355,21.84],[69.365,21.835],[69.435,21.765],[69.475,21.735],[69.54,21.675],[69.585,21.64],[69.605,21.635],[69.67,21.57],[69.7,21.545],[69.815,21.415],[69.885,21.335],[69.96,21.25],[70.05,21.155],[70.1,21.11],[70.255,20.975],[70.32,20.93],[70.405,20.885],[70.425,20.865],[70.54,20.805],[70.625,20.77],[70.675,20.755],[70.745,20.72],[70.765,20.72],[70.805,20.7],[70.815,20.715],[70.875,20.705],[70.88,20.73],[70.92,20.745],[70.975,20.725],[71.005,20.735],[71.08,20.74],[71.095,20.755],[71.15,20.76],[71.155,20.78],[71.2,20.79],[71.32,20.845],[71.375,20.855],[71.405,20.87],[71.44,20.87],[71.475,20.895],[71.51,20.945],[71.53,20.955],[71.565,20.95],[71.615,20.97],[71.65,20.995],[71.68,21],[71.71,21.02],[71.74,21.02],[71.805,21.04],[71.83,21.1],[71.85,21.08],[71.88,21.09],[71.895,21.11],[71.935,21.115],[71.99,21.145],[72,21.175],[72.045,21.165],[72.085,21.19],[72.11,21.2],[72.085,21.245],[72.135,21.34],[72.155,21.36],[72.175,21.39],[72.21,21.42],[72.235,21.455],[72.27,21.52],[72.275,21.565],[72.305,21.61],[72.31,21.64],[72.28,21.695],[72.235,21.695],[72.22,21.735],[72.195,21.75],[72.175,21.805],[72.19,21.825],[72.235,21.81],[72.245,21.83],[72.215,21.865],[72.205,21.915],[72.21,21.96],[72.24,21.975],[72.245,22.015],[72.225,22.055],[72.265,22.065],[72.28,22.08],[72.31,22.145],[72.325,22.145],[72.34,22.175],[72.34,22.215],[72.36,22.25],[72.36,22.295],[72.375,22.315],[72.42,22.3],[72.42,22.28],[72.405,22.265],[72.41,22.23],[72.425,22.21],[72.465,22.26],[72.5,22.28],[72.515,22.305],[72.555,22.295],[72.58,22.3],[72.68,22.275],[72.735,22.275],[72.765,22.235],[72.84,22.28],[72.87,22.285],[72.91,22.265],[72.915,22.3],[72.94,22.31],[72.915,22.24],[72.875,22.22],[72.845,22.235],[72.81,22.225],[72.76,22.175],[72.695,22.185],[72.65,22.215],[72.605,22.215],[72.565,22.18],[72.545,22.13],[72.525,22.04],[72.52,21.99],[72.51,21.945],[72.51,21.915],[72.52,21.88],[72.56,21.88],[72.585,21.89],[72.58,21.92],[72.64,21.96],[72.645,21.94],[72.625,21.88],[72.62,21.81],[72.595,21.805],[72.6,21.78],[72.585,21.775],[72.58,21.74],[72.54,21.73],[72.53,21.68],[72.555,21.66],[72.625,21.68],[72.695,21.68],[72.73,21.685],[72.79,21.665],[72.78,21.64],[72.755,21.645],[72.73,21.635],[72.7,21.645],[72.675,21.625],[72.635,21.62],[72.61,21.585],[72.62,21.55],[72.635,21.535],[72.685,21.545],[72.705,21.525],[72.655,21.46],[72.675,21.425],[72.65,21.375],[72.655,21.345],[72.63,21.345],[72.62,21.325],[72.6,21.325],[72.6,21.29],[72.64,21.21],[72.63,21.145],[72.62,21.115],[72.63,21.08],[72.655,21.075],[72.665,21.1],[72.7,21.095],[72.7,21.06],[72.73,21.065],[72.72,21.035],[72.745,20.955],[72.765,20.92],[72.785,20.915],[72.845,20.775],[72.855,20.715],[72.89,20.615],[72.9,20.585],[72.885,20.53],[72.885,20.5],[72.855,20.465],[72.89,20.46],[72.87,20.44],[72.87,20.415],[72.89,20.375],[72.845,20.375],[72.82,20.37],[72.78,20.335],[72.775,20.305],[72.755,20.29],[72.755,20.26],[72.74,20.245],[72.745,20.2],[72.735,20.135],[72.775,20.13],[72.79,20.15],[72.815,20.155],[72.82,20.19],[72.84,20.21],[72.86,20.205],[72.87,20.23],[72.9,20.23],[72.935,20.215],[72.95,20.215],[72.96,20.21],[72.965,20.21],[72.965,20.22],[72.93,20.245],[72.91,20.27],[72.94,20.295],[72.965,20.27],[72.995,20.29],[73.035,20.29],[73.04,20.315],[73.105,20.35],[73.11,20.325],[73.15,20.315],[73.165,20.285],[73.115,20.255],[73.1,20.23],[73.07,20.23],[73.055,20.205],[73.065,20.17],[73.08,20.175],[73.105,20.16],[73.14,20.175],[73.135,20.205],[73.2,20.195],[73.215,20.17],[73.185,20.155],[73.19,20.13],[73.21,20.12],[73.255,20.125],[73.28,20.15],[73.28,20.19],[73.3,20.21],[73.345,20.2],[73.36,20.215],[73.385,20.195],[73.415,20.2],[73.41,20.24],[73.425,20.28],[73.415,20.32],[73.415,20.35],[73.4,20.385],[73.38,20.395],[73.425,20.42],[73.445,20.475],[73.47,20.495],[73.475,20.545],[73.475,20.585],[73.43,20.595],[73.42,20.625],[73.395,20.64],[73.45,20.69],[73.445,20.71],[73.465,20.72],[73.49,20.685],[73.49,20.655],[73.53,20.675],[73.55,20.65],[73.57,20.65],[73.6,20.635],[73.62,20.615],[73.625,20.585],[73.67,20.565],[73.715,20.575],[73.745,20.57],[73.775,20.6],[73.8,20.6],[73.84,20.62],[73.83,20.675],[73.81,20.69],[73.865,20.705],[73.875,20.73],[73.905,20.725],[73.94,20.74],[73.93,20.81],[73.94,20.84],[73.925,20.85],[73.925,20.89],[73.915,20.91],[73.89,20.935],[73.9,20.98],[73.87,20.985],[73.815,21.025],[73.78,21.065],[73.73,21.08],[73.735,21.1],[73.705,21.12],[73.69,21.1],[73.62,21.12],[73.61,21.14],[73.615,21.145],[73.575,21.155],[73.585,21.16],[73.575,21.17],[73.605,21.18],[73.605,21.17],[73.605,21.165],[73.605,21.16],[73.63,21.155],[73.63,21.15],[73.625,21.145],[73.665,21.145],[73.665,21.15],[73.675,21.155],[73.7,21.155],[73.73,21.165],[73.77,21.165],[73.785,21.185],[73.815,21.175],[73.825,21.2],[73.81,21.23],[73.83,21.24],[73.825,21.265],[73.85,21.275],[73.88,21.265],[73.945,21.3],[73.95,21.395],[74.01,21.425],[74.045,21.42],[74.045,21.45],[74.135,21.465],[74.18,21.47],[74.21,21.46],[74.215,21.48],[74.255,21.475],[74.305,21.49],[74.32,21.5],[74.32,21.53],[74.305,21.55],[74.275,21.56],[74.265,21.54],[74.22,21.545],[74.2,21.53],[74.16,21.57],[74.14,21.55],[74.11,21.555],[74.08,21.55],[74.055,21.56],[74.055,21.55],[74.055,21.545],[74.05,21.55],[74.05,21.545],[74.045,21.545],[74.05,21.545],[74.045,21.545],[74.035,21.545],[74.04,21.545],[74.04,21.55],[74.035,21.55],[74.035,21.545],[74.01,21.55],[74,21.545],[74,21.54],[73.995,21.54],[73.975,21.545],[73.975,21.54],[73.975,21.535],[73.98,21.52],[73.955,21.54],[73.955,21.535],[73.955,21.525],[73.955,21.52],[73.95,21.52],[73.95,21.515],[73.95,21.51],[73.94,21.515],[73.93,21.51],[73.93,21.515],[73.93,21.52],[73.93,21.525],[73.92,21.525],[73.92,21.52],[73.905,21.525],[73.905,21.52],[73.905,21.515],[73.875,21.51],[73.87,21.51],[73.87,21.515],[73.865,21.51],[73.875,21.505],[73.865,21.5],[73.85,21.505],[73.845,21.51],[73.835,21.52],[73.81,21.605],[73.78,21.62],[73.79,21.635],[73.83,21.645],[73.84,21.635],[73.885,21.655],[73.895,21.67],[73.88,21.715],[73.835,21.745],[73.825,21.81],[73.795,21.825],[73.825,21.845],[73.87,21.84],[73.89,21.855],[73.93,21.865],[74.03,21.91],[74.055,21.925],[74.145,21.955],[74.15,21.985],[74.12,22],[74.11,22.02],[74.135,22.055],[74.16,22.06],[74.17,22.09],[74.155,22.105],[74.125,22.1],[74.13,22.145],[74.115,22.215],[74.07,22.22],[74.075,22.265],[74.05,22.295],[74.065,22.305],[74.07,22.36],[74.11,22.365],[74.13,22.335],[74.19,22.32],[74.205,22.35],[74.225,22.355],[74.27,22.415],[74.245,22.435],[74.205,22.445],[74.16,22.43],[74.135,22.445],[74.12,22.42],[74.1,22.435],[74.105,22.465],[74.085,22.47],[74.085,22.505],[74.03,22.51],[74.04,22.535],[74.075,22.55],[74.11,22.54],[74.135,22.52],[74.17,22.545],[74.21,22.565],[74.23,22.61],[74.275,22.645],[74.315,22.635],[74.36,22.635],[74.385,22.645],[74.4,22.73],[74.435,22.78],[74.435,22.81],[74.465,22.815],[74.475,22.855],[74.46,22.91],[74.445,22.92],[74.42,22.915],[74.405,22.9],[74.38,22.905],[74.34,22.955],[74.365,22.98],[74.345,23.025],[74.32,23.04],[74.325,23.06],[74.285,23.095],[74.295,23.12],[74.275,23.16],[74.255,23.17],[74.205,23.19],[74.185,23.155],[74.155,23.155],[74.13,23.175],[74.125,23.205],[74.14,23.225],[74.14,23.265],[74.115,23.275],[74.105,23.295],[74.04,23.295],[74.03,23.33],[73.98,23.34],[73.985,23.355],[73.96,23.38],[73.94,23.37],[73.94,23.345],[73.89,23.335],[73.86,23.395],[73.83,23.425],[73.8,23.435],[73.78,23.43],[73.765,23.455],[73.715,23.415],[73.705,23.45],[73.69,23.46],[73.655,23.44],[73.635,23.47],[73.655,23.505],[73.635,23.53],[73.635,23.555],[73.65,23.575],[73.64,23.625],[73.615,23.65],[73.57,23.655],[73.525,23.605],[73.505,23.64],[73.505,23.705],[73.475,23.705],[73.41,23.78],[73.37,23.77],[73.355,23.785],[73.37,23.84],[73.355,23.85],[73.385,23.915],[73.42,23.925],[73.415,23.945],[73.415,23.985],[73.405,24.04],[73.36,24.08],[73.35,24.105],[73.28,24.02],[73.24,24.005],[73.23,24.02],[73.195,24.04],[73.215,24.08],[73.165,24.095]]],[[[68.54,23.345],[68.525,23.35],[68.5,23.335],[68.525,23.31],[68.55,23.325],[68.54,23.345]]],[[[70.015,22.6],[69.985,22.59],[70,22.555],[70.035,22.575],[70.015,22.6]]]]},"properties":{"ST_NM":"Gujarat"}},
{"type":"Feature","geometry":{"type":"Polygon","coordinates":[[[73.055,8.275],[73.04,8.27],[73.045,8.265],[73.055,8.275]]]},"properties":{"ST_NM":"Lakshadweep"}},
{"type":"Feature","geometry":{"type":"Polygon","coordinates":[[[84.765,19.075],[84.81,19.155],[84.85,19.2],[84.93,19.275],[84.98,19.315],[85.08,19.375],[85.105,19.415],[85.145,19.445],[85.305,19.56],[85.41,19.62],[85.5,19.655],[85.68,19.745],[85.805,19.79],[85.965,19.835],[86.06,19.85],[86.135,19.87],[86.23,19.9],[86.275,19.925],[86.325,19.945],[86.355,19.95],[86.38,19.965],[86.41,19.995],[86.435,20.055],[86.475,20.095],[86.52,20.17],[86.595,20.225],[86.665,20.255],[86.72,20.29],[86.77,20.325],[86.775,20.345],[86.81,20.375],[86.81,20.395],[86.79,20.405],[86.76,20.39],[86.735,20.395],[86.73,20.44],[86.775,20.52],[86.89,20.605],[86.98,20.66],[87.055,20.715],[87.02,20.77],[86.895,20.765],[86.91,20.795],[86.955,20.79],[86.97,20.795],[86.975,20.86],[86.875,21.045],[86.85,21.095],[86.84,21.16],[86.865,21.225],[86.89,21.255],[86.945,21.355],[86.985,21.39],[87.04,21.42],[87.11,21.485],[87.15,21.51],[87.2,21.53],[87.235,21.54],[87.395,21.545],[87.425,21.575],[87.485,21.61],[87.47,21.665],[87.47,21.705],[87.445,21.77],[87.375,21.77],[87.345,21.79],[87.31,21.795],[87.275,21.805],[87.265,21.84],[87.245,21.86],[87.24,21.9],[87.255,21.925],[87.235,21.955],[87.195,21.96],[87.165,21.97],[87.165,21.94],[87.135,21.925],[87.095,21.915],[87.1,21.865],[87.04,21.865],[87,21.915],[87.01,21.95],[87.03,21.985],[87.03,22.04],[86.995,22.055],[86.96,22.09],[86.905,22.09],[86.85,22.105],[86.81,22.12],[86.805,22.15],[86.72,22.145],[86.72,22.18],[86.725,22.215],[86.68,22.225],[86.655,22.235],[86.65,22.265],[86.585,22.3],[86.555,22.3],[86.5,22.345],[86.445,22.325],[86.445,22.31],[86.41,22.32],[86.37,22.345],[86.325,22.385],[86.285,22.45],[86.27,22.44],[86.225,22.455],[86.21,22.47],[86.125,22.49],[86.105,22.5],[86.07,22.555],[86.045,22.57],[86.035,22.535],[85.975,22.505],[85.96,22.46],[85.985,22.435],[86.02,22.425],[86.03,22.385],[86.025,22.365],[86,22.345],[86.03,22.305],[85.975,22.245],[86.005,22.215],[86.03,22.195],[85.995,22.13],[86.01,22.12],[85.945,22.02],[85.93,22.025],[85.915,21.98],[85.85,21.985],[85.825,21.975],[85.805,21.99],[85.765,21.995],[85.765,22.02],[85.785,22.03],[85.775,22.055],[85.795,22.08],[85.825,22.075],[85.835,22.09],[85.805,22.115],[85.755,22.08],[85.73,22.065],[85.69,22.06],[85.645,22.095],[85.625,22.08],[85.6,22.08],[85.565,22.095],[85.545,22.09],[85.525,22.11],[85.495,22.12],[85.465,22.14],[85.41,22.16],[85.37,22.16],[85.355,22.13],[85.325,22.125],[85.28,22.09],[85.24,22.01],[85.22,22.02],[85.215,22.05],[85.155,22.08],[85.125,22.075],[85.1,22.105],[85.055,22.115],[85.025,22.11],[85.01,22.09],[84.985,22.095],[85.025,22.12],[85.035,22.14],[85.03,22.16],[85.05,22.195],[85.08,22.26],[85.07,22.275],[85.105,22.295],[85.09,22.32],[85.095,22.345],[85.075,22.355],[85.09,22.39],[85.06,22.45],[85.08,22.475],[85.055,22.485],[84.97,22.45],[84.955,22.46],[84.91,22.425],[84.89,22.43],[84.88,22.45],[84.835,22.43],[84.805,22.45],[84.76,22.445],[84.75,22.42],[84.665,22.42],[84.63,22.435],[84.505,22.42],[84.475,22.41],[84.475,22.385],[84.43,22.37],[84.4,22.345],[84.365,22.355],[84.315,22.34],[84.27,22.355],[84.25,22.38],[84.195,22.38],[84.155,22.41],[84.15,22.415],[84.14,22.425],[84.14,22.47],[84.115,22.475],[84.06,22.515],[84.01,22.525],[83.98,22.525],[83.985,22.5],[84.02,22.49],[84.045,22.465],[84.045,22.435],[84.03,22.425],[84.005,22.375],[83.97,22.36],[83.925,22.36],[83.895,22.34],[83.865,22.345],[83.83,22.325],[83.825,22.29],[83.805,22.29],[83.78,22.275],[83.76,22.24],[83.705,22.245],[83.665,22.235],[83.63,22.205],[83.61,22.155],[83.565,22.105],[83.595,22.075],[83.59,22.055],[83.55,22.055],[83.54,22.02],[83.555,22.005],[83.535,21.98],[83.56,21.95],[83.605,21.915],[83.585,21.905],[83.575,21.875],[83.59,21.85],[83.575,21.83],[83.555,21.84],[83.525,21.8],[83.495,21.82],[83.47,21.785],[83.49,21.75],[83.455,21.695],[83.435,21.7],[83.42,21.68],[83.445,21.66],[83.485,21.645],[83.465,21.61],[83.445,21.625],[83.445,21.655],[83.395,21.625],[83.37,21.6],[83.37,21.565],[83.35,21.51],[83.34,21.5],[83.355,21.45],[83.4,21.405],[83.39,21.345],[83.275,21.375],[83.26,21.34],[83.27,21.275],[83.245,21.28],[83.22,21.255],[83.22,21.23],[83.2,21.165],[83.2,21.145],[83.17,21.14],[83.14,21.11],[83.08,21.11],[83.01,21.145],[82.99,21.14],[82.985,21.17],[82.965,21.195],[82.945,21.18],[82.94,21.16],[82.9,21.165],[82.88,21.15],[82.84,21.165],[82.785,21.145],[82.755,21.165],[82.695,21.165],[82.635,21.15],[82.65,21.125],[82.65,21.105],[82.63,21.075],[82.61,21.07],[82.63,21.04],[82.61,21.01],[82.575,20.975],[82.56,20.945],[82.49,20.91],[82.49,20.88],[82.48,20.85],[82.455,20.825],[82.43,20.83],[82.41,20.845],[82.405,20.87],[82.36,20.875],[82.34,20.845],[82.345,20.765],[82.355,20.735],[82.35,20.705],[82.375,20.665],[82.375,20.63],[82.345,20.595],[82.335,20.555],[82.36,20.53],[82.39,20.515],[82.4,20.475],[82.44,20.435],[82.4,20.34],[82.43,20.315],[82.435,20.285],[82.41,20.26],[82.425,20.22],[82.41,20.18],[82.39,20.16],[82.4,20.12],[82.4,20.055],[82.45,20.04],[82.48,20.035],[82.495,20.025],[82.55,20.015],[82.59,19.99],[82.625,19.99],[82.635,20.005],[82.71,19.995],[82.72,19.99],[82.705,19.9],[82.72,19.865],[82.705,19.83],[82.65,19.83],[82.625,19.795],[82.585,19.78],[82.575,19.835],[82.605,19.865],[82.535,19.885],[82.505,19.89],[82.485,19.91],[82.42,19.905],[82.345,19.835],[82.305,19.89],[82.275,19.95],[82.27,19.975],[82.235,20.005],[82.21,19.985],[82.19,19.985],[82.17,20.005],[82.13,20.015],[82.07,20.055],[82.02,20.025],[82.02,20.05],[81.995,20.055],[81.985,20.075],[81.945,20.105],[81.925,20.09],[81.895,20.05],[81.865,20.025],[81.85,19.925],[81.87,19.905],[81.97,19.86],[81.965,19.835],[81.985,19.8],[82.01,19.805],[82.06,19.795],[82.065,19.76],[82.05,19.74],[82.045,19.7],[82.06,19.63],[82.04,19.595],[82.05,19.57],[82.05,19.535],[82.03,19.51],[82.1,19.515],[82.11,19.495],[82.105,19.465],[82.125,19.43],[82.18,19.435],[82.19,19.415],[82.18,19.38],[82.155,19.375],[82.155,19.35],[82.19,19.335],[82.16,19.265],[82.16,19.2],[82.175,19.165],[82.17,19.135],[82.2,19.12],[82.22,19.095],[82.2,19.065],[82.23,19.025],[82.245,18.92],[82.215,18.92],[82.175,18.9],[82.165,18.865],[82.17,18.835],[82.155,18.785],[82.09,18.76],[82.085,18.72],[82.04,18.725],[82.015,18.72],[81.965,18.695],[81.95,18.645],[81.895,18.645],[81.965,18.595],[81.95,18.57],[81.905,18.56],[81.87,18.525],[81.855,18.495],[81.77,18.42],[81.75,18.355],[81.66,18.345],[81.66,18.325],[81.615,18.305],[81.6,18.31],[81.565,18.275],[81.53,18.265],[81.53,18.24],[81.505,18.185],[81.525,18.16],[81.515,18.135],[81.515,18.1],[81.48,18.055],[81.48,18.05],[81.48,17.99],[81.48,17.975],[81.45,17.93],[81.45,17.89],[81.435,17.88],[81.4,17.895],[81.395,17.87],[81.405,17.85],[81.395,17.82],[81.42,17.815],[81.48,17.84],[81.49,17.815],[81.565,17.825],[81.575,17.84],[81.62,17.825],[81.64,17.84],[81.66,17.88],[81.685,17.885],[81.71,17.875],[81.79,17.925],[81.81,17.955],[81.84,17.96],[81.905,17.98],[81.915,17.995],[81.965,18],[81.995,18.03],[82.005,18.06],[82.035,18.07],[82.065,18.055],[82.075,18.075],[82.1,18.06],[82.145,18.055],[82.145,18.05],[82.165,18.055],[82.185,18.015],[82.205,18.015],[82.245,17.995],[82.265,17.995],[82.27,18.02],[82.27,18.06],[82.29,18.07],[82.34,18.06],[82.35,18.09],[82.335,18.13],[82.35,18.17],[82.315,18.185],[82.335,18.24],[82.345,18.28],[82.375,18.28],[82.39,18.3],[82.39,18.325],[82.36,18.32],[82.34,18.325],[82.385,18.365],[82.38,18.435],[82.4,18.465],[82.425,18.485],[82.44,18.51],[82.47,18.545],[82.505,18.515],[82.53,18.51],[82.53,18.475],[82.54,18.42],[82.56,18.4],[82.605,18.38],[82.59,18.33],[82.59,18.28],[82.595,18.265],[82.635,18.24],[82.655,18.295],[82.7,18.31],[82.715,18.325],[82.77,18.34],[82.79,18.365],[82.78,18.43],[82.815,18.45],[82.87,18.42],[82.895,18.425],[82.89,18.39],[82.94,18.36],[82.975,18.365],[82.995,18.385],[83.02,18.39],[83.055,18.38],[83.06,18.41],[83.06,18.435],[83.02,18.455],[83.055,18.485],[83.075,18.53],[83.045,18.545],[83,18.62],[83.025,18.655],[83.055,18.665],[83.07,18.705],[83.1,18.735],[83.135,18.785],[83.16,18.77],[83.175,18.77],[83.21,18.74],[83.24,18.77],[83.28,18.775],[83.28,18.795],[83.345,18.83],[83.375,18.83],[83.405,18.845],[83.415,18.875],[83.39,18.885],[83.35,18.925],[83.32,18.97],[83.31,19],[83.365,19.02],[83.38,19],[83.4,19.01],[83.44,18.975],[83.47,18.97],[83.45,19.015],[83.475,19.01],[83.465,19.09],[83.515,19.055],[83.52,19.015],[83.56,19.085],[83.585,19.085],[83.61,19.095],[83.6,19.135],[83.63,19.14],[83.65,19.125],[83.665,19.075],[83.685,19.06],[83.715,18.995],[83.745,18.995],[83.795,19.02],[83.82,18.96],[83.82,18.94],[83.845,18.915],[83.845,18.875],[83.895,18.815],[84,18.81],[84.035,18.815],[84.055,18.79],[84.09,18.76],[84.165,18.79],[84.19,18.785],[84.225,18.8],[84.265,18.785],[84.285,18.805],[84.32,18.79],[84.35,18.835],[84.325,18.875],[84.335,18.89],[84.36,18.86],[84.415,18.9],[84.435,18.935],[84.42,18.95],[84.43,18.97],[84.475,18.99],[84.495,19.03],[84.565,19.07],[84.59,19.025],[84.625,19.065],[84.65,19.07],[84.66,19.09],[84.605,19.1],[84.6,19.13],[84.655,19.13],[84.67,19.14],[84.67,19.165],[84.71,19.16],[84.695,19.125],[84.765,19.075]]]},"properties":{"ST_NM":"Odisha"}},
{"type":"Feature","geometry":{"type":"MultiPolygon","coordinates":[[[[73.21,20.12],[73.19,20.13],[73.185,20.155],[73.215,20.17],[73.2,20.195],[73.135,20.205],[73.14,20.175],[73.105,20.16],[73.08,20.175],[73.065,20.17],[73.055,20.205],[73.07,20.23],[73.1,20.23],[73.115,20.255],[73.165,20.285],[73.15,20.315],[73.11,20.325],[73.105,20.35],[73.04,20.315],[73.035,20.29],[72.995,20.29],[72.965,20.27],[72.94,20.295],[72.91,20.27],[72.93,20.245],[72.965,20.22],[72.965,20.21],[72.96,20.21],[72.96,20.2],[72.96,20.185],[72.975,20.16],[72.96,20.135],[72.97,20.115],[73.01,20.11],[73.04,20.065],[73.055,20.1],[73.13,20.08],[73.17,20.05],[73.19,20.075],[73.215,20.09],[73.21,20.12]]],[[[72.82,20.37],[72.845,20.375],[72.89,20.375],[72.87,20.415],[72.87,20.44],[72.89,20.46],[72.855,20.465],[72.83,20.43],[72.83,20.41],[72.82,20.37]]],[[[71.005,20.735],[70.975,20.725],[70.92,20.745],[70.885,20.725],[70.915,20.7],[70.93,20.71],[70.98,20.705],[71.005,20.735]]]]},"properties":{"ST_NM":"Dadra and Nagar Haveli and Daman and Diu"}},
{"type":"Feature","geometry":{"type":"Polygon","coordinates":[[[75.36,34.52],[75.365,34.54],[75.345,34.56],[75.32,34.565],[75.3,34.585],[75.265,34.6],[75.24,34.635],[75.21,34.635],[75.25,34.685],[75.26,34.73],[75.245,34.785],[75.22,34.815],[75.175,34.835],[75.145,34.835],[75.145,34.865],[75.13,34.87],[75.095,34.9],[75.07,34.865],[75.07,34.83],[75.01,34.835],[74.96,34.79],[74.91,34.775],[74.9,34.805],[74.82,34.83],[74.73,34.835],[74.675,34.88],[74.605,34.915],[74.575,34.9],[74.57,34.965],[74.585,35.01],[74.535,35.03],[74.54,35.065],[74.515,35.095],[74.475,35.115],[74.44,35.12],[74.38,35.06],[74.31,35.06],[74.295,35.045],[74.255,35.035],[74.245,35.075],[74.23,35.085],[74.165,35.085],[74.135,35.105],[74.095,35.095],[74.065,35.05],[74.095,35.035],[74.105,35.015],[74.06,34.99],[74.075,34.94],[74.045,34.92],[74.03,34.875],[73.97,34.865],[73.965,34.845],[73.935,34.835],[73.915,34.815],[73.895,34.82],[73.865,34.81],[73.845,34.815],[73.82,34.795],[73.775,34.795],[73.73,34.77],[73.705,34.725],[73.67,34.69],[73.665,34.665],[73.69,34.645],[73.66,34.61],[73.66,34.59],[73.64,34.565],[73.62,34.585],[73.555,34.595],[73.535,34.575],[73.5,34.58],[73.445,34.575],[73.435,34.505],[73.42,34.47],[73.425,34.44],[73.4,34.36],[73.425,34.35],[73.49,34.22],[73.49,34.145],[73.515,34.025],[73.515,34.005],[73.55,33.93],[73.585,33.9],[73.585,33.865],[73.57,33.845],[73.56,33.785],[73.59,33.755],[73.59,33.7],[73.56,33.675],[73.575,33.62],[73.62,33.575],[73.62,33.545],[73.595,33.49],[73.625,33.455],[73.59,33.445],[73.58,33.415],[73.56,33.37],[73.58,33.33],[73.605,33.25],[73.625,33.225],[73.655,33.205],[73.655,33.17],[73.63,33.13],[73.63,33.085],[73.69,33.09],[73.735,33.065],[73.74,33.045],[73.805,32.97],[73.82,33.005],[73.89,33],[73.925,32.985],[73.955,32.985],[73.97,32.97],[73.995,32.96],[73.985,32.935],[74.05,32.93],[74.055,32.91],[74.115,32.895],[74.175,32.885],[74.2,32.87],[74.215,32.845],[74.3,32.825],[74.31,32.79],[74.355,32.765],[74.385,32.76],[74.4,32.78],[74.445,32.78],[74.46,32.79],[74.51,32.745],[74.535,32.745],[74.555,32.76],[74.595,32.755],[74.63,32.765],[74.635,32.81],[74.705,32.84],[74.705,32.82],[74.655,32.73],[74.655,32.695],[74.665,32.675],[74.695,32.665],[74.66,32.635],[74.65,32.595],[74.65,32.57],[74.675,32.57],[74.67,32.54],[74.69,32.535],[74.68,32.49],[74.71,32.48],[74.81,32.48],[74.82,32.495],[74.915,32.465],[74.945,32.445],[74.97,32.46],[74.99,32.45],[75.02,32.47],[75.025,32.495],[75.11,32.46],[75.135,32.43],[75.2,32.42],[75.195,32.4],[75.225,32.395],[75.265,32.37],[75.285,32.37],[75.3,32.345],[75.34,32.345],[75.375,32.335],[75.42,32.32],[75.465,32.325],[75.51,32.31],[75.505,32.29],[75.535,32.28],[75.54,32.305],[75.54,32.335],[75.56,32.355],[75.595,32.38],[75.685,32.39],[75.735,32.43],[75.73,32.455],[75.78,32.465],[75.825,32.495],[75.84,32.525],[75.875,32.55],[75.88,32.585],[75.915,32.615],[75.92,32.655],[75.9,32.67],[75.905,32.695],[75.925,32.745],[75.905,32.77],[75.89,32.785],[75.89,32.805],[75.845,32.845],[75.815,32.86],[75.81,32.88],[75.84,32.93],[75.925,32.905],[75.955,32.875],[75.98,32.885],[75.985,32.895],[75.995,32.9],[76.005,32.905],[76.03,32.915],[76.045,32.94],[76.095,32.965],[76.11,32.99],[76.115,33],[76.115,33.005],[76.11,33.005],[76.12,33.01],[76.13,33.01],[76.14,33.01],[76.165,33.005],[76.275,33.035],[76.295,33.06],[76.29,33.105],[76.32,33.125],[76.375,33.155],[76.41,33.185],[76.49,33.18],[76.515,33.195],[76.555,33.2],[76.565,33.21],[76.605,33.205],[76.62,33.175],[76.645,33.16],[76.67,33.17],[76.745,33.18],[76.775,33.22],[76.78,33.24],[76.775,33.24],[76.77,33.245],[76.77,33.25],[76.755,33.25],[76.735,33.26],[76.73,33.31],[76.72,33.33],[76.67,33.34],[76.64,33.395],[76.63,33.435],[76.58,33.43],[76.575,33.455],[76.54,33.47],[76.505,33.51],[76.46,33.535],[76.425,33.535],[76.385,33.55],[76.36,33.605],[76.335,33.61],[76.3,33.6],[76.305,33.57],[76.26,33.565],[76.225,33.545],[76.225,33.6],[76.23,33.63],[76.27,33.645],[76.285,33.66],[76.265,33.68],[76.265,33.745],[76.215,33.76],[76.2,33.775],[76.165,33.815],[76.135,33.875],[76.07,33.91],[76.05,33.91],[76.045,33.95],[76.025,33.97],[75.98,33.97],[75.965,33.955],[75.89,33.97],[75.84,33.955],[75.82,33.97],[75.845,34.005],[75.815,34.01],[75.77,34.04],[75.72,34.1],[75.685,34.12],[75.685,34.165],[75.69,34.195],[75.65,34.21],[75.595,34.195],[75.58,34.215],[75.495,34.235],[75.475,34.28],[75.405,34.285],[75.38,34.34],[75.385,34.365],[75.365,34.39],[75.37,34.405],[75.33,34.435],[75.355,34.465],[75.34,34.485],[75.35,34.515],[75.36,34.52]]]},"properties":{"ST_NM":"Jammu & Kashmir"}},
{"type":"Feature","geometry":{"type":"Polygon","coordinates":[[[83.33,24.1],[83.325,24.105],[83.28,24.05],[83.28,24.02],[83.245,24.01],[83.21,23.92],[83.155,23.905],[83.14,23.885],[83.075,23.87],[83.055,23.88],[82.955,23.87],[82.925,23.895],[82.905,23.9],[82.865,23.925],[82.86,23.94],[82.83,23.96],[82.81,23.965],[82.75,23.92],[82.7,23.925],[82.66,23.91],[82.65,23.885],[82.67,23.87],[82.63,23.84],[82.59,23.82],[82.555,23.825],[82.525,23.785],[82.495,23.785],[82.47,23.81],[82.395,23.8],[82.375,23.81],[82.335,23.805],[82.295,23.81],[82.26,23.82],[82.24,23.805],[82.205,23.825],[82.145,23.815],[82.12,23.825],[82.08,23.815],[82.04,23.825],[82.045,23.84],[82.01,23.86],[81.955,23.855],[81.92,23.87],[81.905,23.845],[81.825,23.81],[81.775,23.815],[81.725,23.845],[81.73,23.855],[81.69,23.885],[81.69,23.905],[81.66,23.92],[81.61,23.905],[81.605,23.855],[81.615,23.835],[81.635,23.835],[81.65,23.8],[81.645,23.775],[81.675,23.755],[81.695,23.72],[81.685,23.69],[81.655,23.685],[81.655,23.665],[81.62,23.65],[81.61,23.6],[81.575,23.585],[81.585,23.555],[81.61,23.555],[81.61,23.51],[81.64,23.48],[81.67,23.535],[81.7,23.52],[81.735,23.565],[81.76,23.55],[81.81,23.55],[81.82,23.515],[81.88,23.515],[81.925,23.535],[81.95,23.5],[81.955,23.47],[81.975,23.45],[81.985,23.415],[82.03,23.41],[82.02,23.39],[82.055,23.375],[82.07,23.39],[82.1,23.4],[82.12,23.355],[82.145,23.36],[82.17,23.335],[82.2,23.31],[82.195,23.275],[82.175,23.27],[82.145,23.225],[82.155,23.21],[82.145,23.165],[82.16,23.145],[82.11,23.11],[82.065,23.115],[82.035,23.08],[81.97,23.08],[81.93,23.06],[81.92,23.04],[81.95,22.985],[81.945,22.955],[81.92,22.945],[81.86,22.89],[81.775,22.875],[81.765,22.835],[81.78,22.81],[81.785,22.78],[81.795,22.765],[81.75,22.725],[81.77,22.675],[81.73,22.675],[81.715,22.65],[81.685,22.645],[81.645,22.595],[81.66,22.57],[81.625,22.555],[81.605,22.535],[81.565,22.55],[81.545,22.53],[81.535,22.54],[81.495,22.52],[81.485,22.49],[81.465,22.495],[81.43,22.48],[81.425,22.45],[81.395,22.44],[81.38,22.51],[81.34,22.52],[81.32,22.515],[81.32,22.49],[81.305,22.48],[81.28,22.505],[81.26,22.495],[81.26,22.47],[81.23,22.45],[81.2,22.465],[81.195,22.49],[81.17,22.485],[81.155,22.455],[81.11,22.435],[81.105,22.385],[81.12,22.34],[81.115,22.325],[81.12,22.29],[81.1,22.28],[81.09,22.245],[81.05,22.245],[81.025,22.23],[81.03,22.19],[81.02,22.135],[80.98,22.125],[81.01,22.095],[81.01,22.07],[80.995,22.05],[80.97,22.06],[80.97,22.085],[80.95,22.115],[80.91,22.11],[80.895,22.065],[80.875,22.04],[80.875,22.015],[80.85,21.96],[80.845,21.925],[80.83,21.91],[80.845,21.88],[80.845,21.83],[80.84,21.8],[80.805,21.745],[80.77,21.76],[80.745,21.755],[80.735,21.73],[80.735,21.705],[80.72,21.675],[80.72,21.645],[80.73,21.625],[80.715,21.6],[80.74,21.54],[80.73,21.495],[80.735,21.46],[80.705,21.435],[80.705,21.415],[80.67,21.34],[80.66,21.335],[80.68,21.315],[80.68,21.3],[80.65,21.28],[80.645,21.25],[80.615,21.23],[80.58,21.22],[80.555,21.2],[80.53,21.205],[80.515,21.185],[80.465,21.175],[80.445,21.12],[80.45,21.03],[80.425,21.005],[80.445,20.995],[80.445,20.97],[80.465,20.93],[80.535,20.935],[80.555,20.89],[80.56,20.81],[80.55,20.795],[80.56,20.725],[80.58,20.695],[80.58,20.675],[80.52,20.655],[80.48,20.62],[80.52,20.58],[80.565,20.605],[80.6,20.61],[80.625,20.59],[80.625,20.565],[80.615,20.465],[80.615,20.435],[80.59,20.395],[80.61,20.375],[80.625,20.335],[80.61,20.32],[80.545,20.305],[80.515,20.265],[80.49,20.275],[80.45,20.26],[80.4,20.245],[80.42,20.195],[80.4,20.19],[80.39,20.165],[80.4,20.145],[80.43,20.135],[80.46,20.15],[80.505,20.145],[80.55,20.11],[80.545,20.095],[80.555,20.07],[80.545,20.01],[80.55,19.985],[80.54,19.95],[80.525,19.935],[80.48,19.935],[80.45,19.955],[80.41,19.94],[80.41,19.915],[80.45,19.895],[80.47,19.91],[80.495,19.9],[80.505,19.87],[80.485,19.865],[80.47,19.825],[80.43,19.805],[80.45,19.79],[80.48,19.83],[80.52,19.83],[80.545,19.82],[80.54,19.785],[80.555,19.765],[80.585,19.74],[80.61,19.74],[80.675,19.7],[80.675,19.65],[80.665,19.62],[80.67,19.61],[80.715,19.615],[80.77,19.585],[80.775,19.56],[80.815,19.57],[80.835,19.565],[80.84,19.56],[80.855,19.525],[80.895,19.52],[80.895,19.465],[80.875,19.445],[80.84,19.445],[80.815,19.435],[80.81,19.405],[80.825,19.38],[80.855,19.365],[80.775,19.315],[80.76,19.29],[80.71,19.28],[80.69,19.285],[80.695,19.315],[80.67,19.33],[80.625,19.305],[80.59,19.35],[80.59,19.375],[80.58,19.4],[80.54,19.38],[80.52,19.35],[80.485,19.34],[80.44,19.26],[80.395,19.245],[80.385,19.215],[80.39,19.18],[80.35,19.16],[80.33,19.135],[80.34,19.1],[80.33,19.07],[80.295,19.05],[80.305,19.025],[80.275,18.995],[80.27,18.95],[80.275,18.93],[80.325,18.88],[80.355,18.825],[80.325,18.8],[80.295,18.79],[80.275,18.765],[80.245,18.755],[80.275,18.725],[80.305,18.685],[80.315,18.645],[80.345,18.6],[80.365,18.61],[80.395,18.605],[80.455,18.63],[80.49,18.63],[80.515,18.62],[80.535,18.59],[80.605,18.55],[80.655,18.475],[80.7,18.445],[80.695,18.425],[80.735,18.405],[80.73,18.355],[80.75,18.33],[80.75,18.31],[80.79,18.25],[80.735,18.22],[80.735,18.175],[80.8,18.17],[80.825,18.195],[80.825,18.24],[80.865,18.235],[80.87,18.21],[80.86,18.19],[80.865,18.14],[80.92,18.15],[80.98,18.18],[80.98,18.155],[80.955,18.135],[80.955,18.08],[80.97,18.045],[80.99,17.94],[81,17.915],[80.995,17.85],[81.01,17.8],[81.045,17.78],[81.085,17.8],[81.17,17.855],[81.2,17.845],[81.265,17.81],[81.355,17.815],[81.395,17.795],[81.395,17.82],[81.405,17.85],[81.395,17.87],[81.4,17.895],[81.435,17.88],[81.45,17.89],[81.45,17.93],[81.48,17.975],[81.48,17.99],[81.48,18.05],[81.48,18.055],[81.515,18.1],[81.515,18.135],[81.525,18.16],[81.505,18.185],[81.53,18.24],[81.53,18.265],[81.565,18.275],[81.6,18.31],[81.615,18.305],[81.66,18.325],[81.66,18.345],[81.75,18.355],[81.77,18.42],[81.855,18.495],[81.87,18.525],[81.905,18.56],[81.95,18.57],[81.965,18.595],[81.895,18.645],[81.95,18.645],[81.965,18.695],[82.015,18.72],[82.04,18.725],[82.085,18.72],[82.09,18.76],[82.155,18.785],[82.17,18.835],[82.165,18.865],[82.175,18.9],[82.215,18.92],[82.245,18.92],[82.23,19.025],[82.2,19.065],[82.22,19.095],[82.2,19.12],[82.17,19.135],[82.175,19.165],[82.16,19.2],[82.16,19.265],[82.19,19.335],[82.155,19.35],[82.155,19.375],[82.18,19.38],[82.19,19.415],[82.18,19.435],[82.125,19.43],[82.105,19.465],[82.11,19.495],[82.1,19.515],[82.03,19.51],[82.05,19.535],[82.05,19.57],[82.04,19.595],[82.06,19.63],[82.045,19.7],[82.05,19.74],[82.065,19.76],[82.06,19.795],[82.01,19.805],[81.985,19.8],[81.965,19.835],[81.97,19.86],[81.87,19.905],[81.85,19.925],[81.865,20.025],[81.895,20.05],[81.925,20.09],[81.945,20.105],[81.985,20.075],[81.995,20.055],[82.02,20.05],[82.02,20.025],[82.07,20.055],[82.13,20.015],[82.17,20.005],[82.19,19.985],[82.21,19.985],[82.235,20.005],[82.27,19.975],[82.275,19.95],[82.305,19.89],[82.345,19.835],[82.42,19.905],[82.485,19.91],[82.505,19.89],[82.535,19.885],[82.605,19.865],[82.575,19.835],[82.585,19.78],[82.625,19.795],[82.65,19.83],[82.705,19.83],[82.72,19.865],[82.705,19.9],[82.72,19.99],[82.71,19.995],[82.635,20.005],[82.625,19.99],[82.59,19.99],[82.55,20.015],[82.495,20.025],[82.48,20.035],[82.45,20.04],[82.4,20.055],[82.4,20.12],[82.39,20.16],[82.41,20.18],[82.425,20.22],[82.41,20.26],[82.435,20.285],[82.43,20.315],[82.4,20.34],[82.44,20.435],[82.4,20.475],[82.39,20.515],[82.36,20.53],[82.335,20.555],[82.345,20.595],[82.375,20.63],[82.375,20.665],[82.35,20.705],[82.355,20.735],[82.345,20.765],[82.34,20.845],[82.36,20.875],[82.405,20.87],[82.41,20.845],[82.43,20.83],[82.455,20.825],[82.48,20.85],[82.49,20.88],[82.49,20.91],[82.56,20.945],[82.575,20.975],[82.61,21.01],[82.63,21.04],[82.61,21.07],[82.63,21.075],[82.65,21.105],[82.65,21.125],[82.635,21.15],[82.695,21.165],[82.755,21.165],[82.785,21.145],[82.84,21.165],[82.88,21.15],[82.9,21.165],[82.94,21.16],[82.945,21.18],[82.965,21.195],[82.985,21.17],[82.99,21.14],[83.01,21.145],[83.08,21.11],[83.14,21.11],[83.17,21.14],[83.2,21.145],[83.2,21.165],[83.22,21.23],[83.22,21.255],[83.245,21.28],[83.27,21.275],[83.26,21.34],[83.275,21.375],[83.39,21.345],[83.4,21.405],[83.355,21.45],[83.34,21.5],[83.35,21.51],[83.37,21.565],[83.37,21.6],[83.395,21.625],[83.445,21.655],[83.445,21.625],[83.465,21.61],[83.485,21.645],[83.445,21.66],[83.42,21.68],[83.435,21.7],[83.455,21.695],[83.49,21.75],[83.47,21.785],[83.495,21.82],[83.525,21.8],[83.555,21.84],[83.575,21.83],[83.59,21.85],[83.575,21.875],[83.585,21.905],[83.605,21.915],[83.56,21.95],[83.535,21.98],[83.555,22.005],[83.54,22.02],[83.55,22.055],[83.59,22.055],[83.595,22.075],[83.565,22.105],[83.61,22.155],[83.63,22.205],[83.665,22.235],[83.705,22.245],[83.76,22.24],[83.78,22.275],[83.805,22.29],[83.825,22.29],[83.83,22.325],[83.865,22.345],[83.895,22.34],[83.925,22.36],[83.97,22.36],[84.005,22.375],[84.03,22.425],[84.045,22.435],[84.045,22.465],[84.02,22.49],[83.985,22.5],[83.98,22.525],[84.01,22.525],[84.005,22.545],[84.025,22.59],[84.05,22.595],[84.085,22.64],[84.15,22.635],[84.22,22.67],[84.24,22.69],[84.23,22.735],[84.26,22.77],[84.29,22.765],[84.3,22.795],[84.315,22.8],[84.335,22.86],[84.37,22.865],[84.395,22.925],[84.38,22.97],[84.33,22.98],[84.31,22.965],[84.28,22.965],[84.245,22.985],[84.22,22.98],[84.185,23.025],[84.175,23.01],[84.18,22.98],[84.15,22.965],[84.145,22.99],[84.125,23.035],[84.135,23.085],[84.09,23.11],[84.07,23.11],[84.04,23.135],[84.03,23.16],[84.065,23.205],[84.055,23.245],[84.075,23.335],[84.05,23.36],[84.025,23.38],[84.01,23.355],[83.97,23.365],[83.96,23.385],[83.98,23.42],[83.97,23.465],[84.015,23.505],[84.03,23.545],[84.03,23.6],[84.01,23.63],[83.94,23.625],[83.93,23.62],[83.94,23.57],[83.815,23.595],[83.775,23.61],[83.75,23.64],[83.76,23.655],[83.725,23.685],[83.745,23.72],[83.74,23.76],[83.71,23.815],[83.675,23.825],[83.665,23.845],[83.57,23.865],[83.55,23.935],[83.515,23.98],[83.525,24.01],[83.51,24.03],[83.455,24.04],[83.44,24.06],[83.435,24.085],[83.405,24.08],[83.39,24.1],[83.33,24.1]]]},"properties":{"ST_NM":"Chhattisgarh"}},
{"type":"Feature","geometry":{"type":"Polygon","coordinates":[[[77.21,28.86],[77.175,28.855],[77.11,28.87],[77.06,28.87],[77.04,28.83],[76.99,28.84],[76.95,28.82],[76.945,28.8],[76.955,28.765],[76.945,28.755],[76.97,28.7],[76.955,28.67],[76.925,28.65],[76.945,28.635],[76.905,28.625],[76.89,28.63],[76.865,28.585],[76.84,28.58],[76.84,28.555],[76.865,28.545],[76.88,28.505],[76.91,28.515],[76.95,28.505],[77,28.53],[77.03,28.53],[77.06,28.51],[77.08,28.52],[77.12,28.495],[77.115,28.47],[77.13,28.44],[77.165,28.425],[77.175,28.405],[77.23,28.415],[77.25,28.425],[77.245,28.48],[77.29,28.495],[77.315,28.485],[77.345,28.515],[77.295,28.565],[77.315,28.595],[77.335,28.6],[77.345,28.62],[77.315,28.64],[77.325,28.71],[77.305,28.715],[77.26,28.75],[77.235,28.76],[77.2,28.8],[77.225,28.825],[77.21,28.86]]]},"properties":{"ST_NM":"Delhi"}},
{"type":"Feature","geometry":{"type":"Polygon","coordinates":[[[74.12,15.65],[74.085,15.635],[74.03,15.62],[74.02,15.605],[73.99,15.61],[73.96,15.64],[73.965,15.69],[73.94,15.745],[73.88,15.75],[73.88,15.775],[73.855,15.8],[73.83,15.765],[73.825,15.74],[73.785,15.725],[73.745,15.735],[73.73,15.72],[73.675,15.725],[73.69,15.72],[73.75,15.56],[73.77,15.49],[73.81,15.495],[73.815,15.455],[73.845,15.455],[73.865,15.43],[73.895,15.42],[73.92,15.425],[73.92,15.405],[73.895,15.41],[73.875,15.395],[73.805,15.405],[73.81,15.375],[73.845,15.36],[73.88,15.365],[73.9,15.31],[73.93,15.225],[73.95,15.145],[73.925,15.11],[73.93,15.08],[73.955,15.075],[73.98,15.055],[73.99,15.02],[74.02,15.01],[74.035,14.995],[74.05,14.96],[74.045,14.92],[74.085,14.9],[74.125,14.925],[74.16,14.91],[74.155,14.94],[74.18,14.955],[74.2,14.925],[74.215,14.945],[74.25,14.96],[74.265,14.98],[74.25,14.995],[74.295,15.04],[74.275,15.1],[74.285,15.115],[74.285,15.145],[74.315,15.18],[74.3,15.225],[74.25,15.25],[74.27,15.28],[74.295,15.29],[74.325,15.285],[74.335,15.295],[74.315,15.33],[74.325,15.365],[74.285,15.385],[74.27,15.42],[74.275,15.45],[74.25,15.49],[74.28,15.52],[74.275,15.545],[74.25,15.57],[74.265,15.615],[74.245,15.625],[74.25,15.655],[74.225,15.67],[74.205,15.665],[74.165,15.67],[74.165,15.655],[74.12,15.65]]]},"properties":{"ST_NM":"Goa"}},
{"type":"Feature","geometry":{"type":"Polygon","coordinates":[[[77.585,30.38],[77.555,30.39],[77.52,30.445],[77.49,30.41],[77.47,30.4],[77.435,30.43],[77.405,30.43],[77.365,30.44],[77.355,30.46],[77.325,30.445],[77.27,30.48],[77.21,30.475],[77.205,30.505],[77.195,30.525],[77.135,30.545],[77.125,30.565],[77.17,30.6],[77.165,30.685],[77.095,30.74],[77.02,30.74],[77.01,30.81],[76.95,30.825],[76.95,30.85],[76.915,30.89],[76.875,30.88],[76.84,30.89],[76.825,30.925],[76.775,30.905],[76.785,30.88],[76.845,30.835],[76.855,30.795],[76.84,30.755],[76.85,30.725],[76.83,30.68],[76.845,30.655],[76.875,30.675],[76.88,30.645],[76.925,30.61],[76.915,30.555],[76.895,30.54],[76.93,30.52],[76.93,30.5],[76.895,30.48],[76.91,30.465],[76.885,30.43],[76.94,30.395],[76.915,30.365],[76.885,30.41],[76.855,30.42],[76.79,30.415],[76.75,30.43],[76.715,30.39],[76.745,30.365],[76.71,30.325],[76.69,30.325],[76.625,30.265],[76.615,30.27],[76.555,30.26],[76.565,30.23],[76.605,30.24],[76.625,30.23],[76.62,30.205],[76.6,30.185],[76.64,30.15],[76.6,30.115],[76.545,30.075],[76.515,30.075],[76.505,30.095],[76.465,30.1],[76.46,30.13],[76.43,30.15],[76.435,30.185],[76.405,30.19],[76.385,30.17],[76.41,30.145],[76.34,30.1],[76.32,30.095],[76.255,30.12],[76.225,30.145],[76.22,30.115],[76.25,30.085],[76.225,30.06],[76.205,29.975],[76.18,29.94],[76.195,29.885],[76.23,29.885],[76.245,29.875],[76.245,29.85],[76.195,29.84],[76.185,29.825],[76.15,29.82],[76.13,29.795],[76.105,29.81],[76.085,29.8],[76.045,29.745],[75.995,29.74],[75.985,29.725],[75.87,29.75],[75.835,29.795],[75.79,29.81],[75.76,29.805],[75.72,29.815],[75.705,29.75],[75.68,29.775],[75.635,29.77],[75.635,29.755],[75.57,29.745],[75.56,29.77],[75.505,29.78],[75.46,29.81],[75.455,29.78],[75.415,29.77],[75.395,29.72],[75.345,29.695],[75.315,29.63],[75.29,29.605],[75.315,29.59],[75.31,29.56],[75.28,29.56],[75.24,29.545],[75.22,29.58],[75.235,29.6],[75.18,29.63],[75.19,29.65],[75.17,29.665],[75.205,29.69],[75.195,29.715],[75.225,29.73],[75.24,29.755],[75.21,29.795],[75.21,29.835],[75.19,29.84],[75.165,29.825],[75.16,29.8],[75.1,29.805],[75.12,29.83],[75.09,29.855],[75.115,29.88],[75.11,29.9],[75.09,29.915],[75.07,29.875],[75.05,29.885],[75.02,29.865],[74.99,29.87],[74.98,29.895],[74.95,29.905],[74.925,29.95],[74.89,29.965],[74.855,29.955],[74.805,29.99],[74.78,29.97],[74.73,29.96],[74.7,29.97],[74.685,29.95],[74.66,29.93],[74.645,29.905],[74.595,29.91],[74.58,29.925],[74.525,29.945],[74.51,29.91],[74.545,29.9],[74.56,29.87],[74.54,29.84],[74.51,29.835],[74.485,29.815],[74.475,29.785],[74.475,29.745],[74.535,29.74],[74.545,29.755],[74.615,29.75],[74.585,29.655],[74.575,29.56],[74.625,29.53],[74.6,29.5],[74.585,29.46],[74.545,29.47],[74.535,29.425],[74.565,29.42],[74.58,29.39],[74.605,29.365],[74.605,29.325],[74.655,29.335],[74.66,29.37],[74.72,29.37],[74.74,29.355],[74.78,29.36],[74.82,29.395],[74.85,29.405],[74.88,29.385],[74.9,29.385],[74.94,29.36],[74.94,29.34],[74.96,29.32],[74.95,29.3],[74.96,29.28],[75,29.27],[75.015,29.285],[75.05,29.285],[75.075,29.23],[75.12,29.225],[75.125,29.24],[75.155,29.24],[75.17,29.26],[75.195,29.265],[75.21,29.235],[75.24,29.23],[75.245,29.25],[75.285,29.25],[75.285,29.27],[75.325,29.29],[75.34,29.285],[75.33,29.235],[75.39,29.26],[75.41,29.24],[75.395,29.22],[75.41,29.205],[75.405,29.17],[75.38,29.17],[75.375,29.135],[75.4,29.13],[75.39,29.1],[75.39,29.065],[75.44,29.06],[75.46,29.015],[75.52,29.005],[75.525,28.97],[75.505,28.935],[75.475,28.925],[75.495,28.895],[75.495,28.855],[75.52,28.835],[75.51,28.79],[75.54,28.725],[75.54,28.66],[75.56,28.635],[75.56,28.615],[75.62,28.605],[75.635,28.545],[75.67,28.53],[75.7,28.495],[75.735,28.485],[75.735,28.47],[75.79,28.455],[75.77,28.425],[75.775,28.4],[75.835,28.405],[75.845,28.39],[75.885,28.385],[75.93,28.36],[75.935,28.335],[76,28.285],[76.025,28.275],[76.015,28.245],[76.04,28.22],[76.05,28.195],[76.07,28.195],[76.07,28.165],[76.025,28.165],[76.005,28.15],[76,28.125],[75.975,28.125],[75.945,28.11],[75.94,28.09],[75.985,28.08],[75.995,28.045],[76.025,28.085],[76.04,28.075],[76.015,28.055],[76.015,28.03],[75.975,28.03],[75.965,27.98],[75.98,27.965],[75.975,27.935],[75.95,27.95],[75.935,27.93],[75.94,27.915],[75.985,27.905],[75.97,27.85],[76.05,27.835],[76.09,27.86],[76.125,27.85],[76.13,27.825],[76.155,27.82],[76.18,27.8],[76.2,27.82],[76.225,27.835],[76.195,27.86],[76.2,27.895],[76.17,27.905],[76.185,27.965],[76.165,27.975],[76.16,28],[76.18,28.02],[76.19,28.055],[76.23,28.05],[76.26,28.07],[76.295,28.05],[76.29,28.025],[76.32,28.015],[76.34,28.03],[76.355,28.065],[76.33,28.085],[76.36,28.125],[76.3,28.16],[76.305,28.18],[76.36,28.16],[76.355,28.145],[76.39,28.135],[76.4,28.145],[76.475,28.15],[76.47,28.135],[76.5,28.12],[76.5,28.1],[76.46,28.105],[76.45,28.09],[76.48,28.08],[76.455,28.04],[76.495,28.045],[76.545,28.035],[76.545,27.965],[76.58,27.98],[76.605,28.005],[76.64,28],[76.67,28.015],[76.65,28.06],[76.655,28.09],[76.685,28.09],[76.715,28.13],[76.745,28.12],[76.76,28.145],[76.795,28.15],[76.805,28.205],[76.84,28.22],[76.875,28.22],[76.9,28.18],[76.93,28.155],[76.97,28.14],[76.955,28.065],[76.94,28.045],[76.93,27.995],[76.93,27.925],[76.945,27.855],[76.935,27.83],[76.9,27.775],[76.895,27.72],[76.92,27.71],[76.9,27.68],[76.915,27.655],[76.94,27.675],[76.98,27.655],[77,27.735],[77.045,27.745],[77.06,27.725],[77.085,27.74],[77.075,27.765],[77.035,27.78],[77.045,27.82],[77.11,27.785],[77.155,27.785],[77.2,27.825],[77.215,27.8],[77.25,27.79],[77.285,27.8],[77.33,27.83],[77.35,27.855],[77.415,27.85],[77.42,27.89],[77.45,27.87],[77.48,27.9],[77.475,27.93],[77.49,27.94],[77.53,27.925],[77.545,27.955],[77.54,27.98],[77.51,28.035],[77.5,28.06],[77.475,28.085],[77.51,28.125],[77.495,28.14],[77.55,28.175],[77.515,28.195],[77.52,28.24],[77.495,28.25],[77.49,28.27],[77.505,28.305],[77.47,28.335],[77.505,28.365],[77.48,28.4],[77.48,28.42],[77.435,28.43],[77.435,28.455],[77.375,28.475],[77.37,28.5],[77.345,28.515],[77.315,28.485],[77.29,28.495],[77.245,28.48],[77.25,28.425],[77.23,28.415],[77.175,28.405],[77.165,28.425],[77.13,28.44],[77.115,28.47],[77.12,28.495],[77.08,28.52],[77.06,28.51],[77.03,28.53],[77,28.53],[76.95,28.505],[76.91,28.515],[76.88,28.505],[76.865,28.545],[76.84,28.555],[76.84,28.58],[76.865,28.585],[76.89,28.63],[76.905,28.625],[76.945,28.635],[76.925,28.65],[76.955,28.67],[76.97,28.7],[76.945,28.755],[76.955,28.765],[76.945,28.8],[76.95,28.82],[76.99,28.84],[77.04,28.83],[77.06,28.87],[77.11,28.87],[77.175,28.855],[77.21,28.86],[77.23,28.88],[77.235,28.92],[77.195,28.94],[77.2,28.985],[77.19,29.03],[77.17,29.035],[77.165,29.075],[77.135,29.095],[77.15,29.115],[77.135,29.14],[77.145,29.18],[77.135,29.22],[77.15,29.235],[77.14,29.265],[77.16,29.33],[77.135,29.34],[77.125,29.37],[77.135,29.395],[77.135,29.42],[77.145,29.445],[77.125,29.455],[77.135,29.485],[77.095,29.52],[77.11,29.55],[77.105,29.57],[77.115,29.61],[77.105,29.63],[77.13,29.64],[77.155,29.7],[77.135,29.72],[77.135,29.745],[77.125,29.77],[77.18,29.815],[77.18,29.84],[77.195,29.86],[77.2,29.89],[77.185,29.91],[77.22,29.925],[77.245,29.975],[77.275,29.995],[77.28,30.03],[77.295,30.055],[77.335,30.055],[77.385,30.095],[77.405,30.09],[77.425,30.13],[77.43,30.165],[77.455,30.165],[77.475,30.18],[77.545,30.28],[77.585,30.315],[77.58,30.33],[77.605,30.37],[77.585,30.38]]]},"properties":{"ST_NM":"Haryana"}},
{"type":"Feature","geometry":{"type":"Polygon","coordinates":[[[76.795,33.255],[76.775,33.255],[76.77,33.25],[76.77,33.245],[76.775,33.24],[76.78,33.24],[76.775,33.22],[76.745,33.18],[76.67,33.17],[76.645,33.16],[76.62,33.175],[76.605,33.205],[76.565,33.21],[76.555,33.2],[76.515,33.195],[76.49,33.18],[76.41,33.185],[76.375,33.155],[76.32,33.125],[76.29,33.105],[76.295,33.06],[76.275,33.035],[76.165,33.005],[76.14,33.01],[76.13,33.01],[76.12,33.01],[76.12,33.005],[76.115,33.005],[76.11,33.005],[76.095,32.965],[76.045,32.94],[76.03,32.915],[76.015,32.91],[76.005,32.905],[75.985,32.895],[75.98,32.885],[75.955,32.875],[75.925,32.905],[75.84,32.93],[75.81,32.88],[75.815,32.86],[75.845,32.845],[75.89,32.805],[75.89,32.785],[75.905,32.77],[75.925,32.745],[75.905,32.695],[75.9,32.67],[75.92,32.655],[75.915,32.615],[75.88,32.585],[75.875,32.55],[75.835,32.51],[75.86,32.485],[75.9,32.455],[75.93,32.4],[75.875,32.395],[75.845,32.37],[75.845,32.355],[75.81,32.35],[75.775,32.29],[75.655,32.25],[75.645,32.25],[75.625,32.215],[75.625,32.19],[75.665,32.19],[75.675,32.16],[75.66,32.135],[75.63,32.12],[75.62,32.1],[75.6,32.095],[75.6,32.065],[75.655,32.08],[75.705,32.055],[75.725,32.035],[75.75,32.04],[75.78,32.005],[75.825,31.985],[75.89,31.96],[75.91,31.94],[75.96,31.855],[75.97,31.825],[75.945,31.815],[75.985,31.72],[76.005,31.675],[76.02,31.63],[76.045,31.605],[76.08,31.555],[76.1,31.535],[76.115,31.485],[76.155,31.435],[76.17,31.4],[76.15,31.38],[76.15,31.355],[76.18,31.34],[76.18,31.31],[76.215,31.3],[76.31,31.32],[76.31,31.345],[76.34,31.365],[76.33,31.4],[76.37,31.41],[76.395,31.39],[76.43,31.325],[76.465,31.305],[76.485,31.305],[76.5,31.27],[76.52,31.28],[76.55,31.255],[76.59,31.275],[76.645,31.21],[76.615,31.19],[76.6,31.13],[76.64,31.11],[76.61,31.045],[76.63,31.025],[76.625,31],[76.665,30.98],[76.675,30.97],[76.71,30.97],[76.775,30.905],[76.825,30.925],[76.84,30.89],[76.875,30.88],[76.915,30.89],[76.95,30.85],[76.95,30.825],[77.01,30.81],[77.02,30.74],[77.095,30.74],[77.165,30.685],[77.17,30.6],[77.125,30.565],[77.135,30.545],[77.195,30.525],[77.205,30.505],[77.21,30.475],[77.27,30.48],[77.325,30.445],[77.355,30.46],[77.365,30.44],[77.405,30.43],[77.435,30.43],[77.47,30.4],[77.49,30.41],[77.52,30.445],[77.555,30.39],[77.585,30.38],[77.575,30.395],[77.575,30.415],[77.6,30.43],[77.645,30.435],[77.655,30.45],[77.69,30.445],[77.72,30.475],[77.785,30.5],[77.82,30.51],[77.83,30.53],[77.805,30.555],[77.77,30.56],[77.745,30.595],[77.785,30.615],[77.785,30.64],[77.775,30.67],[77.745,30.68],[77.755,30.705],[77.705,30.765],[77.72,30.775],[77.75,30.82],[77.745,30.845],[77.755,30.86],[77.805,30.855],[77.805,30.925],[77.76,30.92],[77.75,30.955],[77.77,30.975],[77.81,30.955],[77.825,30.99],[77.81,31.01],[77.815,31.055],[77.85,31.075],[77.865,31.11],[77.89,31.12],[77.91,31.155],[77.925,31.15],[77.97,31.175],[77.985,31.155],[78.03,31.165],[78.065,31.185],[78.105,31.185],[78.145,31.21],[78.16,31.225],[78.2,31.22],[78.22,31.235],[78.245,31.23],[78.285,31.265],[78.31,31.26],[78.33,31.28],[78.385,31.28],[78.415,31.24],[78.445,31.245],[78.46,31.235],[78.485,31.2],[78.55,31.2],[78.58,31.225],[78.605,31.23],[78.65,31.215],[78.66,31.19],[78.77,31.185],[78.81,31.2],[78.81,31.17],[78.845,31.13],[78.89,31.095],[78.96,31.1],[79.005,31.12],[78.99,31.14],[78.985,31.175],[78.96,31.185],[78.92,31.225],[78.915,31.25],[78.885,31.265],[78.88,31.285],[78.79,31.305],[78.77,31.325],[78.77,31.35],[78.75,31.365],[78.755,31.385],[78.8,31.445],[78.78,31.45],[78.76,31.485],[78.725,31.49],[78.72,31.505],[78.745,31.54],[78.82,31.575],[78.845,31.61],[78.81,31.64],[78.8,31.68],[78.765,31.675],[78.73,31.735],[78.725,31.76],[78.705,31.775],[78.705,31.805],[78.745,31.845],[78.75,31.875],[78.74,31.9],[78.77,31.93],[78.765,31.96],[78.775,31.985],[78.765,32.005],[78.735,32.005],[78.705,32.065],[78.69,32.07],[78.665,32.105],[78.61,32.12],[78.59,32.155],[78.61,32.185],[78.61,32.215],[78.56,32.245],[78.5,32.24],[78.455,32.24],[78.48,32.275],[78.475,32.335],[78.485,32.355],[78.51,32.375],[78.535,32.415],[78.495,32.42],[78.48,32.445],[78.455,32.45],[78.465,32.485],[78.45,32.505],[78.425,32.51],[78.415,32.52],[78.41,32.525],[78.4,32.525],[78.395,32.52],[78.37,32.51],[78.325,32.47],[78.295,32.505],[78.315,32.525],[78.315,32.575],[78.35,32.58],[78.355,32.59],[78.395,32.61],[78.405,32.62],[78.39,32.625],[78.385,32.635],[78.38,32.67],[78.395,32.715],[78.39,32.755],[78.355,32.76],[78.335,32.75],[78.33,32.745],[78.305,32.735],[78.31,32.71],[78.275,32.7],[78.245,32.67],[78.205,32.665],[78.175,32.68],[78.145,32.68],[78.15,32.655],[78.11,32.665],[78.1,32.63],[78.06,32.625],[78.045,32.645],[78.015,32.62],[77.95,32.66],[77.92,32.69],[77.935,32.73],[77.935,32.755],[77.91,32.775],[77.885,32.79],[77.88,32.82],[77.84,32.84],[77.79,32.855],[77.785,32.885],[77.8,32.91],[77.75,32.955],[77.695,32.985],[77.675,32.96],[77.605,32.945],[77.59,32.92],[77.565,32.915],[77.54,32.885],[77.5,32.885],[77.47,32.86],[77.445,32.88],[77.415,32.885],[77.39,32.865],[77.375,32.825],[77.34,32.815],[77.315,32.85],[77.3,32.85],[77.275,32.875],[77.255,32.865],[77.235,32.895],[77.2,32.91],[77.19,32.93],[77.165,32.92],[77.15,32.98],[77.115,32.985],[77.095,32.97],[77.05,33],[77.01,32.99],[76.975,33],[76.95,33.02],[76.935,33.03],[76.885,33.12],[76.855,33.115],[76.83,33.145],[76.815,33.18],[76.825,33.215],[76.82,33.235],[76.795,33.255]]]},"properties":{"ST_NM":"Himachal Pradesh"}},
{"type":"Feature","geometry":{"type":"Polygon","coordinates":[[[87.71,25.26],[87.695,25.285],[87.69,25.31],[87.655,25.31],[87.63,25.32],[87.61,25.315],[87.585,25.335],[87.55,25.335],[87.545,25.295],[87.485,25.295],[87.5,25.265],[87.475,25.24],[87.48,25.195],[87.465,25.195],[87.39,25.23],[87.37,25.205],[87.335,25.215],[87.32,25.195],[87.315,25.15],[87.295,25.115],[87.295,25.09],[87.26,25.105],[87.235,25.09],[87.215,25.09],[87.18,25.065],[87.145,25.01],[87.155,24.975],[87.145,24.92],[87.155,24.885],[87.14,24.86],[87.11,24.85],[87.075,24.81],[87.085,24.755],[87.08,24.725],[87.055,24.67],[87.045,24.63],[87.05,24.61],[86.995,24.62],[86.98,24.64],[86.93,24.625],[86.91,24.585],[86.92,24.56],[86.875,24.57],[86.86,24.555],[86.81,24.57],[86.805,24.6],[86.785,24.615],[86.755,24.62],[86.75,24.595],[86.725,24.585],[86.67,24.565],[86.605,24.6],[86.58,24.565],[86.555,24.545],[86.515,24.535],[86.5,24.49],[86.485,24.47],[86.495,24.455],[86.49,24.43],[86.47,24.425],[86.47,24.395],[86.445,24.37],[86.415,24.38],[86.395,24.415],[86.36,24.43],[86.35,24.445],[86.315,24.44],[86.275,24.465],[86.31,24.51],[86.295,24.535],[86.3,24.56],[86.29,24.59],[86.255,24.585],[86.215,24.595],[86.19,24.585],[86.16,24.585],[86.125,24.61],[86.115,24.645],[86.13,24.675],[86.13,24.7],[86.095,24.745],[86.055,24.755],[86.055,24.78],[85.98,24.75],[85.97,24.735],[85.92,24.745],[85.89,24.795],[85.865,24.805],[85.82,24.81],[85.81,24.795],[85.78,24.795],[85.74,24.82],[85.705,24.765],[85.71,24.725],[85.68,24.69],[85.65,24.685],[85.675,24.62],[85.67,24.58],[85.615,24.58],[85.6,24.595],[85.57,24.59],[85.57,24.56],[85.545,24.55],[85.525,24.52],[85.49,24.55],[85.43,24.53],[85.4,24.545],[85.375,24.525],[85.32,24.52],[85.29,24.525],[85.28,24.49],[85.25,24.49],[85.225,24.465],[85.16,24.46],[85.175,24.42],[85.125,24.4],[85.1,24.375],[85.08,24.4],[85.03,24.415],[84.955,24.37],[84.915,24.375],[84.88,24.425],[84.87,24.46],[84.835,24.47],[84.84,24.515],[84.8,24.53],[84.79,24.505],[84.755,24.5],[84.725,24.47],[84.685,24.455],[84.665,24.39],[84.63,24.405],[84.615,24.4],[84.585,24.415],[84.57,24.41],[84.56,24.375],[84.535,24.365],[84.5,24.29],[84.465,24.33],[84.425,24.33],[84.425,24.355],[84.39,24.38],[84.34,24.395],[84.32,24.445],[84.295,24.45],[84.305,24.48],[84.325,24.485],[84.32,24.515],[84.3,24.545],[84.26,24.535],[84.235,24.55],[84.175,24.545],[84.185,24.52],[84.18,24.505],[84.135,24.525],[84.14,24.5],[84.105,24.48],[84.085,24.515],[84.075,24.565],[84.035,24.63],[84,24.64],[83.975,24.59],[83.935,24.545],[83.875,24.53],[83.865,24.535],[83.8,24.53],[83.755,24.51],[83.715,24.505],[83.69,24.515],[83.595,24.515],[83.55,24.525],[83.505,24.525],[83.4,24.505],[83.385,24.46],[83.405,24.435],[83.405,24.405],[83.43,24.4],[83.45,24.37],[83.435,24.34],[83.41,24.34],[83.38,24.315],[83.405,24.29],[83.41,24.265],[83.38,24.23],[83.38,24.195],[83.36,24.155],[83.355,24.125],[83.33,24.1],[83.39,24.1],[83.405,24.08],[83.435,24.085],[83.44,24.06],[83.455,24.04],[83.51,24.03],[83.525,24.01],[83.515,23.98],[83.55,23.935],[83.57,23.865],[83.665,23.845],[83.675,23.825],[83.71,23.815],[83.74,23.76],[83.745,23.72],[83.725,23.685],[83.76,23.655],[83.75,23.64],[83.775,23.61],[83.815,23.595],[83.94,23.57],[83.93,23.62],[83.94,23.625],[84.01,23.63],[84.03,23.6],[84.03,23.545],[84.015,23.505],[83.97,23.465],[83.98,23.42],[83.96,23.385],[83.97,23.365],[84.01,23.355],[84.025,23.38],[84.05,23.36],[84.075,23.335],[84.055,23.245],[84.065,23.205],[84.03,23.16],[84.04,23.135],[84.07,23.11],[84.09,23.11],[84.135,23.085],[84.125,23.035],[84.145,22.99],[84.15,22.965],[84.18,22.98],[84.175,23.01],[84.185,23.025],[84.22,22.98],[84.245,22.985],[84.28,22.965],[84.31,22.965],[84.33,22.98],[84.38,22.97],[84.395,22.925],[84.37,22.865],[84.335,22.86],[84.315,22.8],[84.3,22.795],[84.29,22.765],[84.26,22.77],[84.23,22.735],[84.24,22.69],[84.22,22.67],[84.15,22.635],[84.085,22.64],[84.05,22.595],[84.025,22.59],[84.005,22.545],[84.01,22.525],[84.06,22.515],[84.115,22.475],[84.14,22.47],[84.14,22.425],[84.15,22.415],[84.155,22.41],[84.195,22.38],[84.25,22.38],[84.27,22.355],[84.315,22.34],[84.365,22.355],[84.4,22.345],[84.43,22.37],[84.475,22.385],[84.475,22.41],[84.505,22.42],[84.63,22.435],[84.665,22.42],[84.75,22.42],[84.76,22.445],[84.805,22.45],[84.835,22.43],[84.88,22.45],[84.89,22.43],[84.91,22.425],[84.955,22.46],[84.97,22.45],[85.055,22.485],[85.08,22.475],[85.06,22.45],[85.09,22.39],[85.075,22.355],[85.095,22.345],[85.09,22.32],[85.105,22.295],[85.07,22.275],[85.08,22.26],[85.05,22.195],[85.03,22.16],[85.035,22.14],[85.025,22.12],[84.985,22.095],[85.01,22.09],[85.025,22.11],[85.055,22.115],[85.1,22.105],[85.125,22.075],[85.155,22.08],[85.215,22.05],[85.22,22.02],[85.24,22.01],[85.28,22.09],[85.325,22.125],[85.355,22.13],[85.37,22.16],[85.41,22.16],[85.465,22.14],[85.495,22.12],[85.525,22.11],[85.545,22.09],[85.565,22.095],[85.6,22.08],[85.625,22.08],[85.645,22.095],[85.69,22.06],[85.73,22.065],[85.755,22.08],[85.805,22.115],[85.835,22.09],[85.825,22.075],[85.795,22.08],[85.775,22.055],[85.785,22.03],[85.765,22.02],[85.765,21.995],[85.805,21.99],[85.825,21.975],[85.85,21.985],[85.915,21.98],[85.93,22.025],[85.945,22.02],[86.01,22.12],[85.995,22.13],[86.03,22.195],[86.005,22.215],[85.975,22.245],[86.03,22.305],[86,22.345],[86.025,22.365],[86.03,22.385],[86.02,22.425],[85.985,22.435],[85.96,22.46],[85.975,22.505],[86.035,22.535],[86.045,22.57],[86.07,22.555],[86.105,22.5],[86.125,22.49],[86.21,22.47],[86.225,22.455],[86.27,22.44],[86.285,22.45],[86.325,22.385],[86.37,22.345],[86.41,22.32],[86.445,22.31],[86.445,22.325],[86.5,22.345],[86.555,22.3],[86.585,22.3],[86.65,22.265],[86.655,22.235],[86.68,22.225],[86.725,22.215],[86.755,22.21],[86.78,22.235],[86.8,22.22],[86.825,22.265],[86.885,22.26],[86.89,22.295],[86.835,22.325],[86.845,22.4],[86.815,22.42],[86.765,22.425],[86.75,22.455],[86.75,22.485],[86.795,22.48],[86.8,22.5],[86.765,22.575],[86.71,22.585],[86.66,22.575],[86.635,22.61],[86.64,22.66],[86.62,22.68],[86.585,22.69],[86.545,22.72],[86.505,22.715],[86.47,22.755],[86.43,22.775],[86.42,22.79],[86.435,22.83],[86.435,22.855],[86.45,22.86],[86.465,22.895],[86.435,22.925],[86.48,22.945],[86.525,22.945],[86.52,22.97],[86.5,22.995],[86.465,22.99],[86.425,22.995],[86.395,22.98],[86.37,23],[86.34,22.99],[86.295,23.015],[86.265,23],[86.225,22.995],[86.185,23.005],[86.155,23.035],[86.125,23.085],[86.1,23.085],[86.05,23.105],[86.055,23.125],[86.035,23.145],[85.995,23.15],[85.96,23.16],[85.95,23.15],[85.895,23.155],[85.88,23.17],[85.885,23.195],[85.865,23.22],[85.835,23.22],[85.84,23.245],[85.82,23.27],[85.84,23.305],[85.87,23.33],[85.875,23.36],[85.87,23.39],[85.89,23.395],[85.865,23.43],[85.875,23.48],[85.91,23.485],[85.95,23.47],[86.025,23.485],[86.04,23.515],[86.015,23.55],[86.04,23.585],[86.095,23.565],[86.11,23.57],[86.16,23.56],[86.15,23.525],[86.16,23.51],[86.15,23.48],[86.16,23.47],[86.23,23.445],[86.23,23.43],[86.26,23.42],[86.29,23.43],[86.31,23.41],[86.335,23.445],[86.345,23.44],[86.36,23.45],[86.37,23.485],[86.365,23.54],[86.45,23.6],[86.455,23.62],[86.455,23.625],[86.49,23.64],[86.525,23.63],[86.575,23.65],[86.6,23.665],[86.66,23.685],[86.72,23.7],[86.745,23.68],[86.8,23.69],[86.81,23.745],[86.83,23.755],[86.825,23.78],[86.805,23.8],[86.855,23.825],[86.865,23.845],[86.895,23.825],[86.885,23.865],[86.915,23.885],[86.935,23.85],[86.965,23.865],[87.01,23.855],[87.055,23.825],[87.12,23.8],[87.15,23.8],[87.165,23.825],[87.13,23.855],[87.165,23.865],[87.19,23.85],[87.215,23.85],[87.215,23.83],[87.24,23.825],[87.255,23.845],[87.245,23.86],[87.245,23.905],[87.27,23.875],[87.295,23.9],[87.285,23.94],[87.29,23.96],[87.26,23.965],[87.27,23.99],[87.25,24],[87.235,24.03],[87.25,24.045],[87.29,24.03],[87.335,24.035],[87.33,24],[87.36,24.015],[87.44,23.98],[87.475,24.01],[87.51,24.03],[87.495,24.055],[87.49,24.09],[87.5,24.115],[87.53,24.105],[87.56,24.08],[87.575,24.11],[87.61,24.135],[87.58,24.155],[87.615,24.165],[87.675,24.14],[87.695,24.15],[87.7,24.185],[87.675,24.21],[87.64,24.215],[87.655,24.24],[87.7,24.265],[87.725,24.29],[87.73,24.29],[87.76,24.31],[87.765,24.34],[87.8,24.38],[87.79,24.415],[87.815,24.49],[87.805,24.51],[87.8,24.565],[87.83,24.56],[87.89,24.565],[87.915,24.595],[87.905,24.63],[87.915,24.665],[87.89,24.675],[87.91,24.72],[87.86,24.735],[87.82,24.755],[87.845,24.77],[87.87,24.775],[87.88,24.8],[87.875,24.82],[87.895,24.83],[87.89,24.855],[87.915,24.885],[87.95,24.91],[87.96,24.925],[87.96,24.97],[87.94,24.99],[87.895,25.01],[87.875,25.035],[87.795,25.09],[87.8,25.115],[87.78,25.145],[87.78,25.18],[87.775,25.205],[87.78,25.25],[87.71,25.26]]]},"properties":{"ST_NM":"Jharkhand"}},
{"type":"Feature","geometry":{"type":"MultiPolygon","coordinates":[[[[79.21,9.25],[79.195,9.26],[79.175,9.245],[79.195,9.225],[79.21,9.25]]],[[[79.875,12.045],[79.925,12.125],[80.055,12.325],[80.115,12.385],[80.14,12.41],[80.155,12.46],[80.17,12.535],[80.255,12.785],[80.25,12.83],[80.25,12.88],[80.27,12.98],[80.285,13.06],[80.305,13.13],[80.3,13.14],[80.32,13.185],[80.345,13.275],[80.345,13.315],[80.325,13.45],[80.3,13.48],[80.27,13.565],[80.265,13.565],[80.24,13.47],[80.225,13.485],[80.16,13.49],[80.145,13.5],[80.08,13.49],[80.075,13.525],[80.03,13.54],[80.025,13.515],[80.01,13.48],[79.97,13.47],[79.975,13.43],[79.94,13.425],[79.945,13.395],[79.96,13.38],[79.93,13.35],[79.87,13.33],[79.865,13.32],[79.815,13.32],[79.79,13.295],[79.77,13.315],[79.735,13.275],[79.795,13.24],[79.76,13.205],[79.735,13.235],[79.71,13.25],[79.695,13.275],[79.65,13.29],[79.63,13.27],[79.605,13.29],[79.595,13.265],[79.575,13.26],[79.54,13.27],[79.535,13.34],[79.495,13.345],[79.4,13.33],[79.395,13.3],[79.415,13.3],[79.42,13.245],[79.455,13.24],[79.455,13.215],[79.43,13.19],[79.39,13.19],[79.355,13.165],[79.365,13.13],[79.33,13.13],[79.31,13.11],[79.285,13.125],[79.275,13.155],[79.255,13.145],[79.225,13.16],[79.24,13.12],[79.235,13.105],[79.185,13.075],[79.19,13.05],[79.185,13.03],[79.165,13.02],[79.14,13.035],[79.11,13.04],[79.08,13.025],[79.065,13.055],[79.035,13.07],[78.98,13.085],[78.955,13.075],[78.925,13.08],[78.905,13.045],[78.88,13.1],[78.84,13.08],[78.815,13.09],[78.79,13.065],[78.75,13.055],[78.715,13.07],[78.705,13.015],[78.655,13.03],[78.655,13.015],[78.62,12.99],[78.655,12.93],[78.635,12.93],[78.6,12.85],[78.61,12.82],[78.59,12.785],[78.555,12.755],[78.565,12.74],[78.555,12.7],[78.505,12.725],[78.505,12.68],[78.47,12.675],[78.47,12.63],[78.38,12.625],[78.295,12.67],[78.275,12.7],[78.24,12.705],[78.24,12.685],[78.21,12.685],[78.205,12.71],[78.23,12.715],[78.24,12.73],[78.23,12.76],[78.175,12.775],[78.135,12.78],[78.12,12.8],[78.09,12.815],[78.075,12.84],[78.03,12.855],[78.02,12.83],[77.99,12.82],[77.965,12.835],[77.94,12.825],[77.915,12.84],[77.94,12.875],[77.93,12.89],[77.89,12.87],[77.835,12.87],[77.8,12.85],[77.8,12.795],[77.78,12.77],[77.795,12.76],[77.76,12.725],[77.76,12.695],[77.74,12.7],[77.74,12.675],[77.68,12.66],[77.66,12.685],[77.6,12.665],[77.605,12.63],[77.59,12.615],[77.58,12.575],[77.585,12.515],[77.615,12.505],[77.605,12.475],[77.625,12.46],[77.62,12.385],[77.615,12.36],[77.58,12.335],[77.565,12.305],[77.525,12.28],[77.49,12.28],[77.47,12.245],[77.485,12.23],[77.47,12.21],[77.52,12.195],[77.55,12.205],[77.565,12.195],[77.615,12.205],[77.655,12.2],[77.73,12.18],[77.755,12.13],[77.775,12.12],[77.755,12.08],[77.725,12.06],[77.695,12.015],[77.67,11.95],[77.625,11.945],[77.605,11.94],[77.56,11.94],[77.54,11.93],[77.495,11.94],[77.49,11.91],[77.465,11.875],[77.45,11.795],[77.43,11.765],[77.395,11.785],[77.37,11.785],[77.335,11.77],[77.295,11.81],[77.29,11.8],[77.25,11.815],[77.24,11.795],[77.19,11.795],[77.11,11.775],[77.11,11.745],[77.085,11.74],[77.04,11.795],[77.015,11.815],[76.985,11.8],[76.97,11.775],[76.91,11.795],[76.895,11.775],[76.89,11.735],[76.875,11.725],[76.85,11.685],[76.835,11.64],[76.855,11.6],[76.755,11.62],[76.75,11.615],[76.67,11.615],[76.615,11.61],[76.57,11.62],[76.54,11.69],[76.51,11.705],[76.455,11.665],[76.43,11.665],[76.445,11.645],[76.425,11.635],[76.39,11.63],[76.38,11.6],[76.355,11.59],[76.335,11.595],[76.3,11.57],[76.28,11.6],[76.235,11.57],[76.25,11.535],[76.24,11.525],[76.265,11.48],[76.285,11.485],[76.325,11.455],[76.34,11.47],[76.37,11.455],[76.46,11.39],[76.55,11.36],[76.55,11.33],[76.54,11.295],[76.52,11.27],[76.455,11.24],[76.45,11.205],[76.5,11.21],[76.535,11.185],[76.6,11.2],[76.63,11.195],[76.705,11.24],[76.735,11.215],[76.73,11.195],[76.695,11.165],[76.705,11.14],[76.75,11.135],[76.745,11.105],[76.755,11.08],[76.745,11.055],[76.765,11.03],[76.715,11.04],[76.69,11.01],[76.685,10.99],[76.665,10.97],[76.66,10.93],[76.695,10.91],[76.74,10.895],[76.78,10.89],[76.83,10.87],[76.87,10.81],[76.9,10.81],[76.905,10.765],[76.865,10.685],[76.88,10.64],[76.87,10.635],[76.815,10.635],[76.815,10.605],[76.84,10.595],[76.835,10.545],[76.84,10.535],[76.83,10.495],[76.83,10.45],[76.815,10.425],[76.825,10.395],[76.85,10.365],[76.835,10.345],[76.83,10.305],[76.85,10.285],[76.895,10.26],[76.91,10.235],[76.94,10.24],[76.985,10.22],[77.05,10.265],[77.055,10.285],[77.09,10.315],[77.12,10.32],[77.175,10.36],[77.235,10.355],[77.23,10.315],[77.265,10.265],[77.265,10.235],[77.29,10.23],[77.27,10.165],[77.275,10.13],[77.245,10.13],[77.2,10.105],[77.205,10.09],[77.26,10.035],[77.255,10.01],[77.275,9.965],[77.24,9.94],[77.22,9.905],[77.22,9.865],[77.235,9.86],[77.225,9.82],[77.245,9.8],[77.225,9.79],[77.23,9.77],[77.205,9.725],[77.205,9.695],[77.18,9.655],[77.17,9.615],[77.205,9.615],[77.235,9.58],[77.27,9.575],[77.305,9.6],[77.365,9.55],[77.365,9.535],[77.4,9.495],[77.395,9.46],[77.365,9.46],[77.335,9.41],[77.34,9.37],[77.285,9.295],[77.29,9.28],[77.275,9.235],[77.28,9.215],[77.255,9.195],[77.27,9.155],[77.245,9.125],[77.23,9.115],[77.205,9.085],[77.19,9.045],[77.165,9.045],[77.15,9.01],[77.175,8.99],[77.21,8.93],[77.22,8.905],[77.255,8.88],[77.265,8.84],[77.23,8.805],[77.23,8.785],[77.2,8.765],[77.18,8.73],[77.205,8.68],[77.215,8.65],[77.25,8.62],[77.265,8.585],[77.275,8.54],[77.26,8.505],[77.24,8.495],[77.215,8.51],[77.215,8.47],[77.195,8.42],[77.16,8.37],[77.175,8.35],[77.16,8.33],[77.12,8.32],[77.1,8.29],[77.15,8.25],[77.185,8.22],[77.22,8.195],[77.25,8.17],[77.3,8.145],[77.315,8.12],[77.33,8.125],[77.405,8.105],[77.53,8.075],[77.555,8.075],[77.565,8.12],[77.585,8.14],[77.635,8.155],[77.735,8.165],[77.76,8.145],[77.795,8.16],[77.805,8.205],[77.835,8.23],[77.84,8.25],[77.89,8.27],[77.95,8.31],[77.99,8.35],[78.065,8.375],[78.065,8.41],[78.125,8.475],[78.145,8.5],[78.13,8.55],[78.145,8.6],[78.135,8.615],[78.14,8.68],[78.165,8.725],[78.195,8.75],[78.2,8.77],[78.17,8.775],[78.16,8.805],[78.17,8.885],[78.2,8.94],[78.23,8.975],[78.345,9.06],[78.415,9.115],[78.455,9.125],[78.535,9.14],[78.575,9.13],[78.6,9.145],[78.65,9.16],[78.645,9.18],[78.665,9.195],[78.715,9.19],[78.725,9.21],[78.875,9.255],[78.905,9.25],[78.925,9.265],[78.98,9.275],[79.065,9.26],[79.09,9.26],[79.19,9.28],[79.225,9.26],[79.255,9.26],[79.3,9.245],[79.345,9.22],[79.315,9.28],[79.335,9.31],[79.31,9.33],[79.28,9.31],[79.265,9.29],[79.22,9.29],[79.215,9.285],[79.16,9.285],[79.065,9.3],[79.015,9.33],[78.98,9.365],[78.935,9.41],[78.905,9.465],[78.915,9.495],[78.925,9.565],[78.93,9.595],[78.955,9.625],[78.98,9.69],[79.04,9.765],[79.06,9.775],[79.085,9.815],[79.12,9.85],[79.125,9.89],[79.155,9.93],[79.2,9.975],[79.245,10.025],[79.25,10.05],[79.225,10.1],[79.23,10.15],[79.245,10.19],[79.28,10.215],[79.265,10.23],[79.3,10.265],[79.335,10.285],[79.365,10.295],[79.38,10.315],[79.485,10.315],[79.535,10.305],[79.635,10.295],[79.68,10.28],[79.77,10.27],[79.825,10.275],[79.86,10.285],[79.875,10.295],[79.88,10.325],[79.87,10.375],[79.855,10.635],[79.85,10.83],[79.84,10.83],[79.82,10.845],[79.825,10.885],[79.775,10.895],[79.745,10.925],[79.725,10.93],[79.72,10.97],[79.76,10.96],[79.745,11.005],[79.78,10.995],[79.84,11],[79.855,10.985],[79.86,11.13],[79.855,11.175],[79.835,11.32],[79.845,11.35],[79.82,11.395],[79.805,11.455],[79.765,11.52],[79.755,11.56],[79.76,11.625],[79.79,11.74],[79.795,11.785],[79.755,11.775],[79.72,11.785],[79.735,11.84],[79.8,11.83],[79.805,11.835],[79.81,11.835],[79.77,11.875],[79.715,11.86],[79.71,11.89],[79.74,11.905],[79.69,11.95],[79.72,11.995],[79.745,11.98],[79.75,11.92],[79.785,11.96],[79.81,11.975],[79.84,11.955],[79.855,12.005],[79.84,12.015],[79.85,12.05],[79.875,12.045]],[[79.695,12.035],[79.705,12.01],[79.695,11.99],[79.67,12.01],[79.695,12.035]],[[79.64,11.985],[79.645,11.955],[79.67,11.935],[79.655,11.91],[79.625,11.905],[79.62,11.925],[79.64,11.985]],[[79.615,11.885],[79.64,11.885],[79.655,11.85],[79.625,11.855],[79.615,11.885]]]]},"properties":{"ST_NM":"Tamil Nadu"}},
{"type":"Feature","geometry":{"type":"MultiPolygon","coordinates":[[[[79.395,25.03],[79.425,25.045],[79.39,25.09],[79.375,25.045],[79.395,25.03]]],[[[80.065,28.835],[80.07,28.805],[80.03,28.75],[79.955,28.725],[79.925,28.775],[79.875,28.795],[79.89,28.835],[79.865,28.84],[79.84,28.8],[79.825,28.805],[79.845,28.875],[79.8,28.89],[79.79,28.875],[79.75,28.87],[79.705,28.84],[79.655,28.87],[79.62,28.865],[79.585,28.845],[79.585,28.88],[79.555,28.9],[79.535,28.87],[79.495,28.875],[79.475,28.865],[79.425,28.865],[79.43,28.915],[79.41,28.95],[79.39,28.945],[79.37,28.985],[79.355,28.97],[79.31,28.975],[79.26,28.99],[79.245,29.01],[79.205,29.02],[79.18,29.015],[79.17,29.045],[79.145,29.065],[79.155,29.115],[79.12,29.125],[79.075,29.15],[79.035,29.155],[79.015,29.135],[78.98,29.145],[78.955,29.12],[78.935,29.13],[78.91,29.165],[78.91,29.175],[78.875,29.225],[78.84,29.24],[78.82,29.23],[78.79,29.25],[78.765,29.28],[78.735,29.295],[78.755,29.33],[78.795,29.325],[78.82,29.36],[78.84,29.345],[78.87,29.36],[78.91,29.395],[78.925,29.435],[78.88,29.445],[78.81,29.465],[78.8,29.465],[78.745,29.5],[78.71,29.5],[78.65,29.545],[78.62,29.56],[78.565,29.6],[78.52,29.66],[78.515,29.72],[78.505,29.73],[78.445,29.75],[78.425,29.765],[78.375,29.775],[78.335,29.795],[78.295,29.76],[78.245,29.735],[78.205,29.735],[78.195,29.695],[78.18,29.695],[78.13,29.655],[78.055,29.63],[78.02,29.6],[77.965,29.58],[77.935,29.6],[77.95,29.615],[77.975,29.615],[77.985,29.64],[77.97,29.67],[77.95,29.68],[77.925,29.715],[77.91,29.695],[77.88,29.7],[77.83,29.67],[77.8,29.685],[77.81,29.7],[77.77,29.72],[77.78,29.765],[77.775,29.79],[77.755,29.805],[77.74,29.85],[77.725,29.855],[77.715,29.89],[77.745,29.91],[77.73,29.93],[77.745,29.985],[77.785,30.03],[77.77,30.045],[77.8,30.095],[77.83,30.085],[77.865,30.12],[77.88,30.145],[77.91,30.185],[77.92,30.21],[77.945,30.235],[77.935,30.25],[77.885,30.265],[77.845,30.27],[77.765,30.315],[77.72,30.33],[77.675,30.39],[77.635,30.4],[77.585,30.405],[77.575,30.395],[77.585,30.38],[77.605,30.37],[77.58,30.33],[77.585,30.315],[77.545,30.28],[77.475,30.18],[77.455,30.165],[77.43,30.165],[77.425,30.13],[77.405,30.09],[77.385,30.095],[77.335,30.055],[77.295,30.055],[77.28,30.03],[77.275,29.995],[77.245,29.975],[77.22,29.925],[77.185,29.91],[77.2,29.89],[77.195,29.86],[77.18,29.84],[77.18,29.815],[77.125,29.77],[77.135,29.745],[77.135,29.72],[77.155,29.7],[77.13,29.64],[77.105,29.63],[77.115,29.61],[77.105,29.57],[77.11,29.55],[77.095,29.52],[77.135,29.485],[77.125,29.455],[77.145,29.445],[77.135,29.42],[77.135,29.395],[77.125,29.37],[77.135,29.34],[77.16,29.33],[77.14,29.265],[77.15,29.235],[77.135,29.22],[77.145,29.18],[77.135,29.14],[77.15,29.115],[77.135,29.095],[77.165,29.075],[77.17,29.035],[77.19,29.03],[77.2,28.985],[77.195,28.94],[77.235,28.92],[77.23,28.88],[77.21,28.86],[77.225,28.825],[77.2,28.8],[77.235,28.76],[77.26,28.75],[77.305,28.715],[77.325,28.71],[77.315,28.64],[77.345,28.62],[77.335,28.6],[77.315,28.595],[77.295,28.565],[77.345,28.515],[77.37,28.5],[77.375,28.475],[77.435,28.455],[77.435,28.43],[77.48,28.42],[77.48,28.4],[77.505,28.365],[77.47,28.335],[77.505,28.305],[77.49,28.27],[77.495,28.25],[77.52,28.24],[77.515,28.195],[77.55,28.175],[77.495,28.14],[77.51,28.125],[77.475,28.085],[77.5,28.06],[77.51,28.035],[77.54,27.98],[77.545,27.955],[77.53,27.925],[77.49,27.94],[77.475,27.93],[77.48,27.9],[77.45,27.87],[77.42,27.89],[77.415,27.85],[77.35,27.855],[77.33,27.83],[77.285,27.8],[77.31,27.775],[77.32,27.735],[77.305,27.71],[77.34,27.705],[77.355,27.65],[77.315,27.605],[77.335,27.59],[77.34,27.525],[77.4,27.5],[77.4,27.475],[77.435,27.46],[77.42,27.42],[77.44,27.39],[77.505,27.375],[77.55,27.335],[77.58,27.33],[77.615,27.33],[77.625,27.315],[77.615,27.285],[77.625,27.26],[77.655,27.235],[77.645,27.215],[77.68,27.195],[77.66,27.17],[77.62,27.17],[77.605,27.125],[77.54,27.1],[77.525,27.08],[77.575,27.07],[77.575,27.05],[77.6,27.025],[77.64,27.025],[77.665,27.015],[77.69,27.025],[77.71,26.995],[77.735,27.025],[77.76,27],[77.745,26.985],[77.72,26.99],[77.7,26.975],[77.66,26.97],[77.585,26.925],[77.555,26.92],[77.49,26.9],[77.46,26.875],[77.425,26.86],[77.42,26.84],[77.4,26.83],[77.435,26.785],[77.485,26.75],[77.505,26.77],[77.485,26.79],[77.5,26.815],[77.555,26.82],[77.61,26.83],[77.675,26.86],[77.685,26.875],[77.725,26.875],[77.72,26.895],[77.73,26.92],[77.755,26.915],[77.775,26.93],[77.88,26.9],[77.91,26.905],[77.97,26.905],[77.985,26.89],[78.02,26.9],[78.03,26.865],[78.05,26.88],[78.055,26.905],[78.11,26.905],[78.125,26.95],[78.17,26.95],[78.21,26.93],[78.22,26.945],[78.255,26.935],[78.27,26.92],[78.235,26.875],[78.21,26.87],[78.225,26.83],[78.27,26.815],[78.275,26.84],[78.305,26.865],[78.36,26.87],[78.395,26.815],[78.425,26.825],[78.46,26.79],[78.52,26.78],[78.58,26.75],[78.615,26.75],[78.63,26.775],[78.675,26.765],[78.68,26.785],[78.72,26.795],[78.77,26.77],[78.815,26.76],[78.87,26.7],[78.915,26.705],[78.955,26.69],[78.945,26.66],[78.995,26.675],[79.01,26.67],[78.995,26.64],[79.015,26.6],[78.99,26.595],[79.02,26.54],[79.07,26.495],[79.07,26.48],[79.055,26.455],[79.07,26.44],[79.1,26.455],[79.13,26.44],[79.125,26.41],[79.09,26.405],[79.095,26.38],[79.085,26.36],[79.12,26.35],[79.115,26.32],[79.085,26.28],[79.06,26.275],[79.065,26.23],[79.025,26.22],[79.02,26.19],[78.995,26.2],[78.985,26.185],[79.005,26.17],[78.995,26.145],[78.965,26.15],[78.95,26.13],[79,26.09],[79.005,26.065],[78.95,26.025],[78.95,25.99],[78.935,25.95],[78.885,25.915],[78.89,25.88],[78.865,25.87],[78.85,25.85],[78.845,25.82],[78.83,25.795],[78.81,25.8],[78.77,25.75],[78.765,25.72],[78.8,25.705],[78.815,25.675],[78.82,25.65],[78.81,25.62],[78.74,25.595],[78.715,25.605],[78.68,25.585],[78.66,25.56],[78.6,25.57],[78.585,25.555],[78.525,25.565],[78.495,25.58],[78.455,25.55],[78.42,25.535],[78.415,25.5],[78.43,25.49],[78.37,25.44],[78.355,25.45],[78.34,25.4],[78.3,25.36],[78.33,25.35],[78.335,25.325],[78.31,25.305],[78.34,25.29],[78.375,25.26],[78.38,25.225],[78.415,25.185],[78.435,25.12],[78.41,25.13],[78.385,25.105],[78.34,25.085],[78.335,25.07],[78.345,25.025],[78.335,24.995],[78.22,24.915],[78.21,24.895],[78.17,24.88],[78.175,24.845],[78.195,24.845],[78.235,24.77],[78.225,24.755],[78.26,24.705],[78.275,24.66],[78.265,24.65],[78.275,24.62],[78.265,24.55],[78.225,24.535],[78.245,24.51],[78.245,24.485],[78.27,24.475],[78.265,24.455],[78.325,24.41],[78.34,24.405],[78.355,24.365],[78.33,24.325],[78.35,24.3],[78.395,24.27],[78.415,24.275],[78.44,24.295],[78.44,24.31],[78.48,24.34],[78.48,24.36],[78.5,24.39],[78.585,24.345],[78.605,24.315],[78.63,24.3],[78.66,24.265],[78.67,24.24],[78.705,24.225],[78.725,24.235],[78.765,24.23],[78.79,24.175],[78.81,24.18],[78.845,24.215],[78.86,24.21],[78.89,24.225],[78.885,24.25],[78.915,24.27],[78.91,24.295],[78.94,24.315],[78.965,24.345],[78.995,24.425],[78.985,24.44],[78.945,24.435],[78.94,24.45],[78.915,24.46],[78.92,24.495],[78.95,24.5],[78.935,24.56],[78.915,24.585],[78.885,24.64],[78.835,24.605],[78.785,24.59],[78.755,24.6],[78.745,24.66],[78.78,24.705],[78.77,24.76],[78.78,24.82],[78.77,24.855],[78.73,24.88],[78.71,24.88],[78.675,24.9],[78.665,24.94],[78.63,24.96],[78.645,24.985],[78.655,25.05],[78.625,25.085],[78.605,25.09],[78.605,25.145],[78.57,25.205],[78.56,25.265],[78.51,25.275],[78.505,25.29],[78.465,25.265],[78.44,25.275],[78.455,25.3],[78.475,25.29],[78.495,25.315],[78.51,25.295],[78.535,25.3],[78.54,25.36],[78.565,25.34],[78.585,25.345],[78.585,25.375],[78.61,25.415],[78.645,25.415],[78.66,25.44],[78.71,25.43],[78.675,25.4],[78.665,25.38],[78.715,25.37],[78.725,25.345],[78.775,25.355],[78.745,25.395],[78.77,25.425],[78.73,25.46],[78.735,25.485],[78.775,25.475],[78.795,25.485],[78.835,25.455],[78.865,25.465],[78.84,25.515],[78.885,25.515],[78.885,25.555],[78.915,25.545],[78.94,25.555],[78.955,25.54],[78.92,25.515],[78.945,25.485],[78.935,25.46],[78.91,25.44],[78.935,25.43],[78.96,25.44],[78.975,25.42],[78.97,25.39],[78.945,25.35],[78.9,25.36],[78.915,25.385],[78.88,25.385],[78.84,25.345],[78.82,25.305],[78.79,25.3],[78.81,25.27],[78.85,25.23],[78.865,25.28],[78.865,25.31],[78.885,25.345],[78.91,25.335],[78.96,25.345],[78.965,25.3],[78.94,25.26],[78.91,25.27],[78.9,25.245],[78.88,25.255],[78.87,25.225],[78.89,25.215],[78.87,25.19],[78.88,25.155],[78.91,25.18],[78.935,25.21],[78.97,25.215],[79.005,25.195],[79,25.23],[78.975,25.235],[78.995,25.275],[79.015,25.275],[79.02,25.24],[79.065,25.22],[79.03,25.185],[79.03,25.14],[79.05,25.135],[79.07,25.17],[79.095,25.175],[79.125,25.16],[79.115,25.14],[79.145,25.115],[79.165,25.105],[79.185,25.145],[79.205,25.125],[79.24,25.115],[79.245,25.135],[79.28,25.115],[79.315,25.135],[79.31,25.2],[79.28,25.205],[79.285,25.225],[79.345,25.215],[79.345,25.25],[79.28,25.26],[79.265,25.275],[79.27,25.305],[79.3,25.34],[79.34,25.33],[79.345,25.305],[79.435,25.255],[79.44,25.195],[79.39,25.17],[79.385,25.145],[79.405,25.105],[79.425,25.12],[79.44,25.105],[79.485,25.08],[79.525,25.095],[79.52,25.12],[79.55,25.16],[79.57,25.17],[79.61,25.13],[79.675,25.125],[79.745,25.14],[79.825,25.105],[79.865,25.14],[79.85,25.225],[79.875,25.25],[79.9,25.24],[79.935,25.245],[79.955,25.265],[80.005,25.265],[80,25.285],[80.02,25.3],[80.02,25.325],[80.035,25.34],[80.075,25.335],[80.09,25.355],[80.13,25.335],[80.17,25.375],[80.195,25.38],[80.195,25.4],[80.255,25.4],[80.265,25.425],[80.3,25.405],[80.315,25.385],[80.31,25.345],[80.32,25.335],[80.31,25.285],[80.35,25.28],[80.385,25.235],[80.41,25.22],[80.43,25.18],[80.395,25.16],[80.355,25.13],[80.375,25.115],[80.35,25.09],[80.33,25.05],[80.29,25.04],[80.3,25.015],[80.33,24.99],[80.35,25.02],[80.375,25.005],[80.395,25.065],[80.415,25.06],[80.45,25.08],[80.465,25.065],[80.435,25.03],[80.455,25.005],[80.455,24.98],[80.48,24.975],[80.5,25.005],[80.53,25],[80.545,25.03],[80.505,25.045],[80.505,25.085],[80.55,25.065],[80.57,25.085],[80.59,25.09],[80.6,25.15],[80.635,25.125],[80.615,25.095],[80.675,25.08],[80.68,25.055],[80.73,25.065],[80.74,25.055],[80.775,25.055],[80.785,25.075],[80.755,25.09],[80.725,25.095],[80.735,25.135],[80.785,25.13],[80.805,25.14],[80.825,25.12],[80.84,25.155],[80.88,25.185],[80.905,25.16],[80.87,25.115],[80.88,25.1],[80.865,25.08],[80.88,25.065],[80.85,25.045],[80.835,25.025],[80.855,25.005],[80.805,24.955],[80.81,24.925],[80.875,24.935],[80.93,24.96],[80.95,24.94],[80.995,24.93],[81.025,24.93],[81.035,24.955],[81.09,24.945],[81.095,24.92],[81.14,24.89],[81.16,24.915],[81.17,24.955],[81.215,24.935],[81.225,25],[81.265,25.05],[81.26,25.075],[81.265,25.14],[81.29,25.16],[81.355,25.165],[81.37,25.145],[81.405,25.125],[81.43,25.13],[81.445,25.115],[81.42,25.1],[81.5,25.075],[81.51,25.105],[81.485,25.115],[81.5,25.15],[81.525,25.14],[81.535,25.16],[81.52,25.185],[81.58,25.19],[81.59,25.165],[81.625,25.16],[81.605,25.135],[81.605,25.115],[81.635,25.115],[81.64,25.1],[81.605,25.08],[81.61,25.055],[81.64,25.055],[81.67,25.07],[81.71,25.035],[81.745,25.035],[81.78,25.02],[81.795,25.005],[81.835,25.015],[81.855,25.005],[81.89,24.995],[81.91,24.98],[81.91,24.94],[81.92,24.93],[81.905,24.905],[81.91,24.88],[81.935,24.87],[81.945,24.84],[81.96,24.835],[82.01,24.845],[82.1,24.815],[82.115,24.8],[82.14,24.8],[82.165,24.785],[82.185,24.795],[82.215,24.755],[82.255,24.75],[82.25,24.71],[82.235,24.67],[82.275,24.675],[82.305,24.655],[82.3,24.61],[82.33,24.62],[82.36,24.6],[82.4,24.59],[82.42,24.64],[82.405,24.685],[82.43,24.7],[82.455,24.675],[82.525,24.675],[82.54,24.65],[82.58,24.66],[82.605,24.675],[82.67,24.695],[82.7,24.67],[82.7,24.645],[82.73,24.635],[82.775,24.64],[82.78,24.61],[82.805,24.6],[82.8,24.58],[82.77,24.56],[82.75,24.56],[82.72,24.515],[82.745,24.5],[82.735,24.46],[82.715,24.38],[82.725,24.37],[82.765,24.375],[82.775,24.31],[82.755,24.26],[82.76,24.235],[82.735,24.225],[82.745,24.165],[82.73,24.135],[82.695,24.14],[82.665,24.13],[82.71,24.09],[82.735,24.08],[82.775,24.075],[82.77,24.055],[82.75,24.03],[82.75,24.01],[82.805,24.005],[82.81,23.965],[82.83,23.96],[82.86,23.94],[82.865,23.925],[82.905,23.9],[82.925,23.895],[82.955,23.87],[83.055,23.88],[83.075,23.87],[83.14,23.885],[83.155,23.905],[83.21,23.92],[83.245,24.01],[83.28,24.02],[83.28,24.05],[83.325,24.105],[83.33,24.1],[83.355,24.125],[83.36,24.155],[83.38,24.195],[83.38,24.23],[83.41,24.265],[83.405,24.29],[83.38,24.315],[83.41,24.34],[83.435,24.34],[83.45,24.37],[83.43,24.4],[83.405,24.405],[83.405,24.435],[83.385,24.46],[83.4,24.505],[83.505,24.525],[83.52,24.55],[83.53,24.58],[83.525,24.6],[83.545,24.63],[83.5,24.65],[83.52,24.68],[83.485,24.705],[83.49,24.735],[83.46,24.73],[83.43,24.77],[83.39,24.79],[83.4,24.82],[83.375,24.86],[83.365,24.91],[83.36,24.955],[83.345,24.965],[83.35,25.01],[83.32,25.015],[83.345,25.05],[83.34,25.08],[83.35,25.115],[83.365,25.125],[83.35,25.155],[83.355,25.19],[83.385,25.205],[83.41,25.23],[83.41,25.245],[83.45,25.26],[83.465,25.25],[83.485,25.28],[83.515,25.285],[83.535,25.305],[83.585,25.315],[83.61,25.33],[83.63,25.33],[83.66,25.365],[83.7,25.395],[83.74,25.41],[83.77,25.395],[83.81,25.41],[83.825,25.435],[83.81,25.45],[83.855,25.47],[83.88,25.505],[83.915,25.545],[83.955,25.57],[84.015,25.615],[84.08,25.635],[84.085,25.65],[84.075,25.695],[84.105,25.72],[84.155,25.725],[84.2,25.7],[84.205,25.67],[84.225,25.66],[84.295,25.66],[84.325,25.67],[84.33,25.73],[84.335,25.745],[84.375,25.74],[84.4,25.73],[84.405,25.7],[84.43,25.71],[84.46,25.71],[84.47,25.685],[84.495,25.69],[84.52,25.675],[84.535,25.69],[84.56,25.685],[84.56,25.735],[84.61,25.755],[84.625,25.79],[84.58,25.825],[84.55,25.84],[84.53,25.83],[84.535,25.875],[84.51,25.87],[84.43,25.89],[84.41,25.93],[84.355,25.96],[84.31,25.945],[84.245,25.975],[84.205,26],[84.175,25.995],[84.175,26.025],[84.14,26.05],[84.12,26.075],[84.09,26.1],[84.055,26.1],[84.05,26.13],[84.03,26.14],[84.035,26.16],[84.01,26.175],[84.025,26.195],[84.025,26.24],[84.06,26.225],[84.115,26.24],[84.175,26.265],[84.175,26.29],[84.185,26.315],[84.175,26.335],[84.175,26.375],[84.12,26.385],[84.07,26.39],[84.025,26.43],[83.945,26.44],[83.91,26.45],[83.915,26.505],[83.94,26.525],[83.97,26.51],[83.975,26.53],[84.005,26.525],[84.05,26.535],[84.065,26.575],[84.085,26.59],[84.09,26.635],[84.16,26.635],[84.17,26.625],[84.2,26.625],[84.285,26.6],[84.355,26.62],[84.42,26.625],[84.41,26.67],[84.33,26.685],[84.325,26.715],[84.305,26.75],[84.285,26.75],[84.255,26.725],[84.235,26.755],[84.25,26.77],[84.26,26.805],[84.255,26.855],[84.22,26.87],[84.19,26.86],[84.18,26.835],[84.14,26.855],[84.145,26.88],[84.13,26.895],[84.08,26.88],[84.05,26.905],[84.045,26.93],[84.055,26.99],[84.045,27.015],[84.05,27.035],[84.005,27.06],[84.03,27.085],[84.015,27.105],[83.965,27.085],[83.945,27.11],[83.98,27.165],[83.985,27.2],[83.955,27.235],[83.91,27.245],[83.905,27.27],[83.93,27.29],[83.925,27.32],[83.905,27.325],[83.87,27.305],[83.835,27.32],[83.865,27.345],[83.83,27.37],[83.615,27.47],[83.41,27.48],[83.385,27.435],[83.405,27.42],[83.39,27.375],[83.36,27.345],[83.34,27.335],[83.295,27.335],[83.265,27.365],[83.27,27.385],[83.21,27.425],[83.19,27.455],[83.16,27.455],[83.035,27.45],[82.97,27.465],[82.945,27.475],[82.93,27.5],[82.88,27.5],[82.835,27.5],[82.8,27.495],[82.735,27.505],[82.75,27.525],[82.74,27.55],[82.755,27.585],[82.735,27.61],[82.74,27.64],[82.715,27.675],[82.71,27.715],[82.665,27.715],[82.62,27.7],[82.605,27.705],[82.54,27.685],[82.515,27.69],[82.475,27.675],[82.45,27.68],[82.4,27.705],[82.37,27.745],[82.305,27.775],[82.21,27.845],[82.155,27.865],[82.12,27.865],[82.07,27.925],[81.97,27.93],[81.925,27.875],[81.9,27.855],[81.835,27.9],[81.805,27.905],[81.7,27.99],[81.645,27.995],[81.55,28.045],[81.48,28.085],[81.485,28.12],[81.45,28.14],[81.445,28.16],[81.415,28.175],[81.39,28.175],[81.365,28.14],[81.32,28.145],[81.32,28.195],[81.29,28.225],[81.235,28.29],[81.235,28.325],[81.21,28.36],[81.125,28.375],[81.08,28.39],[81.05,28.405],[81.015,28.415],[81,28.45],[80.98,28.435],[80.945,28.455],[80.905,28.465],[80.91,28.5],[80.875,28.51],[80.845,28.5],[80.815,28.52],[80.785,28.53],[80.77,28.565],[80.74,28.575],[80.715,28.57],[80.675,28.605],[80.665,28.64],[80.65,28.635],[80.61,28.64],[80.58,28.66],[80.59,28.68],[80.54,28.69],[80.505,28.665],[80.525,28.555],[80.47,28.59],[80.46,28.62],[80.415,28.64],[80.375,28.63],[80.325,28.665],[80.32,28.7],[80.275,28.71],[80.255,28.73],[80.25,28.755],[80.215,28.755],[80.17,28.78],[80.12,28.83],[80.075,28.825],[80.065,28.835]]]]},"properties":{"ST_NM":"Uttar Pradesh"}},
{"type":"Feature","geometry":{"type":"MultiPolygon","coordinates":[[[[88.235,21.485],[88.245,21.495],[88.225,21.54],[88.205,21.525],[88.21,21.5],[88.235,21.485]]],[[[88.1,21.97],[88.135,22.005],[88.1,22],[88.1,21.97]]],[[[88.775,21.945],[88.73,21.98],[88.725,21.95],[88.745,21.93],[88.775,21.945]]],[[[88.04,21.58],[88.02,21.595],[88,21.555],[87.99,21.515],[88.04,21.55],[88.04,21.58]]],[[[88.52,21.585],[88.495,21.595],[88.49,21.55],[88.53,21.53],[88.545,21.54],[88.52,21.585]]],[[[88.36,21.805],[88.35,21.855],[88.315,21.855],[88.305,21.83],[88.27,21.815],[88.26,21.8],[88.295,21.785],[88.325,21.785],[88.335,21.8],[88.36,21.805]]],[[[87.95,21.59],[87.99,21.63],[87.985,21.665],[87.965,21.645],[87.95,21.61],[87.95,21.59]]],[[[89.005,21.66],[89.015,21.69],[88.995,21.69],[89.005,21.66]]],[[[88.84,21.605],[88.83,21.56],[88.865,21.535],[88.895,21.54],[88.905,21.56],[88.88,21.59],[88.84,21.605]]],[[[88.775,21.635],[88.77,21.65],[88.715,21.63],[88.705,21.6],[88.73,21.57],[88.765,21.565],[88.795,21.595],[88.775,21.635]]],[[[88.585,21.6],[88.565,21.625],[88.52,21.65],[88.515,21.6],[88.54,21.59],[88.55,21.565],[88.575,21.57],[88.585,21.6]]],[[[88.205,21.67],[88.18,21.67],[88.205,21.605],[88.225,21.635],[88.225,21.665],[88.205,21.67]]],[[[88.605,21.615],[88.605,21.635],[88.58,21.665],[88.56,21.64],[88.605,21.615]]],[[[88.32,21.605],[88.345,21.63],[88.35,21.685],[88.31,21.705],[88.315,21.655],[88.305,21.625],[88.32,21.605]]],[[[88.405,21.735],[88.4,21.705],[88.385,21.68],[88.385,21.65],[88.405,21.605],[88.43,21.625],[88.41,21.65],[88.42,21.705],[88.405,21.735]]],[[[88.54,21.7],[88.52,21.705],[88.53,21.655],[88.545,21.64],[88.565,21.67],[88.56,21.7],[88.54,21.7]]],[[[88.965,21.74],[88.95,21.755],[88.93,21.745],[88.93,21.715],[88.945,21.705],[88.965,21.655],[88.995,21.63],[88.995,21.6],[89.025,21.615],[89.01,21.655],[88.985,21.665],[88.985,21.69],[88.965,21.72],[88.965,21.74]]],[[[88.92,21.63],[88.94,21.685],[88.935,21.7],[88.905,21.73],[88.88,21.74],[88.865,21.705],[88.89,21.65],[88.92,21.63]]],[[[89.015,21.78],[88.995,21.785],[88.955,21.765],[88.975,21.73],[89.01,21.715],[89.02,21.69],[89.015,21.665],[89.025,21.635],[89.04,21.61],[89.075,21.61],[89.095,21.64],[89.085,21.67],[89.07,21.675],[89.075,21.705],[89.055,21.735],[89.025,21.76],[89.015,21.78]]],[[[88.84,21.765],[88.79,21.74],[88.78,21.72],[88.82,21.705],[88.82,21.665],[88.805,21.635],[88.835,21.62],[88.855,21.655],[88.84,21.695],[88.84,21.72],[88.86,21.75],[88.84,21.765]]],[[[88.45,21.79],[88.425,21.76],[88.43,21.695],[88.42,21.69],[88.42,21.655],[88.455,21.61],[88.47,21.675],[88.45,21.72],[88.46,21.78],[88.45,21.79]]],[[[88.125,21.675],[88.135,21.7],[88.12,21.74],[88.13,21.755],[88.105,21.785],[88.08,21.78],[88.075,21.755],[88.035,21.69],[88.045,21.645],[88.12,21.625],[88.145,21.645],[88.125,21.675]]],[[[88.37,21.72],[88.34,21.705],[88.365,21.685],[88.39,21.705],[88.37,21.72]]],[[[88.555,21.76],[88.57,21.79],[88.555,21.81],[88.52,21.79],[88.51,21.745],[88.52,21.725],[88.55,21.71],[88.565,21.71],[88.565,21.7],[88.585,21.69],[88.59,21.66],[88.605,21.675],[88.575,21.725],[88.575,21.75],[88.555,21.76]]],[[[88.895,21.785],[88.88,21.805],[88.87,21.855],[88.845,21.86],[88.845,21.81],[88.835,21.79],[88.865,21.78],[88.895,21.785]]],[[[88.775,21.87],[88.745,21.895],[88.715,21.9],[88.695,21.86],[88.71,21.81],[88.695,21.74],[88.71,21.695],[88.745,21.66],[88.765,21.665],[88.805,21.655],[88.805,21.7],[88.755,21.705],[88.78,21.74],[88.78,21.77],[88.795,21.8],[88.815,21.825],[88.82,21.87],[88.775,21.87]]],[[[88.82,21.765],[88.83,21.81],[88.82,21.82],[88.785,21.775],[88.79,21.755],[88.82,21.765]]],[[[88.615,21.785],[88.595,21.785],[88.595,21.755],[88.63,21.735],[88.625,21.775],[88.615,21.785]]],[[[88.425,21.8],[88.4,21.795],[88.38,21.78],[88.405,21.74],[88.44,21.79],[88.425,21.8]]],[[[88.355,21.795],[88.3,21.775],[88.31,21.735],[88.345,21.73],[88.34,21.76],[88.37,21.77],[88.355,21.795]]],[[[88.135,21.875],[88.105,21.845],[88.085,21.795],[88.11,21.79],[88.14,21.755],[88.13,21.73],[88.15,21.68],[88.17,21.74],[88.165,21.765],[88.165,21.825],[88.135,21.875]]],[[[88.98,21.895],[88.975,21.87],[88.95,21.845],[88.955,21.83],[88.995,21.815],[89.03,21.83],[89.025,21.865],[88.98,21.895]]],[[[88.61,21.8],[88.615,21.825],[88.59,21.85],[88.575,21.815],[88.61,21.8]]],[[[88.63,21.87],[88.62,21.895],[88.6,21.855],[88.615,21.835],[88.615,21.815],[88.64,21.79],[88.65,21.87],[88.63,21.87]]],[[[88.945,21.915],[88.915,21.935],[88.895,21.915],[88.85,21.915],[88.865,21.86],[88.875,21.85],[88.89,21.8],[88.9,21.79],[88.9,21.76],[88.93,21.77],[88.945,21.8],[88.945,21.85],[88.965,21.87],[88.97,21.91],[88.945,21.915]]],[[[88.84,21.88],[88.815,21.9],[88.805,21.88],[88.84,21.88]]],[[[88.64,21.92],[88.625,21.9],[88.65,21.88],[88.665,21.915],[88.64,21.92]]],[[[88.49,21.85],[88.475,21.89],[88.445,21.905],[88.42,21.9],[88.4,21.88],[88.395,21.825],[88.445,21.81],[88.455,21.825],[88.49,21.85]]],[[[88.735,21.925],[88.765,21.88],[88.795,21.88],[88.81,21.915],[88.765,21.93],[88.735,21.925]]],[[[88.745,27.14],[88.715,27.14],[88.705,27.165],[88.68,27.175],[88.655,27.16],[88.59,27.19],[88.54,27.18],[88.53,27.15],[88.465,27.11],[88.455,27.085],[88.43,27.08],[88.38,27.095],[88.355,27.095],[88.315,27.125],[88.28,27.13],[88.23,27.12],[88.215,27.13],[88.18,27.135],[88.155,27.11],[88.095,27.135],[88.08,27.175],[88.08,27.2],[88.065,27.215],[88.03,27.22],[88.015,27.21],[88.01,27.14],[87.995,27.13],[88.04,27.035],[88.08,27.035],[88.09,27.005],[88.135,26.98],[88.12,26.95],[88.145,26.915],[88.14,26.895],[88.17,26.865],[88.165,26.85],[88.185,26.775],[88.18,26.72],[88.165,26.7],[88.165,26.645],[88.13,26.6],[88.13,26.575],[88.105,26.55],[88.135,26.525],[88.165,26.535],[88.19,26.56],[88.235,26.545],[88.18,26.51],[88.2,26.485],[88.225,26.48],[88.26,26.42],[88.235,26.39],[88.25,26.375],[88.28,26.375],[88.285,26.33],[88.26,26.33],[88.255,26.33],[88.25,26.31],[88.23,26.285],[88.155,26.255],[88.09,26.2],[88.075,26.175],[88.035,26.18],[88.015,26.15],[87.98,26.145],[87.985,26.1],[87.975,26.075],[87.95,26.06],[87.93,26.08],[87.905,26.075],[87.88,26.04],[87.855,26.025],[87.845,25.96],[87.81,25.93],[87.83,25.87],[87.89,25.865],[87.915,25.85],[87.895,25.835],[87.905,25.82],[87.91,25.78],[87.945,25.77],[87.97,25.725],[88.05,25.7],[88.05,25.665],[88.02,25.595],[88.03,25.555],[88.05,25.55],[88.07,25.515],[88.065,25.49],[88.03,25.49],[88.015,25.515],[87.995,25.515],[87.965,25.535],[87.925,25.54],[87.905,25.505],[87.865,25.495],[87.865,25.475],[87.83,25.46],[87.825,25.435],[87.785,25.45],[87.765,25.385],[87.79,25.375],[87.785,25.34],[87.85,25.295],[87.845,25.265],[87.82,25.245],[87.765,25.265],[87.71,25.26],[87.78,25.25],[87.775,25.205],[87.78,25.18],[87.78,25.145],[87.8,25.115],[87.795,25.09],[87.875,25.035],[87.895,25.01],[87.94,24.99],[87.96,24.97],[87.96,24.925],[87.95,24.91],[87.915,24.885],[87.89,24.855],[87.895,24.83],[87.875,24.82],[87.88,24.8],[87.87,24.775],[87.845,24.77],[87.82,24.755],[87.86,24.735],[87.91,24.72],[87.89,24.675],[87.915,24.665],[87.905,24.63],[87.915,24.595],[87.89,24.565],[87.83,24.56],[87.8,24.565],[87.805,24.51],[87.815,24.49],[87.79,24.415],[87.8,24.38],[87.765,24.34],[87.76,24.31],[87.73,24.29],[87.725,24.29],[87.7,24.265],[87.655,24.24],[87.64,24.215],[87.675,24.21],[87.7,24.185],[87.695,24.15],[87.675,24.14],[87.615,24.165],[87.58,24.155],[87.61,24.135],[87.575,24.11],[87.56,24.08],[87.53,24.105],[87.5,24.115],[87.49,24.09],[87.495,24.055],[87.51,24.03],[87.475,24.01],[87.44,23.98],[87.36,24.015],[87.33,24],[87.335,24.035],[87.29,24.03],[87.25,24.045],[87.235,24.03],[87.25,24],[87.27,23.99],[87.26,23.965],[87.29,23.96],[87.285,23.94],[87.295,23.9],[87.27,23.875],[87.245,23.905],[87.245,23.86],[87.255,23.845],[87.24,23.825],[87.215,23.83],[87.215,23.85],[87.19,23.85],[87.165,23.865],[87.13,23.855],[87.165,23.825],[87.15,23.8],[87.12,23.8],[87.055,23.825],[87.01,23.855],[86.965,23.865],[86.935,23.85],[86.915,23.885],[86.885,23.865],[86.895,23.825],[86.865,23.845],[86.855,23.825],[86.805,23.8],[86.825,23.78],[86.83,23.755],[86.81,23.745],[86.8,23.69],[86.745,23.68],[86.72,23.7],[86.66,23.685],[86.6,23.665],[86.575,23.65],[86.525,23.63],[86.49,23.64],[86.455,23.625],[86.455,23.62],[86.45,23.6],[86.365,23.54],[86.37,23.485],[86.36,23.45],[86.345,23.44],[86.335,23.445],[86.31,23.41],[86.29,23.43],[86.26,23.42],[86.23,23.43],[86.23,23.445],[86.16,23.47],[86.15,23.48],[86.16,23.51],[86.15,23.525],[86.16,23.56],[86.11,23.57],[86.095,23.565],[86.04,23.585],[86.015,23.55],[86.04,23.515],[86.025,23.485],[85.95,23.47],[85.91,23.485],[85.875,23.48],[85.865,23.43],[85.89,23.395],[85.87,23.39],[85.875,23.36],[85.87,23.33],[85.84,23.305],[85.82,23.27],[85.84,23.245],[85.835,23.22],[85.865,23.22],[85.885,23.195],[85.88,23.17],[85.895,23.155],[85.95,23.15],[85.96,23.16],[85.995,23.15],[86.035,23.145],[86.055,23.125],[86.05,23.105],[86.1,23.085],[86.125,23.085],[86.155,23.035],[86.185,23.005],[86.225,22.995],[86.265,23],[86.295,23.015],[86.34,22.99],[86.37,23],[86.395,22.98],[86.425,22.995],[86.465,22.99],[86.5,22.995],[86.52,22.97],[86.525,22.945],[86.48,22.945],[86.435,22.925],[86.465,22.895],[86.45,22.86],[86.435,22.855],[86.435,22.83],[86.42,22.79],[86.43,22.775],[86.47,22.755],[86.505,22.715],[86.545,22.72],[86.585,22.69],[86.62,22.68],[86.64,22.66],[86.635,22.61],[86.66,22.575],[86.71,22.585],[86.765,22.575],[86.8,22.5],[86.795,22.48],[86.75,22.485],[86.75,22.455],[86.765,22.425],[86.815,22.42],[86.845,22.4],[86.835,22.325],[86.89,22.295],[86.885,22.26],[86.825,22.265],[86.8,22.22],[86.78,22.235],[86.755,22.21],[86.725,22.215],[86.72,22.18],[86.72,22.145],[86.805,22.15],[86.81,22.12],[86.85,22.105],[86.905,22.09],[86.96,22.09],[86.995,22.055],[87.03,22.04],[87.03,21.985],[87.01,21.95],[87,21.915],[87.04,21.865],[87.1,21.865],[87.095,21.915],[87.135,21.925],[87.165,21.94],[87.165,21.97],[87.195,21.96],[87.235,21.955],[87.255,21.925],[87.24,21.9],[87.245,21.86],[87.265,21.84],[87.275,21.805],[87.31,21.795],[87.345,21.79],[87.375,21.77],[87.445,21.77],[87.47,21.705],[87.47,21.665],[87.485,21.61],[87.535,21.62],[87.595,21.635],[87.67,21.65],[87.805,21.71],[87.85,21.74],[87.88,21.785],[87.95,21.825],[87.985,21.87],[88.01,21.925],[88.02,21.955],[88.06,22.02],[88.1,22.03],[88.165,22.08],[88.185,22.105],[88.17,22.15],[88.135,22.185],[88.1,22.19],[88.075,22.185],[88.045,22.205],[88.015,22.205],[87.99,22.225],[88.005,22.24],[88.035,22.22],[88.065,22.24],[88.065,22.21],[88.105,22.215],[88.19,22.18],[88.22,22.105],[88.22,22.075],[88.215,22.04],[88.19,21.995],[88.145,21.96],[88.165,21.945],[88.17,21.91],[88.165,21.885],[88.19,21.85],[88.21,21.785],[88.21,21.725],[88.22,21.7],[88.205,21.685],[88.23,21.67],[88.235,21.645],[88.22,21.61],[88.23,21.58],[88.255,21.555],[88.285,21.565],[88.3,21.585],[88.285,21.61],[88.3,21.68],[88.275,21.72],[88.28,21.755],[88.255,21.8],[88.26,21.815],[88.295,21.835],[88.305,21.86],[88.355,21.87],[88.365,21.805],[88.385,21.81],[88.38,21.845],[88.385,21.87],[88.41,21.905],[88.43,21.91],[88.46,21.93],[88.455,21.905],[88.47,21.9],[88.505,21.905],[88.5,21.875],[88.52,21.855],[88.54,21.86],[88.545,21.905],[88.58,21.89],[88.605,21.92],[88.6,21.98],[88.635,22.045],[88.655,22.025],[88.635,21.995],[88.635,21.955],[88.695,21.955],[88.705,21.99],[88.74,22.015],[88.74,22.035],[88.7,22.055],[88.705,22.07],[88.74,22.055],[88.76,22.03],[88.755,21.98],[88.765,21.955],[88.825,21.94],[88.845,21.925],[88.9,21.93],[88.915,21.99],[88.945,21.995],[88.93,21.965],[88.935,21.945],[89.01,21.905],[89.015,21.92],[89.065,21.94],[89.075,22.03],[89.055,22.045],[89.04,22.09],[89.05,22.115],[89.095,22.15],[89.07,22.155],[89.07,22.195],[89.04,22.235],[89.035,22.26],[88.995,22.285],[89.025,22.3],[88.985,22.33],[88.99,22.39],[88.975,22.41],[89,22.43],[88.99,22.445],[88.995,22.47],[88.975,22.5],[88.96,22.55],[88.94,22.585],[88.96,22.61],[88.93,22.635],[88.96,22.7],[88.925,22.72],[88.91,22.76],[88.925,22.78],[88.96,22.795],[88.97,22.845],[88.95,22.875],[88.91,22.88],[88.89,22.93],[88.895,22.955],[88.87,22.975],[88.865,23.005],[88.88,23.025],[88.87,23.1],[88.89,23.11],[88.93,23.145],[88.935,23.17],[88.98,23.195],[88.975,23.225],[88.94,23.205],[88.91,23.235],[88.845,23.23],[88.81,23.255],[88.805,23.22],[88.78,23.22],[88.72,23.255],[88.71,23.29],[88.745,23.31],[88.74,23.345],[88.765,23.37],[88.75,23.4],[88.765,23.45],[88.785,23.47],[88.775,23.5],[88.755,23.48],[88.655,23.555],[88.65,23.585],[88.6,23.605],[88.595,23.64],[88.56,23.65],[88.575,23.675],[88.57,23.69],[88.57,23.78],[88.6,23.815],[88.585,23.83],[88.6,23.87],[88.62,23.875],[88.655,23.865],[88.705,23.915],[88.735,23.915],[88.74,23.985],[88.73,24],[88.745,24.035],[88.725,24.07],[88.725,24.105],[88.71,24.12],[88.745,24.15],[88.73,24.17],[88.74,24.255],[88.725,24.295],[88.685,24.325],[88.65,24.31],[88.59,24.315],[88.56,24.31],[88.495,24.33],[88.48,24.35],[88.425,24.375],[88.385,24.395],[88.34,24.44],[88.275,24.46],[88.245,24.46],[88.14,24.505],[88.125,24.515],[88.105,24.555],[88.11,24.575],[88.075,24.63],[88.05,24.655],[88.05,24.67],[88.025,24.69],[88.06,24.72],[88.065,24.75],[88.09,24.785],[88.105,24.78],[88.11,24.815],[88.165,24.85],[88.155,24.905],[88.14,24.915],[88.17,24.95],[88.22,24.96],[88.25,24.935],[88.265,24.89],[88.31,24.885],[88.33,24.87],[88.345,24.9],[88.325,24.915],[88.34,24.94],[88.38,24.94],[88.4,24.95],[88.4,24.975],[88.45,25.04],[88.435,25.055],[88.45,25.085],[88.44,25.115],[88.46,25.14],[88.445,25.175],[88.445,25.2],[88.475,25.21],[88.56,25.19],[88.58,25.175],[88.62,25.205],[88.675,25.2],[88.715,25.205],[88.8,25.17],[88.815,25.175],[88.83,25.205],[88.865,25.2],[88.915,25.175],[88.95,25.18],[88.945,25.205],[88.96,25.225],[88.955,25.255],[89.005,25.27],[89.01,25.295],[88.975,25.305],[88.945,25.3],[88.915,25.31],[88.905,25.335],[88.865,25.34],[88.84,25.365],[88.835,25.43],[88.84,25.455],[88.83,25.49],[88.815,25.49],[88.8,25.525],[88.745,25.505],[88.71,25.5],[88.7,25.47],[88.645,25.48],[88.61,25.515],[88.59,25.51],[88.555,25.515],[88.495,25.56],[88.5,25.585],[88.47,25.585],[88.445,25.615],[88.455,25.625],[88.455,25.665],[88.405,25.67],[88.39,25.695],[88.37,25.7],[88.355,25.72],[88.315,25.755],[88.27,25.78],[88.27,25.81],[88.24,25.81],[88.2,25.79],[88.185,25.8],[88.15,25.775],[88.145,25.795],[88.115,25.805],[88.1,25.83],[88.115,25.855],[88.095,25.875],[88.085,25.915],[88.11,25.935],[88.115,25.96],[88.15,26.02],[88.175,26.02],[88.17,26.045],[88.185,26.065],[88.16,26.095],[88.175,26.115],[88.175,26.15],[88.23,26.175],[88.24,26.19],[88.275,26.19],[88.29,26.205],[88.32,26.205],[88.35,26.22],[88.35,26.28],[88.41,26.34],[88.435,26.335],[88.445,26.36],[88.5,26.36],[88.51,26.405],[88.495,26.44],[88.46,26.465],[88.415,26.47],[88.375,26.49],[88.355,26.45],[88.33,26.485],[88.35,26.51],[88.375,26.595],[88.41,26.63],[88.43,26.545],[88.455,26.535],[88.485,26.54],[88.49,26.51],[88.52,26.51],[88.53,26.48],[88.555,26.475],[88.565,26.455],[88.595,26.45],[88.62,26.47],[88.63,26.44],[88.68,26.39],[88.7,26.33],[88.745,26.345],[88.725,26.31],[88.69,26.31],[88.665,26.29],[88.67,26.26],[88.7,26.275],[88.795,26.31],[88.815,26.295],[88.815,26.255],[88.84,26.23],[88.86,26.25],[88.875,26.285],[88.925,26.285],[88.955,26.24],[89.045,26.24],[89.065,26.26],[89.005,26.305],[88.985,26.31],[88.985,26.33],[88.975,26.35],[88.91,26.37],[88.925,26.405],[88.945,26.425],[88.955,26.46],[88.985,26.445],[88.985,26.42],[89.005,26.42],[89.04,26.4],[89.09,26.39],[89.09,26.365],[89.1,26.335],[89.125,26.315],[89.125,26.295],[89.105,26.275],[89.14,26.235],[89.135,26.19],[89.155,26.14],[89.19,26.125],[89.22,26.125],[89.25,26.095],[89.255,26.065],[89.275,26.06],[89.335,26.03],[89.355,26.01],[89.395,26.01],[89.41,26.04],[89.435,26.03],[89.43,26.01],[89.465,26],[89.495,26.005],[89.53,26.005],[89.54,25.97],[89.575,25.97],[89.59,25.98],[89.58,26.025],[89.63,26.06],[89.645,26.065],[89.63,26.115],[89.6,26.13],[89.615,26.18],[89.645,26.185],[89.635,26.225],[89.68,26.22],[89.685,26.16],[89.72,26.165],[89.715,26.245],[89.73,26.26],[89.735,26.295],[89.785,26.335],[89.78,26.355],[89.835,26.385],[89.85,26.42],[89.87,26.45],[89.85,26.525],[89.86,26.555],[89.86,26.575],[89.87,26.615],[89.85,26.63],[89.865,26.65],[89.865,26.68],[89.85,26.695],[89.8,26.71],[89.765,26.7],[89.735,26.725],[89.715,26.72],[89.67,26.735],[89.655,26.72],[89.61,26.73],[89.635,26.75],[89.64,26.775],[89.56,26.795],[89.54,26.81],[89.5,26.81],[89.485,26.8],[89.455,26.8],[89.43,26.835],[89.38,26.835],[89.37,26.855],[89.325,26.835],[89.315,26.845],[89.27,26.82],[89.255,26.81],[89.225,26.815],[89.185,26.805],[89.17,26.815],[89.13,26.805],[89.095,26.84],[89.09,26.89],[89.02,26.925],[89.02,26.935],[88.975,26.915],[88.94,26.93],[88.95,26.965],[88.915,27],[88.895,26.97],[88.87,26.965],[88.865,26.995],[88.875,27.065],[88.865,27.11],[88.815,27.12],[88.8,27.14],[88.745,27.14]]]]},"properties":{"ST_NM":"West Bengal"}},
{"type":"Feature","geometry":{"type":"Polygon","coordinates":[[[84.765,19.075],[84.695,19.125],[84.71,19.16],[84.67,19.165],[84.67,19.14],[84.655,19.13],[84.6,19.13],[84.605,19.1],[84.66,19.09],[84.65,19.07],[84.625,19.065],[84.59,19.025],[84.565,19.07],[84.495,19.03],[84.475,18.99],[84.43,18.97],[84.42,18.95],[84.435,18.935],[84.415,18.9],[84.36,18.86],[84.335,18.89],[84.325,18.875],[84.35,18.835],[84.32,18.79],[84.285,18.805],[84.265,18.785],[84.225,18.8],[84.19,18.785],[84.165,18.79],[84.09,18.76],[84.055,18.79],[84.035,18.815],[84,18.81],[83.895,18.815],[83.845,18.875],[83.845,18.915],[83.82,18.94],[83.82,18.96],[83.795,19.02],[83.745,18.995],[83.715,18.995],[83.685,19.06],[83.665,19.075],[83.65,19.125],[83.63,19.14],[83.6,19.135],[83.61,19.095],[83.585,19.085],[83.56,19.085],[83.52,19.015],[83.515,19.055],[83.465,19.09],[83.475,19.01],[83.45,19.015],[83.47,18.97],[83.44,18.975],[83.4,19.01],[83.38,19],[83.365,19.02],[83.31,19],[83.32,18.97],[83.35,18.925],[83.39,18.885],[83.415,18.875],[83.405,18.845],[83.375,18.83],[83.345,18.83],[83.28,18.795],[83.28,18.775],[83.24,18.77],[83.21,18.74],[83.175,18.77],[83.16,18.77],[83.135,18.785],[83.1,18.735],[83.07,18.705],[83.055,18.665],[83.025,18.655],[83,18.62],[83.045,18.545],[83.075,18.53],[83.055,18.485],[83.02,18.455],[83.06,18.435],[83.06,18.41],[83.055,18.38],[83.02,18.39],[82.995,18.385],[82.975,18.365],[82.94,18.36],[82.89,18.39],[82.895,18.425],[82.87,18.42],[82.815,18.45],[82.78,18.43],[82.79,18.365],[82.77,18.34],[82.715,18.325],[82.7,18.31],[82.655,18.295],[82.635,18.24],[82.595,18.265],[82.59,18.28],[82.59,18.33],[82.605,18.38],[82.56,18.4],[82.54,18.42],[82.53,18.475],[82.53,18.51],[82.505,18.515],[82.47,18.545],[82.44,18.51],[82.425,18.485],[82.4,18.465],[82.38,18.435],[82.385,18.365],[82.34,18.325],[82.36,18.32],[82.39,18.325],[82.39,18.3],[82.375,18.28],[82.345,18.28],[82.335,18.24],[82.315,18.185],[82.35,18.17],[82.335,18.13],[82.35,18.09],[82.34,18.06],[82.29,18.07],[82.27,18.06],[82.27,18.02],[82.265,17.995],[82.245,17.995],[82.205,18.015],[82.185,18.015],[82.165,18.055],[82.145,18.05],[82.145,18.055],[82.1,18.06],[82.075,18.075],[82.065,18.055],[82.035,18.07],[82.005,18.06],[81.995,18.03],[81.965,18],[81.915,17.995],[81.905,17.98],[81.84,17.96],[81.81,17.955],[81.79,17.925],[81.71,17.875],[81.685,17.885],[81.66,17.88],[81.64,17.84],[81.62,17.825],[81.575,17.84],[81.565,17.825],[81.49,17.815],[81.48,17.84],[81.42,17.815],[81.395,17.82],[81.395,17.795],[81.355,17.815],[81.265,17.81],[81.2,17.845],[81.17,17.855],[81.085,17.8],[81.095,17.76],[81.06,17.735],[81.04,17.75],[81.015,17.745],[80.985,17.755],[80.965,17.78],[80.945,17.76],[80.885,17.735],[80.895,17.705],[80.885,17.68],[80.91,17.66],[80.91,17.64],[80.865,17.635],[80.85,17.625],[80.855,17.6],[80.945,17.6],[80.97,17.6],[81,17.565],[81.015,17.52],[81.08,17.515],[81.1,17.505],[81.125,17.525],[81.16,17.485],[81.15,17.465],[81.205,17.435],[81.245,17.435],[81.27,17.42],[81.315,17.41],[81.325,17.375],[81.305,17.345],[81.275,17.315],[81.19,17.325],[81.175,17.29],[81.19,17.255],[81.17,17.23],[81.08,17.215],[81.055,17.22],[81.04,17.195],[81,17.19],[80.96,17.205],[80.94,17.22],[80.92,17.22],[80.925,17.16],[80.88,17.16],[80.87,17.07],[80.845,17.04],[80.83,17.055],[80.7,17.085],[80.665,17.07],[80.67,17.1],[80.635,17.13],[80.605,17.135],[80.58,17.155],[80.565,17.135],[80.53,17.12],[80.505,17.09],[80.505,17.07],[80.49,17.05],[80.47,17.05],[80.465,17.03],[80.44,17.04],[80.415,17.075],[80.385,17.07],[80.405,17.015],[80.39,17.01],[80.37,16.975],[80.45,16.955],[80.495,16.925],[80.5,16.955],[80.525,16.95],[80.535,16.96],[80.58,16.935],[80.6,16.92],[80.595,16.885],[80.57,16.87],[80.565,16.835],[80.605,16.8],[80.57,16.77],[80.505,16.78],[80.465,16.795],[80.465,16.815],[80.41,16.85],[80.38,16.82],[80.375,16.85],[80.34,16.86],[80.32,16.88],[80.325,16.905],[80.31,16.915],[80.315,16.95],[80.305,16.975],[80.265,16.995],[80.185,17.02],[80.155,17.005],[80.14,16.99],[80.095,16.99],[80.09,16.97],[80.055,16.97],[80.04,16.915],[80.015,16.915],[80.005,16.88],[80.015,16.855],[80.045,16.855],[80.05,16.835],[80.075,16.815],[80.055,16.765],[80.055,16.745],[80.03,16.715],[79.995,16.7],[79.965,16.645],[79.93,16.63],[79.91,16.635],[79.89,16.655],[79.885,16.685],[79.86,16.705],[79.81,16.695],[79.785,16.73],[79.745,16.72],[79.715,16.69],[79.685,16.695],[79.66,16.685],[79.635,16.66],[79.605,16.67],[79.54,16.63],[79.51,16.635],[79.44,16.615],[79.42,16.58],[79.335,16.58],[79.295,16.565],[79.26,16.565],[79.245,16.53],[79.225,16.525],[79.215,16.485],[79.235,16.46],[79.21,16.445],[79.21,16.38],[79.215,16.35],[79.235,16.335],[79.23,16.285],[79.215,16.225],[79.17,16.21],[79.145,16.215],[79.125,16.23],[79.105,16.225],[79.03,16.24],[79.01,16.24],[78.985,16.21],[78.96,16.21],[78.91,16.19],[78.905,16.175],[78.925,16.14],[78.92,16.105],[78.89,16.085],[78.875,16.135],[78.855,16.15],[78.835,16.145],[78.84,16.1],[78.835,16.07],[78.785,16.02],[78.735,16.01],[78.725,16.02],[78.68,16.035],[78.65,16.08],[78.61,16.085],[78.55,16.045],[78.48,16.065],[78.41,16.075],[78.365,16.045],[78.325,16.035],[78.305,16.01],[78.26,16.025],[78.255,15.98],[78.25,15.935],[78.185,15.91],[78.19,15.895],[78.175,15.86],[78.135,15.855],[78.135,15.835],[78.085,15.84],[78.07,15.86],[78.045,15.875],[78.045,15.905],[78.025,15.9],[78.01,15.865],[77.975,15.885],[77.94,15.885],[77.89,15.905],[77.86,15.885],[77.805,15.875],[77.77,15.885],[77.715,15.895],[77.695,15.885],[77.655,15.885],[77.615,15.92],[77.55,15.92],[77.515,15.925],[77.465,15.935],[77.435,15.95],[77.38,15.94],[77.35,15.95],[77.3,15.96],[77.285,15.955],[77.25,15.965],[77.235,15.955],[77.185,15.955],[77.105,15.93],[77.07,15.91],[77.035,15.86],[77.025,15.84],[77.065,15.83],[77.065,15.805],[77.05,15.73],[77.08,15.725],[77.08,15.695],[77.13,15.665],[77.12,15.63],[77.085,15.66],[77.07,15.645],[77.03,15.635],[77.025,15.58],[77.03,15.545],[77.03,15.5],[76.975,15.51],[76.975,15.49],[76.995,15.48],[77.01,15.45],[77.03,15.435],[77.03,15.4],[77.045,15.39],[77.045,15.355],[77.075,15.325],[77.1,15.335],[77.115,15.325],[77.12,15.295],[77.15,15.29],[77.15,15.275],[77.125,15.225],[77.155,15.215],[77.17,15.17],[77.155,15.125],[77.13,15.1],[77.13,15.07],[77.115,15.035],[77.085,15.03],[77.08,15.005],[77.045,15.01],[77.05,15.035],[77.005,15.035],[76.965,15.02],[76.95,15.03],[76.88,15.035],[76.86,15.06],[76.8,15.095],[76.785,15.09],[76.775,15.06],[76.79,15.02],[76.765,14.975],[76.84,14.965],[76.865,14.97],[76.865,14.895],[76.85,14.885],[76.85,14.81],[76.835,14.79],[76.785,14.785],[76.805,14.74],[76.775,14.685],[76.765,14.6],[76.78,14.595],[76.79,14.555],[76.805,14.535],[76.855,14.51],[76.87,14.475],[76.9,14.49],[76.975,14.485],[76.95,14.415],[76.915,14.42],[76.885,14.395],[76.885,14.35],[76.905,14.325],[76.945,14.315],[76.955,14.295],[76.925,14.275],[76.94,14.245],[76.985,14.245],[77.005,14.235],[77.05,14.245],[77.08,14.215],[77.115,14.225],[77.11,14.27],[77.13,14.305],[77.14,14.34],[77.165,14.34],[77.195,14.32],[77.245,14.315],[77.285,14.34],[77.29,14.28],[77.365,14.275],[77.36,14.235],[77.38,14.23],[77.395,14.2],[77.42,14.21],[77.405,14.265],[77.39,14.27],[77.38,14.325],[77.41,14.335],[77.445,14.32],[77.455,14.28],[77.48,14.29],[77.505,14.265],[77.495,14.225],[77.515,14.185],[77.505,14.155],[77.465,14.17],[77.395,14.175],[77.38,14.135],[77.4,14.11],[77.38,14.1],[77.36,14.06],[77.34,14.06],[77.33,14.03],[77.385,14.015],[77.38,13.99],[77.425,13.985],[77.44,13.975],[77.43,13.945],[77.415,13.925],[77.435,13.915],[77.405,13.89],[77.4,13.905],[77.355,13.905],[77.35,13.915],[77.37,13.95],[77.35,13.96],[77.36,13.99],[77.335,14],[77.32,14.03],[77.275,14.01],[77.205,14.01],[77.17,14.01],[77.14,14.005],[77.13,14.045],[77.075,14.045],[77.03,14.055],[77.02,14.155],[77.005,14.185],[76.96,14.18],[76.94,14.175],[76.895,14.17],[76.89,14.135],[76.945,14.12],[76.975,14.085],[76.97,14.06],[76.93,14.055],[76.935,14.035],[77,13.99],[76.995,13.965],[77.04,13.935],[77.045,13.905],[77.025,13.905],[77.02,13.875],[76.98,13.825],[76.995,13.75],[77.015,13.74],[77.025,13.78],[77.045,13.78],[77.065,13.745],[77.105,13.77],[77.135,13.76],[77.175,13.76],[77.18,13.78],[77.165,13.8],[77.17,13.865],[77.16,13.905],[77.19,13.91],[77.18,13.87],[77.22,13.87],[77.23,13.905],[77.25,13.9],[77.25,13.87],[77.255,13.845],[77.315,13.865],[77.325,13.835],[77.36,13.855],[77.38,13.84],[77.415,13.84],[77.415,13.81],[77.445,13.81],[77.47,13.76],[77.465,13.725],[77.45,13.71],[77.455,13.68],[77.49,13.69],[77.485,13.715],[77.515,13.715],[77.53,13.695],[77.54,13.755],[77.56,13.725],[77.57,13.74],[77.615,13.75],[77.62,13.77],[77.65,13.785],[77.705,13.77],[77.73,13.81],[77.79,13.825],[77.78,13.845],[77.81,13.85],[77.835,13.87],[77.82,13.9],[77.815,13.93],[77.895,13.94],[77.895,13.925],[77.925,13.905],[77.965,13.96],[77.99,13.955],[77.98,13.925],[77.985,13.9],[77.95,13.89],[77.955,13.83],[77.975,13.83],[77.99,13.87],[78.045,13.86],[78.05,13.895],[78.08,13.88],[78.085,13.865],[78.115,13.865],[78.125,13.83],[78.115,13.81],[78.125,13.79],[78.115,13.765],[78.09,13.74],[78.12,13.715],[78.115,13.695],[78.085,13.69],[78.065,13.675],[78.09,13.66],[78.17,13.655],[78.175,13.63],[78.205,13.63],[78.19,13.59],[78.245,13.6],[78.26,13.585],[78.325,13.595],[78.35,13.585],[78.385,13.59],[78.405,13.575],[78.38,13.525],[78.375,13.46],[78.38,13.395],[78.37,13.375],[78.41,13.345],[78.385,13.33],[78.4,13.315],[78.44,13.33],[78.48,13.3],[78.555,13.285],[78.58,13.295],[78.585,13.26],[78.57,13.25],[78.57,13.2],[78.575,13.17],[78.55,13.165],[78.515,13.13],[78.535,13.11],[78.51,13.095],[78.515,13.06],[78.46,13.045],[78.465,12.975],[78.435,12.965],[78.41,12.945],[78.44,12.93],[78.47,12.9],[78.47,12.88],[78.43,12.9],[78.38,12.915],[78.36,12.935],[78.315,12.875],[78.31,12.86],[78.25,12.86],[78.245,12.79],[78.23,12.76],[78.24,12.73],[78.23,12.715],[78.205,12.71],[78.21,12.685],[78.24,12.685],[78.24,12.705],[78.275,12.7],[78.295,12.67],[78.38,12.625],[78.47,12.63],[78.47,12.675],[78.505,12.68],[78.505,12.725],[78.555,12.7],[78.565,12.74],[78.555,12.755],[78.59,12.785],[78.61,12.82],[78.6,12.85],[78.635,12.93],[78.655,12.93],[78.62,12.99],[78.655,13.015],[78.655,13.03],[78.705,13.015],[78.715,13.07],[78.75,13.055],[78.79,13.065],[78.815,13.09],[78.84,13.08],[78.88,13.1],[78.905,13.045],[78.925,13.08],[78.955,13.075],[78.98,13.085],[79.035,13.07],[79.065,13.055],[79.08,13.025],[79.11,13.04],[79.14,13.035],[79.165,13.02],[79.185,13.03],[79.19,13.05],[79.185,13.075],[79.235,13.105],[79.24,13.12],[79.225,13.16],[79.255,13.145],[79.275,13.155],[79.285,13.125],[79.31,13.11],[79.33,13.13],[79.365,13.13],[79.355,13.165],[79.39,13.19],[79.43,13.19],[79.455,13.215],[79.455,13.24],[79.42,13.245],[79.415,13.3],[79.395,13.3],[79.4,13.33],[79.495,13.345],[79.535,13.34],[79.54,13.27],[79.575,13.26],[79.595,13.265],[79.605,13.29],[79.63,13.27],[79.65,13.29],[79.695,13.275],[79.71,13.25],[79.735,13.235],[79.76,13.205],[79.795,13.24],[79.735,13.275],[79.77,13.315],[79.79,13.295],[79.815,13.32],[79.865,13.32],[79.87,13.33],[79.93,13.35],[79.96,13.38],[79.945,13.395],[79.94,13.425],[79.975,13.43],[79.97,13.47],[80.01,13.48],[80.025,13.515],[80.03,13.54],[80.075,13.525],[80.08,13.49],[80.145,13.5],[80.16,13.49],[80.225,13.485],[80.24,13.47],[80.265,13.565],[80.27,13.565],[80.245,13.615],[80.235,13.655],[80.235,13.705],[80.255,13.78],[80.22,13.88],[80.2,13.92],[80.145,14.04],[80.135,14.095],[80.125,14.15],[80.13,14.22],[80.15,14.305],[80.165,14.345],[80.17,14.385],[80.18,14.505],[80.195,14.585],[80.165,14.63],[80.145,14.7],[80.11,14.74],[80.1,14.775],[80.09,14.825],[80.085,14.87],[80.065,14.95],[80.055,15.01],[80.045,15.085],[80.055,15.125],[80.09,15.215],[80.085,15.26],[80.105,15.32],[80.11,15.345],[80.14,15.395],[80.18,15.435],[80.21,15.48],[80.23,15.54],[80.23,15.58],[80.245,15.615],[80.28,15.685],[80.325,15.735],[80.36,15.765],[80.41,15.795],[80.49,15.835],[80.575,15.865],[80.65,15.88],[80.725,15.88],[80.78,15.865],[80.81,15.835],[80.79,15.82],[80.81,15.765],[80.815,15.715],[80.845,15.705],[80.92,15.72],[80.935,15.715],[81.01,15.755],[81.015,15.77],[80.995,15.805],[81.005,15.84],[81.06,15.9],[81.15,15.98],[81.15,16.025],[81.185,16.095],[81.2,16.145],[81.215,16.21],[81.24,16.245],[81.27,16.28],[81.315,16.31],[81.39,16.34],[81.455,16.35],[81.505,16.355],[81.69,16.33],[81.72,16.305],[81.835,16.365],[81.905,16.39],[81.96,16.4],[81.975,16.41],[82.12,16.485],[82.23,16.54],[82.26,16.55],[82.315,16.56],[82.325,16.58],[82.33,16.62],[82.315,16.66],[82.36,16.705],[82.35,16.715],[82.345,16.75],[82.36,16.815],[82.355,16.86],[82.32,16.86],[82.3,16.875],[82.265,16.87],[82.25,16.905],[82.25,16.94],[82.27,16.95],[82.29,17.015],[82.32,17.06],[82.445,17.175],[82.55,17.255],[82.705,17.345],[82.825,17.4],[82.865,17.415],[82.995,17.475],[83.01,17.5],[83.1,17.54],[83.165,17.56],[83.18,17.575],[83.215,17.595],[83.235,17.61],[83.24,17.63],[83.28,17.66],[83.295,17.695],[83.345,17.73],[83.355,17.76],[83.385,17.775],[83.41,17.81],[83.42,17.855],[83.445,17.87],[83.475,17.915],[83.53,17.95],[83.56,17.99],[83.57,18.01],[83.695,18.095],[83.75,18.13],[83.86,18.175],[83.89,18.195],[83.935,18.21],[84.015,18.25],[84.075,18.28],[84.125,18.31],[84.125,18.335],[84.15,18.375],[84.255,18.475],[84.355,18.555],[84.37,18.595],[84.435,18.655],[84.455,18.695],[84.51,18.76],[84.55,18.79],[84.555,18.815],[84.575,18.84],[84.605,18.89],[84.685,18.97],[84.745,19.05],[84.765,19.075]],[[82.225,16.76],[82.215,16.735],[82.245,16.72],[82.315,16.73],[82.305,16.71],[82.265,16.695],[82.24,16.715],[82.205,16.715],[82.215,16.755],[82.225,16.76]]]},"properties":{"ST_NM":"Andhra Pradesh"}},
{"type":"Feature","geometry":{"type":"MultiPolygon","coordinates":[[[[79.855,10.985],[79.84,11],[79.78,10.995],[79.745,11.005],[79.76,10.96],[79.72,10.97],[79.725,10.93],[79.745,10.925],[79.775,10.895],[79.825,10.885],[79.82,10.845],[79.84,10.83],[79.85,10.83],[79.855,10.985]]],[[[79.615,11.885],[79.625,11.855],[79.655,11.85],[79.64,11.885],[79.615,11.885]]],[[[79.805,11.835],[79.8,11.83],[79.735,11.84],[79.72,11.785],[79.755,11.775],[79.795,11.785],[79.805,11.835]]],[[[82.225,16.76],[82.215,16.755],[82.205,16.715],[82.24,16.715],[82.265,16.695],[82.305,16.71],[82.315,16.73],[82.245,16.72],[82.215,16.735],[82.225,16.76]]],[[[79.84,11.955],[79.81,11.975],[79.785,11.96],[79.75,11.92],[79.745,11.98],[79.72,11.995],[79.69,11.95],[79.74,11.905],[79.71,11.89],[79.715,11.86],[79.77,11.875],[79.81,11.835],[79.825,11.875],[79.84,11.955]]],[[[79.64,11.985],[79.62,11.925],[79.625,11.905],[79.655,11.91],[79.67,11.935],[79.645,11.955],[79.64,11.985]]],[[[79.695,12.035],[79.67,12.01],[79.695,11.99],[79.705,12.01],[79.695,12.035]]],[[[79.855,12.005],[79.875,12.045],[79.85,12.05],[79.84,12.015],[79.855,12.005]]]]},"properties":{"ST_NM":"Puducherry"}},
{"type":"Feature","geometry":{"type":"Polygon","coordinates":[[[75.715,21.39],[75.625,21.375],[75.615,21.39],[75.57,21.38],[75.54,21.37],[75.495,21.385],[75.425,21.39],[75.38,21.38],[75.365,21.395],[75.315,21.39],[75.285,21.41],[75.25,21.405],[75.205,21.415],[75.18,21.43],[75.125,21.45],[75.11,21.46],[75.09,21.5],[75.09,21.515],[75.05,21.565],[75.02,21.575],[74.98,21.595],[74.91,21.615],[74.9,21.63],[74.87,21.63],[74.83,21.61],[74.785,21.61],[74.685,21.63],[74.665,21.65],[74.58,21.665],[74.565,21.685],[74.55,21.72],[74.515,21.72],[74.515,21.765],[74.5,21.805],[74.51,21.83],[74.515,21.89],[74.51,21.92],[74.49,21.955],[74.44,21.98],[74.445,22.01],[74.43,22.03],[74.39,22.02],[74.35,21.98],[74.31,21.97],[74.28,21.935],[74.205,21.925],[74.18,21.93],[74.145,21.955],[74.055,21.925],[74.03,21.91],[73.93,21.865],[73.89,21.855],[73.87,21.84],[73.825,21.845],[73.795,21.825],[73.825,21.81],[73.835,21.745],[73.88,21.715],[73.895,21.67],[73.885,21.655],[73.84,21.635],[73.83,21.645],[73.79,21.635],[73.78,21.62],[73.81,21.605],[73.835,21.52],[73.845,21.51],[73.85,21.505],[73.865,21.5],[73.875,21.505],[73.865,21.51],[73.87,21.515],[73.87,21.51],[73.875,21.51],[73.905,21.515],[73.905,21.52],[73.905,21.525],[73.92,21.52],[73.92,21.525],[73.93,21.525],[73.93,21.52],[73.93,21.515],[73.93,21.51],[73.94,21.515],[73.95,21.51],[73.95,21.515],[73.95,21.52],[73.955,21.52],[73.955,21.525],[73.955,21.535],[73.955,21.54],[73.98,21.52],[73.975,21.535],[73.975,21.54],[73.975,21.545],[73.995,21.54],[74,21.54],[74,21.545],[74.01,21.55],[74.035,21.545],[74.035,21.55],[74.04,21.55],[74.04,21.545],[74.035,21.545],[74.045,21.545],[74.05,21.545],[74.045,21.545],[74.05,21.545],[74.05,21.55],[74.055,21.545],[74.055,21.55],[74.055,21.56],[74.08,21.55],[74.11,21.555],[74.14,21.55],[74.16,21.57],[74.2,21.53],[74.22,21.545],[74.265,21.54],[74.275,21.56],[74.305,21.55],[74.32,21.53],[74.32,21.5],[74.305,21.49],[74.255,21.475],[74.215,21.48],[74.21,21.46],[74.18,21.47],[74.135,21.465],[74.045,21.45],[74.045,21.42],[74.01,21.425],[73.95,21.395],[73.945,21.3],[73.88,21.265],[73.85,21.275],[73.825,21.265],[73.83,21.24],[73.81,21.23],[73.825,21.2],[73.815,21.175],[73.785,21.185],[73.77,21.165],[73.73,21.165],[73.7,21.155],[73.675,21.155],[73.665,21.15],[73.665,21.145],[73.625,21.145],[73.63,21.15],[73.63,21.155],[73.605,21.16],[73.605,21.165],[73.605,21.17],[73.605,21.18],[73.575,21.17],[73.585,21.16],[73.575,21.155],[73.615,21.145],[73.61,21.14],[73.62,21.12],[73.69,21.1],[73.705,21.12],[73.735,21.1],[73.73,21.08],[73.78,21.065],[73.815,21.025],[73.87,20.985],[73.9,20.98],[73.89,20.935],[73.915,20.91],[73.925,20.89],[73.925,20.85],[73.94,20.84],[73.93,20.81],[73.94,20.74],[73.905,20.725],[73.875,20.73],[73.865,20.705],[73.81,20.69],[73.83,20.675],[73.84,20.62],[73.8,20.6],[73.775,20.6],[73.745,20.57],[73.715,20.575],[73.67,20.565],[73.625,20.585],[73.62,20.615],[73.6,20.635],[73.57,20.65],[73.55,20.65],[73.53,20.675],[73.49,20.655],[73.49,20.685],[73.465,20.72],[73.445,20.71],[73.45,20.69],[73.395,20.64],[73.42,20.625],[73.43,20.595],[73.475,20.585],[73.475,20.545],[73.47,20.495],[73.445,20.475],[73.425,20.42],[73.38,20.395],[73.4,20.385],[73.415,20.35],[73.415,20.32],[73.425,20.28],[73.41,20.24],[73.415,20.2],[73.385,20.195],[73.36,20.215],[73.345,20.2],[73.3,20.21],[73.28,20.19],[73.28,20.15],[73.255,20.125],[73.21,20.12],[73.215,20.09],[73.19,20.075],[73.17,20.05],[73.13,20.08],[73.055,20.1],[73.04,20.065],[73.01,20.11],[72.97,20.115],[72.96,20.135],[72.975,20.16],[72.96,20.185],[72.96,20.2],[72.96,20.21],[72.95,20.215],[72.935,20.215],[72.9,20.23],[72.87,20.23],[72.86,20.205],[72.84,20.21],[72.82,20.19],[72.815,20.155],[72.79,20.15],[72.775,20.13],[72.735,20.135],[72.725,20.08],[72.71,20.07],[72.715,20.02],[72.73,19.98],[72.76,19.985],[72.77,19.97],[72.76,19.9],[72.715,19.96],[72.69,19.96],[72.675,19.92],[72.69,19.875],[72.655,19.835],[72.69,19.795],[72.685,19.76],[72.71,19.71],[72.715,19.645],[72.74,19.65],[72.755,19.625],[72.78,19.6],[72.75,19.59],[72.715,19.595],[72.715,19.575],[72.73,19.525],[72.77,19.51],[72.77,19.485],[72.745,19.46],[72.76,19.395],[72.76,19.375],[72.8,19.33],[72.785,19.305],[72.785,19.25],[72.775,19.225],[72.795,19.195],[72.78,19.16],[72.815,19.13],[72.825,19.095],[72.825,19.04],[72.815,18.985],[72.805,18.965],[72.825,18.94],[72.81,18.895],[72.865,18.805],[72.865,18.725],[72.855,18.695],[72.865,18.65],[72.89,18.62],[72.93,18.535],[72.915,18.53],[72.895,18.47],[72.915,18.395],[72.91,18.365],[72.955,18.335],[72.99,18.29],[73.02,18.285],[73.065,18.305],[73.06,18.255],[73.08,18.24],[73.08,18.17],[73.065,18.16],[73.05,18.2],[73.07,18.21],[73.01,18.245],[72.975,18.24],[72.965,18.28],[72.935,18.275],[72.945,18.245],[72.935,18.225],[72.975,18.2],[72.99,18.16],[72.97,18.13],[73.02,18.025],[73.005,18.02],[73.035,17.98],[73.03,17.95],[73.055,17.93],[73.055,17.905],[73.09,17.845],[73.09,17.815],[73.105,17.8],[73.135,17.71],[73.115,17.69],[73.135,17.645],[73.125,17.64],[73.15,17.6],[73.175,17.585],[73.14,17.565],[73.14,17.545],[73.18,17.51],[73.195,17.465],[73.185,17.455],[73.19,17.415],[73.175,17.39],[73.205,17.385],[73.225,17.335],[73.25,17.295],[73.2,17.305],[73.205,17.27],[73.225,17.265],[73.245,17.225],[73.275,17.12],[73.285,17.115],[73.29,17.075],[73.275,17.035],[73.28,16.995],[73.295,16.985],[73.28,16.905],[73.305,16.89],[73.29,16.845],[73.32,16.795],[73.305,16.765],[73.305,16.73],[73.33,16.685],[73.335,16.65],[73.35,16.625],[73.32,16.585],[73.335,16.56],[73.315,16.545],[73.32,16.52],[73.36,16.435],[73.37,16.365],[73.405,16.295],[73.415,16.25],[73.435,16.2],[73.455,16.13],[73.47,16.055],[73.485,16.035],[73.49,15.99],[73.51,15.94],[73.585,15.91],[73.63,15.845],[73.65,15.805],[73.675,15.725],[73.73,15.72],[73.745,15.735],[73.785,15.725],[73.825,15.74],[73.83,15.765],[73.855,15.8],[73.88,15.775],[73.88,15.75],[73.94,15.745],[73.965,15.69],[73.96,15.64],[73.99,15.61],[74.02,15.605],[74.03,15.62],[74.085,15.635],[74.12,15.65],[74.105,15.67],[74.13,15.695],[74.125,15.725],[74.16,15.75],[74.2,15.76],[74.21,15.78],[74.24,15.745],[74.27,15.755],[74.285,15.74],[74.31,15.75],[74.325,15.775],[74.345,15.765],[74.37,15.795],[74.365,15.825],[74.385,15.85],[74.345,15.85],[74.365,15.875],[74.4,15.85],[74.385,15.905],[74.43,15.95],[74.465,16.04],[74.45,16.055],[74.415,16.055],[74.38,16.035],[74.365,16.06],[74.37,16.08],[74.39,16.08],[74.43,16.11],[74.48,16.09],[74.49,16.105],[74.485,16.14],[74.49,16.175],[74.505,16.19],[74.505,16.225],[74.42,16.26],[74.415,16.28],[74.385,16.275],[74.365,16.285],[74.335,16.27],[74.32,16.285],[74.34,16.305],[74.315,16.33],[74.32,16.37],[74.34,16.39],[74.33,16.45],[74.295,16.465],[74.29,16.505],[74.26,16.48],[74.255,16.5],[74.28,16.505],[74.28,16.53],[74.3,16.53],[74.32,16.555],[74.38,16.53],[74.395,16.585],[74.42,16.585],[74.435,16.6],[74.465,16.605],[74.475,16.645],[74.49,16.63],[74.545,16.635],[74.545,16.595],[74.57,16.555],[74.635,16.585],[74.635,16.605],[74.66,16.605],[74.69,16.615],[74.655,16.645],[74.665,16.665],[74.69,16.675],[74.69,16.715],[74.73,16.72],[74.775,16.75],[74.845,16.76],[74.85,16.775],[74.92,16.775],[74.91,16.79],[74.91,16.835],[74.9,16.865],[74.925,16.865],[74.935,16.88],[74.96,16.88],[74.965,16.91],[74.945,16.91],[74.92,16.93],[74.94,16.945],[74.96,16.94],[74.99,16.95],[75.065,16.94],[75.09,16.95],[75.095,16.915],[75.12,16.915],[75.135,16.895],[75.135,16.875],[75.175,16.87],[75.185,16.845],[75.23,16.845],[75.24,16.87],[75.265,16.865],[75.29,16.905],[75.28,16.925],[75.28,16.955],[75.34,16.955],[75.39,16.98],[75.43,16.965],[75.465,16.99],[75.485,16.975],[75.49,16.945],[75.53,16.97],[75.565,16.97],[75.565,17.01],[75.605,17.005],[75.61,16.97],[75.63,16.97],[75.645,16.955],[75.665,16.98],[75.67,17.04],[75.675,17.065],[75.67,17.115],[75.65,17.115],[75.645,17.145],[75.63,17.165],[75.63,17.19],[75.66,17.215],[75.655,17.275],[75.63,17.275],[75.605,17.305],[75.61,17.345],[75.58,17.35],[75.575,17.385],[75.61,17.395],[75.62,17.46],[75.635,17.475],[75.675,17.455],[75.685,17.415],[75.72,17.41],[75.73,17.42],[75.765,17.405],[75.78,17.375],[75.805,17.37],[75.82,17.42],[75.85,17.41],[75.855,17.385],[75.895,17.4],[75.89,17.36],[75.925,17.325],[76,17.34],[76.01,17.35],[76.06,17.355],[76.085,17.335],[76.1,17.365],[76.12,17.37],[76.165,17.345],[76.165,17.305],[76.18,17.31],[76.17,17.35],[76.195,17.365],[76.27,17.36],[76.275,17.335],[76.32,17.33],[76.315,17.35],[76.345,17.355],[76.355,17.315],[76.385,17.315],[76.41,17.37],[76.365,17.38],[76.37,17.435],[76.335,17.435],[76.33,17.47],[76.345,17.515],[76.33,17.595],[76.42,17.605],[76.43,17.645],[76.46,17.66],[76.485,17.66],[76.485,17.715],[76.525,17.715],[76.53,17.76],[76.565,17.765],[76.57,17.705],[76.585,17.705],[76.61,17.77],[76.63,17.755],[76.635,17.73],[76.655,17.72],[76.67,17.69],[76.69,17.685],[76.72,17.755],[76.735,17.78],[76.76,17.785],[76.785,17.805],[76.785,17.835],[76.765,17.85],[76.74,17.86],[76.74,17.895],[76.77,17.9],[76.775,17.88],[76.81,17.87],[76.81,17.885],[76.85,17.9],[76.885,17.895],[76.92,17.94],[76.905,18.01],[76.915,18.035],[76.945,18.05],[76.955,18.11],[76.92,18.12],[76.94,18.155],[76.95,18.19],[76.99,18.19],[76.995,18.165],[77.025,18.16],[77.035,18.18],[77.065,18.15],[77.115,18.155],[77.1,18.195],[77.14,18.21],[77.175,18.285],[77.21,18.29],[77.21,18.315],[77.23,18.35],[77.225,18.365],[77.24,18.415],[77.315,18.445],[77.365,18.435],[77.375,18.4],[77.415,18.395],[77.395,18.37],[77.395,18.35],[77.37,18.325],[77.41,18.3],[77.43,18.31],[77.45,18.27],[77.495,18.265],[77.525,18.31],[77.55,18.29],[77.57,18.31],[77.56,18.33],[77.53,18.34],[77.525,18.375],[77.55,18.39],[77.555,18.42],[77.585,18.445],[77.575,18.485],[77.6,18.525],[77.595,18.55],[77.64,18.555],[77.665,18.535],[77.7,18.555],[77.74,18.555],[77.75,18.59],[77.745,18.62],[77.73,18.645],[77.73,18.665],[77.76,18.705],[77.79,18.695],[77.825,18.77],[77.84,18.805],[77.905,18.825],[77.93,18.82],[77.95,18.845],[77.905,18.865],[77.885,18.905],[77.845,18.91],[77.86,18.95],[77.815,18.945],[77.82,18.98],[77.79,18.985],[77.775,18.995],[77.765,19.03],[77.765,19.065],[77.8,19.05],[77.805,19.1],[77.85,19.085],[77.84,19.14],[77.86,19.18],[77.85,19.19],[77.865,19.225],[77.87,19.255],[77.905,19.255],[77.905,19.28],[77.865,19.285],[77.865,19.305],[77.91,19.315],[77.945,19.345],[77.96,19.335],[77.985,19.31],[78.015,19.295],[78.015,19.28],[78.045,19.27],[78.035,19.25],[78.055,19.235],[78.115,19.25],[78.145,19.23],[78.175,19.24],[78.175,19.28],[78.195,19.315],[78.175,19.335],[78.17,19.36],[78.19,19.405],[78.22,19.435],[78.245,19.43],[78.27,19.45],[78.305,19.455],[78.31,19.48],[78.29,19.525],[78.295,19.56],[78.305,19.57],[78.305,19.61],[78.29,19.645],[78.265,19.665],[78.275,19.69],[78.31,19.69],[78.345,19.715],[78.365,19.78],[78.355,19.805],[78.335,19.815],[78.335,19.84],[78.3,19.84],[78.3,19.87],[78.305,19.915],[78.335,19.885],[78.38,19.88],[78.385,19.845],[78.425,19.82],[78.475,19.815],[78.485,19.795],[78.51,19.8],[78.515,19.82],[78.555,19.825],[78.57,19.815],[78.61,19.815],[78.615,19.815],[78.7,19.79],[78.72,19.765],[78.74,19.785],[78.76,19.775],[78.785,19.775],[78.795,19.76],[78.84,19.76],[78.86,19.69],[78.85,19.66],[78.89,19.655],[78.9,19.67],[78.955,19.655],[78.96,19.635],[78.955,19.6],[78.97,19.59],[78.945,19.56],[78.98,19.56],[79,19.54],[79.045,19.55],[79.105,19.52],[79.16,19.49],[79.19,19.46],[79.22,19.47],[79.205,19.49],[79.205,19.505],[79.24,19.535],[79.235,19.555],[79.275,19.6],[79.305,19.595],[79.32,19.575],[79.365,19.575],[79.405,19.535],[79.435,19.535],[79.47,19.51],[79.5,19.505],[79.515,19.52],[79.52,19.545],[79.54,19.555],[79.55,19.525],[79.6,19.51],[79.615,19.56],[79.63,19.575],[79.715,19.585],[79.735,19.605],[79.78,19.6],[79.815,19.575],[79.83,19.54],[79.865,19.51],[79.905,19.5],[79.945,19.47],[79.95,19.45],[79.975,19.41],[79.975,19.395],[79.96,19.335],[79.965,19.31],[79.935,19.265],[79.925,19.215],[79.945,19.165],[79.875,19.125],[79.86,19.095],[79.87,19.04],[79.94,19.04],[79.94,18.99],[79.96,18.935],[79.955,18.905],[79.96,18.865],[79.915,18.825],[79.92,18.81],[79.975,18.77],[80.02,18.77],[80.055,18.725],[80.09,18.71],[80.11,18.685],[80.155,18.7],[80.18,18.685],[80.22,18.71],[80.25,18.705],[80.275,18.725],[80.245,18.755],[80.275,18.765],[80.295,18.79],[80.325,18.8],[80.355,18.825],[80.325,18.88],[80.275,18.93],[80.27,18.95],[80.275,18.995],[80.305,19.025],[80.295,19.05],[80.33,19.07],[80.34,19.1],[80.33,19.135],[80.35,19.16],[80.39,19.18],[80.385,19.215],[80.395,19.245],[80.44,19.26],[80.485,19.34],[80.52,19.35],[80.54,19.38],[80.58,19.4],[80.59,19.375],[80.59,19.35],[80.625,19.305],[80.67,19.33],[80.695,19.315],[80.69,19.285],[80.71,19.28],[80.76,19.29],[80.775,19.315],[80.855,19.365],[80.825,19.38],[80.81,19.405],[80.815,19.435],[80.84,19.445],[80.875,19.445],[80.895,19.465],[80.895,19.52],[80.855,19.525],[80.84,19.56],[80.835,19.565],[80.815,19.57],[80.775,19.56],[80.77,19.585],[80.715,19.615],[80.67,19.61],[80.665,19.62],[80.675,19.65],[80.675,19.7],[80.61,19.74],[80.585,19.74],[80.555,19.765],[80.54,19.785],[80.545,19.82],[80.52,19.83],[80.48,19.83],[80.45,19.79],[80.43,19.805],[80.47,19.825],[80.485,19.865],[80.505,19.87],[80.495,19.9],[80.47,19.91],[80.45,19.895],[80.41,19.915],[80.41,19.94],[80.45,19.955],[80.48,19.935],[80.525,19.935],[80.54,19.95],[80.55,19.985],[80.545,20.01],[80.555,20.07],[80.545,20.095],[80.55,20.11],[80.505,20.145],[80.46,20.15],[80.43,20.135],[80.4,20.145],[80.39,20.165],[80.4,20.19],[80.42,20.195],[80.4,20.245],[80.45,20.26],[80.49,20.275],[80.515,20.265],[80.545,20.305],[80.61,20.32],[80.625,20.335],[80.61,20.375],[80.59,20.395],[80.615,20.435],[80.615,20.465],[80.625,20.565],[80.625,20.59],[80.6,20.61],[80.565,20.605],[80.52,20.58],[80.48,20.62],[80.52,20.655],[80.58,20.675],[80.58,20.695],[80.56,20.725],[80.55,20.795],[80.56,20.81],[80.555,20.89],[80.535,20.935],[80.465,20.93],[80.445,20.97],[80.445,20.995],[80.425,21.005],[80.45,21.03],[80.445,21.12],[80.465,21.175],[80.515,21.185],[80.53,21.205],[80.555,21.2],[80.58,21.22],[80.615,21.23],[80.645,21.25],[80.65,21.28],[80.68,21.3],[80.68,21.315],[80.66,21.335],[80.62,21.32],[80.55,21.37],[80.54,21.385],[80.46,21.405],[80.445,21.37],[80.415,21.375],[80.395,21.405],[80.42,21.45],[80.385,21.49],[80.375,21.525],[80.33,21.55],[80.33,21.57],[80.305,21.575],[80.295,21.595],[80.255,21.625],[80.22,21.62],[80.195,21.635],[80.155,21.605],[80.13,21.61],[80.07,21.555],[80.03,21.555],[80,21.535],[79.97,21.56],[79.94,21.555],[79.92,21.525],[79.865,21.53],[79.83,21.545],[79.79,21.585],[79.735,21.605],[79.69,21.58],[79.66,21.575],[79.655,21.555],[79.615,21.555],[79.58,21.54],[79.54,21.545],[79.545,21.565],[79.51,21.585],[79.51,21.635],[79.495,21.675],[79.46,21.685],[79.415,21.69],[79.4,21.675],[79.35,21.68],[79.29,21.69],[79.27,21.715],[79.235,21.71],[79.22,21.695],[79.23,21.67],[79.225,21.65],[79.165,21.66],[79.13,21.625],[79.1,21.615],[79.105,21.6],[79.04,21.605],[79.01,21.6],[79,21.62],[78.975,21.62],[78.935,21.595],[78.915,21.59],[78.91,21.55],[78.94,21.51],[78.935,21.485],[78.9,21.5],[78.89,21.485],[78.855,21.495],[78.805,21.49],[78.78,21.48],[78.75,21.495],[78.73,21.46],[78.69,21.48],[78.61,21.49],[78.585,21.485],[78.54,21.525],[78.505,21.525],[78.485,21.505],[78.455,21.495],[78.43,21.515],[78.435,21.535],[78.415,21.6],[78.39,21.615],[78.38,21.59],[78.355,21.575],[78.345,21.59],[78.32,21.57],[78.305,21.585],[78.265,21.59],[78.26,21.58],[78.225,21.555],[78.18,21.555],[78.175,21.545],[78.185,21.51],[78.175,21.5],[78.065,21.435],[77.98,21.4],[77.945,21.395],[77.9,21.375],[77.855,21.39],[77.82,21.405],[77.795,21.39],[77.745,21.38],[77.735,21.36],[77.71,21.355],[77.705,21.375],[77.675,21.375],[77.655,21.385],[77.605,21.39],[77.61,21.365],[77.565,21.37],[77.565,21.395],[77.53,21.42],[77.515,21.375],[77.49,21.375],[77.485,21.405],[77.47,21.435],[77.475,21.455],[77.44,21.47],[77.445,21.485],[77.42,21.515],[77.425,21.54],[77.455,21.555],[77.51,21.55],[77.52,21.54],[77.575,21.525],[77.61,21.54],[77.575,21.575],[77.56,21.665],[77.54,21.705],[77.5,21.745],[77.455,21.76],[77.405,21.75],[77.325,21.755],[77.28,21.76],[77.29,21.735],[77.26,21.715],[77.225,21.715],[77.21,21.69],[77.13,21.72],[77.06,21.705],[77.01,21.68],[76.955,21.64],[76.895,21.595],[76.855,21.615],[76.825,21.59],[76.8,21.595],[76.785,21.575],[76.79,21.54],[76.765,21.52],[76.795,21.49],[76.785,21.465],[76.745,21.44],[76.74,21.41],[76.685,21.38],[76.62,21.33],[76.665,21.28],[76.66,21.24],[76.64,21.235],[76.635,21.2],[76.625,21.185],[76.56,21.2],[76.53,21.18],[76.495,21.195],[76.48,21.18],[76.465,21.145],[76.435,21.1],[76.38,21.075],[76.28,21.07],[76.27,21.09],[76.19,21.085],[76.135,21.12],[76.11,21.16],[76.12,21.17],[76.165,21.17],[76.165,21.22],[76.14,21.235],[76.16,21.255],[76.145,21.285],[76.13,21.285],[76.12,21.325],[76.095,21.37],[76.05,21.35],[76.03,21.365],[75.985,21.37],[75.965,21.39],[75.91,21.38],[75.875,21.39],[75.835,21.375],[75.805,21.385],[75.755,21.38],[75.715,21.39]]]},"properties":{"ST_NM":"Maharashtra"}},
{"type":"Feature","geometry":{"type":"Polygon","coordinates":[[[74.135,35.105],[74.165,35.085],[74.23,35.085],[74.245,35.075],[74.255,35.035],[74.295,35.045],[74.31,35.06],[74.38,35.06],[74.44,35.12],[74.475,35.115],[74.515,35.095],[74.54,35.065],[74.535,35.03],[74.585,35.01],[74.57,34.965],[74.575,34.9],[74.605,34.915],[74.675,34.88],[74.73,34.835],[74.82,34.83],[74.9,34.805],[74.91,34.775],[74.96,34.79],[75.01,34.835],[75.07,34.83],[75.07,34.865],[75.095,34.9],[75.13,34.87],[75.145,34.865],[75.145,34.835],[75.175,34.835],[75.22,34.815],[75.245,34.785],[75.26,34.73],[75.25,34.685],[75.21,34.635],[75.24,34.635],[75.265,34.6],[75.3,34.585],[75.32,34.565],[75.345,34.56],[75.365,34.54],[75.36,34.52],[75.35,34.515],[75.34,34.485],[75.355,34.465],[75.33,34.435],[75.37,34.405],[75.365,34.39],[75.385,34.365],[75.38,34.34],[75.405,34.285],[75.475,34.28],[75.495,34.235],[75.58,34.215],[75.595,34.195],[75.65,34.21],[75.69,34.195],[75.685,34.165],[75.685,34.12],[75.72,34.1],[75.77,34.04],[75.815,34.01],[75.845,34.005],[75.82,33.97],[75.84,33.955],[75.89,33.97],[75.965,33.955],[75.98,33.97],[76.025,33.97],[76.045,33.95],[76.05,33.91],[76.07,33.91],[76.135,33.875],[76.165,33.815],[76.2,33.775],[76.215,33.76],[76.265,33.745],[76.265,33.68],[76.285,33.66],[76.27,33.645],[76.23,33.63],[76.225,33.6],[76.225,33.545],[76.26,33.565],[76.305,33.57],[76.3,33.6],[76.335,33.61],[76.36,33.605],[76.385,33.55],[76.425,33.535],[76.46,33.535],[76.505,33.51],[76.54,33.47],[76.575,33.455],[76.58,33.43],[76.63,33.435],[76.64,33.395],[76.67,33.34],[76.72,33.33],[76.73,33.31],[76.735,33.26],[76.755,33.25],[76.77,33.25],[76.775,33.255],[76.795,33.255],[76.82,33.235],[76.825,33.215],[76.815,33.18],[76.83,33.145],[76.855,33.115],[76.885,33.12],[76.935,33.03],[76.95,33.02],[76.975,33],[77.01,32.99],[77.05,33],[77.095,32.97],[77.115,32.985],[77.15,32.98],[77.165,32.92],[77.19,32.93],[77.2,32.91],[77.235,32.895],[77.255,32.865],[77.275,32.875],[77.3,32.85],[77.315,32.85],[77.34,32.815],[77.375,32.825],[77.39,32.865],[77.415,32.885],[77.445,32.88],[77.47,32.86],[77.5,32.885],[77.54,32.885],[77.565,32.915],[77.59,32.92],[77.605,32.945],[77.675,32.96],[77.695,32.985],[77.75,32.955],[77.8,32.91],[77.785,32.885],[77.79,32.855],[77.84,32.84],[77.88,32.82],[77.885,32.79],[77.91,32.775],[77.935,32.755],[77.935,32.73],[77.92,32.69],[77.95,32.66],[78.015,32.62],[78.045,32.645],[78.06,32.625],[78.1,32.63],[78.11,32.665],[78.15,32.655],[78.145,32.68],[78.175,32.68],[78.205,32.665],[78.245,32.67],[78.275,32.7],[78.31,32.71],[78.315,32.715],[78.31,32.73],[78.305,32.735],[78.33,32.745],[78.335,32.75],[78.355,32.76],[78.39,32.755],[78.395,32.715],[78.38,32.67],[78.385,32.635],[78.405,32.62],[78.395,32.61],[78.355,32.59],[78.35,32.58],[78.315,32.575],[78.315,32.525],[78.295,32.505],[78.325,32.47],[78.37,32.51],[78.395,32.52],[78.4,32.525],[78.405,32.53],[78.425,32.53],[78.44,32.57],[78.47,32.585],[78.495,32.58],[78.535,32.61],[78.585,32.615],[78.62,32.595],[78.64,32.61],[78.66,32.655],[78.72,32.66],[78.75,32.68],[78.79,32.62],[78.795,32.59],[78.775,32.575],[78.805,32.48],[78.825,32.44],[78.855,32.44],[78.9,32.395],[78.96,32.365],[78.98,32.34],[78.99,32.345],[79.015,32.375],[79.06,32.39],[79.115,32.385],[79.125,32.415],[79.145,32.435],[79.13,32.47],[79.145,32.48],[79.195,32.485],[79.24,32.51],[79.25,32.535],[79.275,32.535],[79.31,32.57],[79.34,32.59],[79.395,32.57],[79.4,32.535],[79.425,32.525],[79.445,32.53],[79.47,32.575],[79.515,32.61],[79.565,32.675],[79.575,32.68],[79.625,32.735],[79.6,32.775],[79.57,32.78],[79.465,32.92],[79.42,32.96],[79.38,32.97],[79.335,33.015],[79.38,33.025],[79.39,33.055],[79.375,33.085],[79.39,33.125],[79.435,33.19],[79.45,33.215],[79.455,33.26],[79.365,33.28],[79.325,33.27],[79.24,33.3],[79.205,33.29],[79.135,33.29],[79.095,33.295],[79.025,33.33],[78.99,33.33],[78.97,33.375],[78.95,33.38],[78.95,33.41],[78.93,33.435],[78.93,33.465],[78.94,33.5],[78.94,33.525],[78.915,33.575],[78.92,33.635],[78.99,33.61],[79.03,33.625],[79.065,33.625],[79.105,33.615],[79.09,33.655],[79.09,33.68],[79.05,33.68],[79.02,33.705],[79.04,33.75],[79.07,33.76],[79.05,33.78],[79.02,33.775],[78.95,33.89],[78.935,33.925],[78.905,33.975],[78.94,34.025],[79.015,34.05],[79.085,34.02],[79.11,34.02],[79.14,34.035],[79.15,34.07],[79.175,34.07],[79.195,34.05],[79.26,34.05],[79.375,34.035],[79.42,34.015],[79.435,34.03],[79.415,34.055],[79.435,34.095],[79.46,34.1],[79.495,34.135],[79.495,34.18],[79.51,34.21],[79.535,34.205],[79.585,34.24],[79.59,34.28],[79.56,34.33],[79.55,34.39],[79.56,34.41],[79.525,34.42],[79.525,34.445],[79.505,34.475],[79.58,34.49],[79.65,34.49],[79.66,34.48],[79.73,34.48],[79.79,34.485],[79.81,34.495],[79.81,34.53],[79.755,34.555],[79.77,34.58],[79.79,34.59],[79.77,34.62],[79.86,34.69],[79.9,34.69],[79.945,34.68],[80.045,34.705],[80.065,34.715],[80.07,34.745],[80.065,34.79],[80.07,34.83],[80.12,34.895],[80.17,34.99],[80.185,35.065],[80.175,35.135],[80.18,35.165],[80.225,35.23],[80.235,35.275],[80.27,35.345],[80.28,35.385],[80.28,35.44],[80.295,35.46],[80.325,35.47],[80.31,35.555],[80.295,35.6],[80.275,35.62],[80.235,35.64],[80.115,35.675],[80.085,35.725],[80.055,35.75],[80.035,35.8],[80,35.835],[79.95,35.835],[79.915,35.82],[79.865,35.78],[79.795,35.795],[79.745,35.8],[79.665,35.835],[79.56,35.86],[79.515,35.885],[79.425,35.895],[79.4,35.92],[79.385,35.99],[79.24,35.985],[79.215,35.98],[79.19,35.945],[79.195,35.9],[79.18,35.87],[79.14,35.84],[79.115,35.835],[79.005,35.855],[78.955,35.89],[78.94,35.88],[78.86,35.86],[78.805,35.855],[78.765,35.87],[78.715,35.87],[78.655,35.855],[78.61,35.815],[78.58,35.81],[78.52,35.765],[78.42,35.785],[78.39,35.74],[78.335,35.72],[78.27,35.72],[78.27,35.67],[78.255,35.645],[78.2,35.655],[78.185,35.625],[78.165,35.615],[78.15,35.58],[78.155,35.55],[78.135,35.54],[78.09,35.555],[78.075,35.55],[78.045,35.585],[78.025,35.585],[77.965,35.575],[77.935,35.53],[77.93,35.51],[77.965,35.495],[77.97,35.46],[77.92,35.495],[77.905,35.47],[77.87,35.48],[77.825,35.51],[77.775,35.495],[77.735,35.525],[77.725,35.515],[77.725,35.475],[77.665,35.47],[77.65,35.485],[77.625,35.47],[77.58,35.475],[77.515,35.49],[77.45,35.46],[77.375,35.48],[77.32,35.535],[77.375,35.55],[77.405,35.53],[77.44,35.52],[77.47,35.52],[77.46,35.545],[77.455,35.595],[77.425,35.61],[77.435,35.64],[77.405,35.66],[77.355,35.715],[77.325,35.72],[77.315,35.7],[77.285,35.71],[77.225,35.715],[77.22,35.725],[77.175,35.73],[77.165,35.76],[77.12,35.795],[77.08,35.795],[77.03,35.775],[77.005,35.775],[76.935,35.785],[76.895,35.8],[76.865,35.825],[76.805,35.85],[76.785,35.89],[76.72,35.955],[76.755,35.98],[76.765,36.005],[76.805,36.015],[76.8,36.05],[76.725,36.08],[76.695,36.135],[76.635,36.185],[76.6,36.165],[76.56,36.175],[76.545,36.19],[76.48,36.21],[76.455,36.24],[76.43,36.31],[76.4,36.32],[76.35,36.36],[76.325,36.36],[76.295,36.35],[76.255,36.345],[76.195,36.385],[76.17,36.39],[76.125,36.435],[76.07,36.475],[75.995,36.485],[75.92,36.5],[75.85,36.545],[75.805,36.555],[75.745,36.59],[75.675,36.695],[75.615,36.76],[75.525,36.785],[75.48,36.805],[75.46,36.825],[75.445,36.88],[75.42,36.885],[75.41,36.915],[75.425,36.95],[75.41,36.965],[75.375,36.96],[75.345,37],[75.345,37.05],[75.28,37.045],[75.265,37.05],[75.2,37.02],[75.17,36.985],[75.135,36.955],[75.085,36.94],[75.06,36.96],[75.02,36.975],[74.94,36.935],[74.915,36.91],[74.885,36.945],[74.845,36.99],[74.835,37.025],[74.78,37.03],[74.75,37.01],[74.725,37.025],[74.71,37.075],[74.66,37.055],[74.58,37.045],[74.59,37.03],[74.58,36.95],[74.555,36.955],[74.535,36.985],[74.475,36.99],[74.43,36.99],[74.42,36.975],[74.365,36.955],[74.31,36.915],[74.26,36.885],[74.175,36.905],[74.16,36.89],[74.145,36.845],[74.125,36.83],[74.09,36.84],[74.05,36.805],[74.025,36.825],[74,36.825],[73.97,36.84],[73.935,36.875],[73.915,36.87],[73.88,36.895],[73.81,36.895],[73.71,36.91],[73.69,36.91],[73.68,36.885],[73.72,36.855],[73.725,36.83],[73.81,36.81],[73.835,36.785],[73.865,36.79],[73.9,36.75],[73.9,36.705],[73.865,36.7],[73.81,36.715],[73.79,36.705],[73.725,36.71],[73.7,36.685],[73.655,36.695],[73.605,36.7],[73.605,36.715],[73.53,36.72],[73.51,36.715],[73.48,36.735],[73.435,36.745],[73.415,36.735],[73.37,36.73],[73.36,36.715],[73.315,36.705],[73.25,36.71],[73.21,36.7],[73.195,36.72],[73.13,36.69],[73.085,36.68],[73.09,36.64],[73.11,36.61],[73.06,36.535],[73.02,36.525],[72.99,36.495],[72.99,36.455],[72.96,36.465],[72.92,36.46],[72.875,36.435],[72.89,36.395],[72.865,36.37],[72.835,36.365],[72.815,36.34],[72.78,36.31],[72.75,36.305],[72.725,36.285],[72.665,36.265],[72.635,36.275],[72.595,36.265],[72.585,36.23],[72.565,36.215],[72.55,36.18],[72.575,36.15],[72.535,36.115],[72.53,36.07],[72.55,36.055],[72.585,36.05],[72.595,36.025],[72.575,35.995],[72.555,35.995],[72.55,35.965],[72.53,35.95],[72.535,35.915],[72.57,35.905],[72.595,35.875],[72.645,35.865],[72.69,35.83],[72.725,35.855],[72.75,35.855],[72.775,35.845],[72.8,35.865],[72.825,35.875],[72.9,35.88],[72.905,35.855],[72.93,35.845],[72.985,35.86],[73.035,35.855],[73.08,35.885],[73.15,35.84],[73.135,35.785],[73.13,35.74],[73.14,35.72],[73.185,35.685],[73.215,35.675],[73.27,35.63],[73.37,35.605],[73.405,35.565],[73.48,35.575],[73.5,35.565],[73.53,35.57],[73.555,35.555],[73.605,35.56],[73.635,35.57],[73.67,35.55],[73.72,35.555],[73.735,35.535],[73.785,35.525],[73.795,35.46],[73.74,35.425],[73.7,35.36],[73.7,35.325],[73.725,35.28],[73.715,35.23],[73.73,35.215],[73.775,35.245],[73.81,35.24],[73.845,35.23],[73.865,35.21],[73.915,35.21],[73.965,35.175],[73.99,35.185],[74.045,35.145],[74.075,35.155],[74.1,35.145],[74.135,35.105]]]},"properties":{"ST_NM":"Ladakh"}}
]}